name,element_type,length_chord,tilt,angle,dtheta,dphi,dpsi,dpsi_no_tilt,dx,dy,ds,single_point,ds_exit_requested,ds_exit_rigid,ds_exit_dropped
QNL.X0220034,Quadrupole,2.99,0.0,0.0,0.001003344649949934,0.0,0.0,0.0,-0.0015,0.0,0.0,False,0.0,-1.5050171011665725e-06,1.5050171011665725e-06
QNL.X0220049,Quadrupole,2.99,0.0,0.0,0.002006690309969194,0.0,0.0,0.0,-0.003,0.0,0.0,False,0.0,-6.020072949919353e-06,6.020072949919353e-06
MBNV.X0220053,RBend,5.0,1.5707963267948966,-0.00683713374742509,0.0,0.0,1.5707963267948966,0.0,3.673918929528016e-19,0.005999964940235735,-2.05113612908768e-05,False,0.0,0.0,0.0
MBNV.X0220059,RBend,5.0,1.5707963267948966,-0.00683713374742509,0.0,0.0,1.5707963267948966,0.0,1.2246396431760054e-19,0.0019999883134119113,-6.837120430292267e-06,False,0.0,0.0,0.0
MBNV.X0220065,RBend,5.0,1.5707963267948966,-0.00683713374742509,0.0,0.0,1.5707963267948966,0.0,-6.123198215880027e-20,-0.0009999941567059556,3.4185602151461335e-06,False,0.0,0.0,0.0
XCSH.X0220068,Drift,1.0,0.0,0.0,0.016000682745321855,0.0,0.0,0.0,-0.008,0.0,0.0,False,0.0,-0.00012800819304881195,0.00012800819304881195
MBNV.X0220071,RBend,5.0,1.5707963267948966,-0.00683713374742509,0.0,0.0,1.5707963267948966,0.0,-1.2246396431760054e-18,-0.019999883134119115,6.837120430292267e-05,False,0.0,0.0,0.0
MBNV.X0220077,RBend,5.0,1.5707963267948966,-0.00683713374742509,0.0,0.0,1.5707963267948966,0.0,-6.123198215880027e-18,-0.09999941567059557,0.00034185602151461336,False,0.0,0.0,0.0
MBNV.X0220083,RBend,5.0,1.5707963267948966,-0.00683713374742509,0.0,0.0,1.5707963267948966,0.0,-1.2559586475513598e-21,-2.05113612908768e-05,-0.005999964940235735,False,-0.006,-0.006000000000000227,2.2724877535296173e-16
QNL.X0220097,Quadrupole,2.99,0.0,0.0,0.0,-0.00013377926461308564,0.0,0.0,0.0,0.0002,0.0,False,0.0,-2.67558530886447e-08,2.67558530886447e-08
MBXHC.X0220117,RBend,2.5,0.0,-0.0025377072326041032,0.0,0.0,0.0,0.0,-2.5377065516571587e-06,0.0,-0.0019999983900107162,False,-0.002,-0.0019999999999997797,-2.203098814490545e-16
MBXHC.X0220120,RBend,2.5,0.0,-0.0025377072326041032,0.0,0.0,0.0,0.0,1.2688532758285793e-06,0.0,0.0009999991950053581,False,0.001,0.0009999999999998899,1.1015494072452725e-16
MBXHC.X0220123,RBend,2.5,0.0,-0.0025377072326041032,0.0,0.0,0.0,0.0,2.5377065516571587e-05,0.0,0.019999983900107165,False,0.02,0.020000000000000018,-1.734723475976807e-17
MBXHC.X0220127,RBend,2.5,0.0,-0.0025377072326041032,0.0,0.0,0.0,0.0,0.00012688532758285792,0.0,0.09999991950053583,False,0.1,0.10000000000000009,-8.326672684688674e-17
XSCI.X0220130,Drift,0.1,0.0,0.0,0.0,0.0,-0.004,-0.004,0.0,0.002,0.0,True,0.0,0.0,0.0
XCHV.X0220130,Drift,1.0,0.0,0.0,0.0,-0.004000010666743469,0.0,0.0,0.0,0.002,0.0,False,0.0,-8.000032000299306e-06,8.000032000299306e-06
QNL.X0220132,Quadrupole,2.99,0.0,0.0,0.0,-0.002006690309969194,0.0,0.0,0.0,0.003,0.0,False,0.0,-6.020072949919353e-06,6.020072949919353e-06
LSX.X0220134,Sextupole,0.7,0.0,0.0,0.0,-0.011428820228423422,0.0,0.0,0.0,0.004,0.0,False,0.0,-4.5715778523192085e-05,4.5715778523192085e-05
MBXHC.X0220137,RBend,2.5,0.0,-0.0025377072326041032,0.0,0.0,0.0,0.0,0.0,-0.006,0.0,False,0.0,0.0,0.0
MBXHC.X0220141,RBend,2.5,0.0,-0.0025377072326041032,0.0,0.0,0.0,0.0,0.0,-0.002,0.0,False,0.0,0.0,0.0
MBXHC.X0220144,RBend,2.5,0.0,-0.0025377072326041032,0.0,0.0,0.0,0.0,0.0,0.001,0.0,False,0.0,0.0,0.0
MBXHC.X0220147,RBend,2.5,0.0,-0.0025377072326041032,0.0,0.0,0.0,0.0,0.0,0.02,0.0,False,0.0,0.0,0.0
QNL.X0220167,Quadrupole,2.99,0.0,0.0,0.0,-0.033451054175702946,0.0,0.0,0.0,0.05,0.0,False,0.0,-0.0016727086880190534,0.0016727086880190534
QNL.X0220177,Quadrupole,2.99,0.0,0.0,0.0,-0.0669396126571886,0.0,0.0,0.0,0.1,0.0,False,0.0,-0.0066964619737399644,0.0066964619737399644
XCSV.X0220179,Drift,1.0,0.0,0.0,0.0,0.0,0.0,0.0,0.1,0.0,0.0,False,0.0,0.0,0.0
LSX.X0220195,Sextupole,0.7,0.0,0.0,0.0,0.0,0.0,0.0,0.05,0.0,0.0,False,0.0,0.0,0.0
XCHV.X0220196,Drift,1.0,0.0,0.0,0.0,0.0,0.0,0.0,0.02,0.0,0.0,False,0.0,0.0,0.0
LSX.X0220197,Sextupole,0.7,0.0,0.0,0.0,0.0,0.0,0.0,0.006,0.0,0.0,False,0.0,0.0,0.0
XCSV.X0220213,Drift,1.0,0.0,0.0,0.0,0.0,0.0,0.0,-0.001,0.0,0.0,False,0.0,0.0,0.0
QNL.X0220215,Quadrupole,2.99,0.0,0.0,0.0,0.0,0.0,0.0,-0.006,0.0,0.0,False,0.0,0.0,0.0
QNL.X0220225,Quadrupole,2.99,0.0,0.0,0.0,0.0,0.0,0.0,-0.02,0.0,0.0,False,0.0,0.0,0.0
XSCI.X0220256,Drift,0.1,0.0,0.0,0.0,0.0,-0.005,-0.005,0.0,0.002,0.0,True,0.0,0.0,0.0
XFFV.X0220257,Drift,0.276,0.0,0.0,0.0,0.0,0.0,0.0,-0.1,0.0,0.0,False,0.0,0.0,0.0
XFFH.X0220258,Drift,0.276,0.0,0.0,0.0,0.0,0.0,0.0,-0.05,0.0,0.0,False,0.0,0.0,0.0
QNL.X0220260,Quadrupole,2.99,0.0,0.0,0.0,0.0,0.0,0.0,0.0,0.0,-0.1,False,-0.1,-0.10000000000000009,8.326672684688674e-17
XFFH.X0220262,Drift,0.276,0.0,0.0,0.0,0.0,0.0,0.0,0.0,0.0,-0.05,False,-0.05,-0.04999999999999999,-1.3877787807814457e-17
QNL.X0220295,Quadrupole,2.99,0.0,0.0,0.0,0.0,0.0,0.0,0.0,0.0,-0.02,False,-0.02,-0.020000000000000018,1.734723475976807e-17
QNL.X0220305,Quadrupole,2.99,0.0,0.0,0.0,0.0,0.0,0.0,0.0,0.0,-0.006,False,-0.006,-0.005999999999999783,-2.1684043449710089e-16
MBNV.X0220309,RBend,5.0,1.5707963267948966,0.006851985375751005,0.0,0.0,1.5707963267948966,0.0,-0.1,6.123233995736766e-18,0.0,False,0.0,0.0,0.0
MBNV.X0220315,RBend,5.0,1.5707963267948966,0.006851985375751005,4.898582051115266e-20,0.0008000000853333579,1.5707963267948966,0.0,-1.2246396120538552e-19,-0.0019999882625855833,-6.851971971647105e-06,False,0.0,-1.600000255841394e-06,1.600000255841394e-06
MBNV.X0220321,RBend,5.0,1.5707963267948966,0.006851985375751005,4.898676825015284e-19,0.008000085335791027,1.5707963267948966,0.0,-1.2246396120538553e-18,-0.019999882625855833,-6.851971971647104e-05,False,0.0,-0.00016000256008208424,0.00016000256008208424
XFFV.X0220323,Drift,0.276,0.0,0.0,0.0,0.0,0.0,0.0,0.0,0.0,0.05,False,0.05,0.04999999999999999,1.3877787807814457e-17
XFFH.X0220324,Drift,0.276,0.0,0.0,0.0,0.0,0.0,0.0,0.0,0.0,0.02,False,0.02,0.020000000000000018,-1.734723475976807e-17
MBNV.X0220327,RBend,5.0,1.5707963267948966,0.006851985375751005,0.000803428840902098,0.0007999994686549716,1.5697963267948967,-0.0009999999999998899,-0.002,-0.0020068402345572306,0.001993136290613936,False,0.002,0.001996799998975618,3.200001024382046e-06
MBNV.X0220333,RBend,5.0,1.5707963267948966,0.006851985375751005,0.0008000047803251759,1.0963221250964716e-09,1.5707963267948966,0.0,-0.002,1.2246467991473531e-19,0.0,False,0.0,-1.600000255841394e-06,1.600000255841394e-06
MBNV.X0220339,RBend,5.0,1.5707963267948966,0.006851985375751005,0.00800013228422179,1.0963394909664982e-07,1.5707963267948966,0.0,-0.02,1.2246467991473532e-18,0.0,False,0.0,-0.00016000256008208424,0.00016000256008208424
QNL.X0220343,Quadrupole,2.99,0.0,0.0,0.0,0.0,0.0,0.0,0.0,-0.02,0.0,False,0.0,0.0,0.0
QNL.X0220353,Quadrupole,2.99,0.0,0.0,0.0,0.0,0.0,0.0,0.0,-0.006,0.0,False,0.0,0.0,0.0
QNL.X0220370,Quadrupole,2.99,0.0,0.0,0.0,0.0,0.0,0.0,0.0,-0.002,0.0,False,0.0,0.0,0.0
XSCI.X0220374,Drift,0.1,0.0,0.0,0.0,0.0,-0.002,-0.002,-0.002,0.0,0.002,True,0.002,0.0020000000000000018,-1.734723475976807e-18
MBNH.X0220377,RBend,5.0,0.0,0.007196138994791374,2.881926808151643e-06,-0.040010933484856806,0.0,0.0,0.0,0.1,0.0,False,0.0,-0.004001601281281353,0.004001601281281353
MBNH.X0220382,RBend,5.0,0.0,0.007196138994791374,0.0,0.0,0.0,0.0,-0.019999870539098588,0.02,-7.196123467807324e-05,False,0.0,0.0,0.0
XCSV.X0220386,Drift,1.0,0.0,0.0,0.0,0.0,0.0,0.0,0.0,0.05,0.0,False,0.0,0.0,0.0
MBXGD.X0220389,RBend,3.0,0.0,0.0,0.0,0.0,0.0,0.0,-0.002,0.002,0.002,False,0.002,0.0019999999999997797,2.203098814490545e-16
MBNH.X0220394,RBend,5.0,0.0,0.007196138994791374,0.0,0.0,0.0,0.0,-0.006021549532132998,0.006,0.005978372791326155,False,0.006,0.006000000000000227,-2.2724877535296173e-16
MBNH.X0220399,RBend,5.0,0.0,0.007196138994791374,-1.799042361697728e-09,-3.5980844247738588e-06,-0.001,-0.001,0.0,0.0,0.0,False,0.0,0.0,0.0
XFFV.X0220402,Drift,0.276,0.0,0.0,0.0,0.0,0.0,0.0,-0.05,0.0,0.05,False,0.05,0.04999999999999999,1.3877787807814457e-17
XFFH.X0220403,Drift,0.276,0.0,0.0,0.0,0.0,0.0,0.0,-0.002,0.002,0.0,False,0.0,0.0,0.0
QNL.X0220423,Quadrupole,2.99,0.0,0.0,0.0,0.0,0.0,0.0,-0.006,0.006,0.0,False,0.0,0.0,0.0
MBXHD.X0220432,Bend,2.5,1.5707963267948966,0.0,0.0,0.0,1.5717963267948964,0.0009999999999998899,0.0,0.0,0.0,False,0.0,0.0,0.0
XFFV.X0220441,Drift,0.276,0.0,0.0,0.0,0.0,0.0,0.0,0.0,0.002,0.002,False,0.002,0.0020000000000000018,-1.734723475976807e-18
XFFH.X0220442,Drift,0.276,0.0,0.0,0.0,0.0,0.0,0.0,-0.05,0.05,0.0,False,0.0,0.0,0.0
XSCI.X0220446,Drift,0.1,0.0,0.0,0.0,0.0,-0.004,-0.004,-0.002,0.0,0.002,True,0.002,0.0020000000000000018,-1.734723475976807e-18
XEMC.X0220447,Drift,0.8,0.0,0.0,0.0,0.0,0.0,0.0,0.0,0.02,0.02,False,0.02,0.020000000000000018,-1.734723475976807e-17
XCHV.X0220452,Drift,1.0,0.0,0.0,0.0,0.0,0.0,0.0,-0.002,0.002,0.002,False,0.002,0.0020000000000000018,-1.734723475976807e-18
XSCI.X0220453,Drift,0.1,0.0,0.0,0.0,0.0,-0.005,-0.005,-0.002,0.0,0.002,True,0.002,0.0020000000000000018,-1.734723475976807e-18
QNL.X0220476,Quadrupole,2.99,0.0,0.0,0.0,0.0,0.0,0.0,-0.006,0.006,0.006,False,0.006,0.005999999999999783,2.1684043449710089e-16
QNL.X0220479,Quadrupole,2.99,0.0,0.0,0.0,0.0,0.0,0.0,-0.02,0.02,0.02,False,0.02,0.020000000000000018,-1.734723475976807e-17
XSCI.X0220481,Drift,0.1,0.0,0.0,0.0,0.0,-0.002,-0.002,-0.002,0.002,0.0,True,0.0,0.0,0.0
XFFV.X0220483,Drift,0.276,0.0,0.0,0.0,0.0,-0.003,-0.003,0.0,0.0,0.0,False,0.0,0.0,0.0
XFFH.X0220483,Drift,0.276,0.0,0.0,0.0,0.0,-0.002,-0.002,0.0,0.0,0.0,False,0.0,0.0,0.0
XDWC.X0220483,Drift,0.06,0.0,0.0,0.0,0.0,-0.003,-0.003,-0.002,0.002,0.0,True,0.0,0.0,0.0
MBHHE.X0220496,RBend,2.0,0.0,0.0,0.0,0.0,-0.001,-0.001,-0.002,0.0,0.0,False,0.0,0.0,0.0
XDWC.X0220496,Drift,0.06,0.0,0.0,0.0,0.0,-0.004,-0.004,-0.002,0.002,0.0,True,0.0,0.0,0.0
XDWC.X0220500,Drift,0.06,0.0,0.0,0.0,0.0,-0.005,-0.005,-0.002,0.002,0.0,True,0.0,0.0,0.0
QNL.X0220526,Quadrupole,2.99,0.0,0.0,0.0,0.0,-0.005,-0.005,0.0,0.0,0.0,False,0.0,0.0,0.0
QNL.X0220538,Quadrupole,2.99,0.0,0.0,0.0,0.0,0.001,0.001,0.0,0.0,0.0,False,0.0,0.0,0.0
XSCI.X0220540,Drift,0.1,0.0,0.0,0.0,0.0,-0.001,-0.001,0.0,0.002,0.002,True,0.002,0.0020000000000000018,-1.734723475976807e-18
XSCI.X0220596,Drift,0.1,0.0,0.0,0.0,0.0,-0.002,-0.002,0.0,0.002,0.002,True,0.002,0.0020000000000000018,-1.734723475976807e-18
MBHHE.X0220635,RBend,2.0,0.0,0.013600230936511816,-3.40010985946243e-09,-6.800219152725884e-06,-0.001,-0.001,-1.3600126120748148e-05,0.0,0.0019999537586078086,False,0.002,0.0019999999999997797,2.203098814490545e-16
MBHHE.X0220652,RBend,2.0,0.0,0.013600230936511816,-3.40010985946243e-09,-6.800219152725884e-06,-0.001,-0.001,0.0,0.002,0.0,False,0.0,0.0,0.0
XSCI.X0220680,Drift,0.1,0.0,0.0,0.0,0.0,-0.005,-0.005,0.0,0.002,0.002,True,0.002,0.0020000000000000018,-1.734723475976807e-18
MQNFB.X0220683,Quadrupole,2.0,-0.5793565921081608,0.0,0.0,0.0,-0.5753565921081608,0.0040000000000000036,0.0,0.0,0.0,False,0.0,0.0,0.0
MQNFB.X0220686,Quadrupole,2.0,-0.5793565921081608,0.0,0.0,0.0,-0.5743565921081608,0.0050000000000000044,0.0,0.0,0.0,False,0.0,0.0,0.0
XBTF.X0220687,Drift,0.152,0.9914397346867357,0.0,0.0,0.0,0.9904397346867357,-0.0010000000000000009,-0.0010949712734501468,-0.0016736301593598762,0.0,False,0.0,0.0,0.0
MQNEE.X0220689,Quadrupole,1.0,-0.5793565921081608,0.0,0.0,0.0,-0.5813565921081608,-0.0020000000000000018,-0.0016736301593598762,0.0010949712734501466,0.0,False,0.0,0.0,0.0
MBHHE.X0220692,RBend,2.0,0.9914397346867357,0.12004656222277782,5.027237718445432e-05,-3.29265722639957e-05,0.9904397346867357,-0.0010000000000000009,-0.0011586836982581832,-0.001771012655385269,0.001876423795909644,False,0.002,0.0019999999999997797,2.203098814490545e-16
XCSH.X0220694,Drift,1.0,0.9947844037808626,0.0,0.0,0.0,0.9907844037808626,-0.0040000000000000036,-0.0010893674202051148,-0.0016772831078251677,0.0,False,0.0,0.0,0.0
MQNFB.X0220696,Quadrupole,2.0,-0.5760119230140339,0.0,0.0,0.0,-0.5810119230140339,-0.0050000000000000044,-0.0016772831078251677,0.0010893674202051148,0.0,False,0.0,0.0,0.0
XBPF.X0220697,Drift,0.152,0.9947844037808626,0.0,0.0,0.0,0.9937844037808626,-0.0010000000000000009,0.0,0.0,0.002,False,0.002,0.0020000000000000018,-1.734723475976807e-18
MBHHE.X0220699,RBend,2.0,0.9947844037808626,0.12004656222277782,5.038222415163634e-05,-3.275824386007875e-05,0.9937844037808626,-0.0010000000000000009,-0.0017426312588980533,0.0009887518263391626,0.0019963982872719453,False,0.002,0.0019999999999997797,2.203098814490545e-16
XBPF.X0220701,Drift,0.152,1.0045144037808627,0.0,0.0,0.0,1.0015144037808628,-0.0029999999999998916,0.0,0.0,0.002,False,0.002,0.0020000000000000018,-1.734723475976807e-18
MQNEE.X0220703,Quadrupole,1.0,-0.5662819230140339,0.0,0.0,0.0,-0.5702819230140339,-0.0040000000000000036,0.0,0.0,0.002,False,0.002,0.0020000000000000018,-1.734723475976807e-18
MQNEE.X0220704,Quadrupole,1.0,-0.5662819230140339,0.0,0.0,0.0,-0.5712819230140339,-0.0050000000000000044,0.0,0.0,0.002,False,0.002,0.0020000000000000018,-1.734723475976807e-18
MBHGG.X0220706,RBend,1.0,-0.015684920215749312,0.02770434710223581,-2.242008663548567e-07,-1.3851244641553163e-05,-0.016684920215749313,-0.0010000000000000009,-0.001995893631509198,0.002031554041785079,0.0019721046592429447,False,0.002,0.0020000000000000018,-1.734723475976807e-18
XBPF.X0220707,Drift,0.152,0.019910262,0.0,0.0,0.0,0.017910262000000003,-0.0019999999999999983,-3.9817893119863075e-05,0.0019996035945625563,0.0,False,0.0,0.0,0.0
XBPF.X0220716,Drift,0.152,0.019910262,0.0,0.0,0.0,0.016910262000000002,-0.002999999999999999,-3.9817893119863075e-05,0.0019996035945625563,0.0,False,0.0,0.0,0.0
