Accl.,Zone,Elément,X (m),Y (m),Z (m),Dist. cumul. (m),Longueur (m),1/2 Déflexion (rad),Gisement (gon),Pente faisceau Z (rad),Roll faisceau Z (rad),Corhgeo (m),Date_Calcul,Comm,Type longueur,Id point ,Id SU assemb.,Id slot,Nom Layout,Layout type,Source,lien SIG,lien Layout
H4TEST,TCC2,H4TEST.-.E,669.234140,4590.727900,2441.574200,0.000000,,0.000000000,7.4198240,-0.000370000,0.000000000,0.000000,09-SEP-2026,,Magnétique,840442,,,H4TEST$START,,https://edms.cern.ch/document/3410680/0.4,,
H4TEST,TCC2,TBACA.X0200000.E,669.234140,4590.727900,2441.574200,0.000000,,0.000000000,7.4198240,-0.000370000,0.000000000,0.000000,09-SEP-2026,,Magnétique,840329,56309981,56309981,TBACA.X0200000,SPTBACA,https://edms.cern.ch/document/3410680/0.4,,
H4TEST,TCC2,TBACA.X0200000.S,669.234140,4590.727900,2441.574200,0.000001,0.000001,0.000000000,7.4198240,-0.000370000,0.000000000,0.000000,09-SEP-2026,,Magnétique,840379,56309981,56309981,TBACA.X0200000,SPTBACA,https://edms.cern.ch/document/3410680/0.4,,
H4TEST,TCC2,TBID.230950.E,669.274840,4591.075525,2441.574071,0.350000,,0.000000000,7.4198240,-0.000370000,0.000000000,0.000000,09-SEP-2026,,Magnétique,840336,46651909,46651909,TBID.230950,SPTBID_,https://edms.cern.ch/document/3410680/0.4,,
H4TEST,TCC2,TBID.230950.S,669.303912,4591.323829,2441.573978,0.600000,0.250000,0.000000000,7.4198240,-0.000370000,0.000000000,0.000000,09-SEP-2026,,Magnétique,840570,46651909,46651909,TBID.230950,SPTBID_,https://edms.cern.ch/document/3410680/0.4,,
H4TEST,TCC2,TCMAA.X0200001.E,669.309726,4591.373490,2441.573960,0.650000,,0.000000000,7.4198240,-0.000370000,0.000000000,0.000000,09-SEP-2026,,Magnétique,840584,56992098,56992098,TCMAA.X0200001,SPTCMAA,https://edms.cern.ch/document/3410680/0.4,,
H4TEST,TCC2,TCMAA.X0200001.S,669.356241,4591.770776,2441.573812,1.050000,0.400000,0.000000000,7.4198240,-0.000370000,0.000000000,0.000000,09-SEP-2026,,Magnétique,840594,56992098,56992098,TCMAA.X0200001,SPTCMAA,https://edms.cern.ch/document/3410680/0.4,,
H4TEST,TCC2,XVW.X0200001.E,669.362148,4591.821232,2441.573793,1.100800,,0.000000000,7.4198240,-0.000370000,0.000000000,0.000000,09-SEP-2026,,Magnétique,840361,57601341,57601341,XVW.X0200001,SPXVWAI001,https://edms.cern.ch/document/3410680/0.4,,
H4TEST,TCC2,XVW.X0200001.S,669.362172,4591.821430,2441.573793,1.101000,0.000200,0.000000000,7.4198240,-0.000370000,0.000000000,0.000000,09-SEP-2026,,Magnétique,840296,57601341,57601341,XVW.X0200001,SPXVWAI001,https://edms.cern.ch/document/3410680/0.4,,
H4TEST,TCC2,MBSA.X0200003.E,669.395197,4592.103504,2441.573688,1.385000,,0.000000000,7.4198240,-0.000370000,0.000000000,0.000000,09-SEP-2026,,Magnétique,840565,56477726,56477726,MBSA.X0200003,SPMTN__HWP,https://edms.cern.ch/document/3410680/0.4,,
H4TEST,TCC2,MBSA.X0200003.S,669.837086,4595.877723,2441.572282,5.185000,3.800000,0.000000000,7.4198240,-0.000370000,0.000000000,0.000000,09-SEP-2026,,Magnétique,840223,56477726,56477726,MBSA.X0200003,SPMTN__HWP,https://edms.cern.ch/document/3410680/0.4,,
H4TEST,TCC2,MBSA.X0200007.E,669.940581,4596.761685,2441.571952,6.075000,,0.000000000,7.4198240,-0.000370000,0.000000000,0.000000,09-SEP-2026,,Magnétique,840511,56477749,56477749,MBSA.X0200007,SPMTN__HWP,https://edms.cern.ch/document/3410680/0.4,,
H4TEST,TCC2,MBSA.X0200007.S,670.382470,4600.535904,2441.570546,9.875000,3.800000,0.000000000,7.4198240,-0.000370000,0.000000000,0.000000,09-SEP-2026,,Magnétique,840455,56477749,56477749,MBSA.X0200007,SPMTN__HWP,https://edms.cern.ch/document/3410680/0.4,,
H4TEST,TCC2,XVW.X0200021.E,671.724627,4611.999400,2441.566276,21.416800,,0.000000000,7.4198240,-0.000370000,0.000000000,0.000000,09-SEP-2026,,Magnétique,840297,57570058,57570058,XVW.X0200021,SPXVWAE001,https://edms.cern.ch/document/3410680/0.4,,
H4TEST,TCC2,XVW.X0200021.S,671.724651,4611.999599,2441.566276,21.417000,0.000200,0.000000000,7.4198240,-0.000370000,0.000000000,0.000000,09-SEP-2026,,Magnétique,840493,57570058,57570058,XVW.X0200021,SPXVWAE001,https://edms.cern.ch/document/3410680/0.4,,
H4TEST,TCC2,XTAX.X0220023.E,671.786771,4612.530175,2441.566078,21.951200,,0.000000000,7.4198240,-0.000370000,0.000000000,0.000000,09-SEP-2026,,Magnétique,840273,57112661,57112661,XTAX.X0220023,SPXTAX_003,https://edms.cern.ch/document/3410680/0.4,,
H4TEST,TCC2,XTAX.X0220023.S,671.974574,4614.134218,2441.565481,23.566200,1.615000,0.000000000,7.4198240,-0.000370000,0.000000000,0.000000,09-SEP-2026,,Magnétique,840475,57112661,57112661,XTAX.X0220023,SPXTAX_003,https://edms.cern.ch/document/3410680/0.4,,
H4TEST,TCC2,XTAX.X0220025.E,671.976900,4614.154082,2441.565473,23.586200,,0.000000000,7.4198240,-0.000370000,0.000000000,0.000000,09-SEP-2026,,Magnétique,840514,57112679,57112679,XTAX.X0220025,SPXTAX_004,https://edms.cern.ch/document/3410680/0.4,,
H4TEST,TCC2,XTAX.X0220025.S,672.164703,4615.758126,2441.564876,25.201200,1.615000,0.000000000,7.4198240,-0.000370000,0.000000000,0.000000,09-SEP-2026,,Magnétique,840537,57112679,57112679,XTAX.X0220025,SPXTAX_004,https://edms.cern.ch/document/3410680/0.4,,
H4TEST,TCC2,XCIO.X0220026.E,672.173285,4615.831425,2441.564848,25.275000,,0.000000000,7.4198240,-0.000370000,0.000000000,0.000000,09-SEP-2026,,Magnétique,840402,57372026,57372026,XCIO.X0220026,SPXCIOP001,https://edms.cern.ch/document/3410680/0.4,,
H4TEST,TCC2,XCIO.X0220026.S,672.184913,4615.930747,2441.564811,25.375000,0.100000,0.000000000,7.4198240,-0.000370000,0.000000000,0.000000,09-SEP-2026,,Magnétique,840605,57372026,57372026,XCIO.X0220026,SPXCIOP001,https://edms.cern.ch/document/3410680/0.4,,
H4TEST,TCC2,XVW.X0220025.E,672.192466,4615.995256,2441.564787,25.439950,,0.000000000,7.4198240,-0.000370000,0.000000000,0.000000,09-SEP-2026,,Magnétique,840303,57601744,57601744,XVW.X0220025,SPXVWAD001,https://edms.cern.ch/document/3410680/0.4,,
H4TEST,TCC2,XVW.X0220025.S,672.192478,4615.995355,2441.564787,25.440050,0.000100,0.000000000,7.4198240,-0.000370000,0.000000000,0.000000,09-SEP-2026,,Magnétique,840260,57601744,57601744,XVW.X0220025,SPXVWAD001,https://edms.cern.ch/document/3410680/0.4,,
H4TEST,TCC2,MSN.X0220027.E,672.219218,4616.223745,2441.564702,25.670000,,-0.001479000,7.4198240,-0.000370000,0.000000000,0.000000,09-SEP-2026,,Magnétique,840467,57372109,57372109,MSN.X0220027,SPMSN__,https://edms.cern.ch/document/3410680/0.4,,
H4TEST,TCC2,MSN.X0220027.S,672.596035,4619.401481,2441.563518,28.870001,3.200001,-0.001479000,7.6081360,-0.000370000,0.000000000,0.000000,09-SEP-2026,,Magnétique,840283,57372109,57372109,MSN.X0220027,SPMSN__,https://edms.cern.ch/document/3410680/0.4,,
H4TEST,TCC2,MSN.X0220031.E,672.652667,4619.873093,2441.563342,29.345001,,-0.001671000,7.6081360,-0.000370000,0.000001094,0.000000,09-SEP-2026,,Magnétique,840552,57372148,57372148,MSN.X0220031,SPMSN__,https://edms.cern.ch/document/3410680/0.4,,
H4TEST,TCC2,MSN.X0220031.S,673.039492,4623.049627,2441.562158,32.545003,3.200001,-0.001671000,7.8208950,-0.000370000,0.000001094,0.000000,09-SEP-2026,,Magnétique,840452,57372148,57372148,MSN.X0220031,SPMSN__,https://edms.cern.ch/document/3410680/0.4,,
H4TEST,TCC2,QNL.X0220034.E,673.100763,4623.545858,2441.561973,33.045003,,0.000000000,7.8208950,-0.000370000,0.000002331,0.000000,09-SEP-2026,,Magnétique,840274,56047727,56047727,QNL.X0220034,SPQNL__8WP,https://edms.cern.ch/document/3410680/0.4,,
H4TEST,TCC2,QNL.X0220034.S,673.467162,4626.513324,2441.560867,36.035003,2.990000,0.000000000,7.8208950,-0.000370000,0.000002331,0.000000,09-SEP-2026,,Magnétique,840279,56047727,56047727,QNL.X0220034,SPQNL__8WP,https://edms.cern.ch/document/3410680/0.4,,
H4TEST,TCC2,QNL.X0220041.E,673.938947,4630.334307,2441.559443,39.885003,,0.000000000,7.8208950,-0.000370000,0.000002331,0.000000,09-SEP-2026,,Magnétique,840494,56047860,56047860,QNL.X0220041,SPQNL__8WP,https://edms.cern.ch/document/3410680/0.4,,
H4TEST,TCC2,QNL.X0220041.S,674.305346,4633.301773,2441.558336,42.875003,2.990000,0.000000000,7.8208950,-0.000370000,0.000002331,0.000000,09-SEP-2026,,Magnétique,840476,56047860,56047860,QNL.X0220041,SPQNL__8WP,https://edms.cern.ch/document/3410680/0.4,,
H4TEST,TCC2,QNL.X0220049.E,674.840853,4637.638837,2441.556719,47.245003,,0.000000000,7.8208950,-0.000370000,0.000002331,0.000000,09-SEP-2026,,Magnétique,840356,56047896,56047896,QNL.X0220049,SPQNL__8WP,https://edms.cern.ch/document/3410680/0.4,,
H4TEST,TCC2,QNL.X0220049.S,675.207252,4640.606303,2441.555613,50.235003,2.990000,0.000000000,7.8208950,-0.000370000,0.000002331,0.000000,09-SEP-2026,,Magnétique,840512,56047896,56047896,QNL.X0220049,SPQNL__8WP,https://edms.cern.ch/document/3410680/0.4,,
H4TEST,TCC2,MBNV.X0220053.E,675.274650,4641.152158,2441.555410,50.785003,,0.003418567,7.8208950,-0.000370000,-1.570793996,0.000000,09-SEP-2026,,Magnétique,840325,57372253,57372253,MBNV.X0220053,SPMBNV_HWP,https://edms.cern.ch/document/3410680/0.4,,
H4TEST,TCC2,MBNV.X0220053.S,675.887355,4646.114451,2441.570653,55.785012,5.000010,0.003418567,7.8208940,0.006467000,-1.570793996,0.000000,09-SEP-2026,,Magnétique,840459,57372253,57372253,MBNV.X0220053,SPMBNV_HWP,https://edms.cern.ch/document/3410680/0.4,,
H4TEST,TCC2,MBNV.X0220059.E,675.968230,4646.769464,2441.574921,56.445012,,0.003418567,7.8208940,0.006467000,-1.570793996,0.000000,09-SEP-2026,,Magnétique,840269,57373055,57373055,MBNV.X0220059,SPMBNV_HWP,https://edms.cern.ch/document/3410680/0.4,,
H4TEST,TCC2,MBNV.X0220059.S,676.580908,4651.731538,2441.624349,61.445022,5.000010,0.003418567,7.8208930,0.013304000,-1.570793996,0.000000,09-SEP-2026,,Magnétique,840304,57373055,57373055,MBNV.X0220059,SPMBNV_HWP,https://edms.cern.ch/document/3410680/0.4,,
H4TEST,TCC2,MBNV.X0220065.E,676.661778,4652.386506,2441.633129,62.105022,,0.003418567,7.8208930,0.013304000,-1.570793996,0.000000,09-SEP-2026,,Magnétique,840571,57373091,57373091,MBNV.X0220065,SPMBNV_HWP,https://edms.cern.ch/document/3410680/0.4,,
H4TEST,TCC2,MBNV.X0220065.S,677.274400,4657.348129,2441.716739,67.105032,5.000010,0.003418567,7.8208920,0.020141000,-1.570793996,0.000000,09-SEP-2026,,Magnétique,840585,57373091,57373091,MBNV.X0220065,SPMBNV_HWP,https://edms.cern.ch/document/3410680/0.4,,
H4TEST,TCC2,XCSH.X0220068.E,677.324019,4657.749995,2441.724896,67.510032,,0.000000000,7.8208920,0.020141000,0.000002331,0.000000,09-SEP-2026,,Magnétique,840601,56051851,56051851,XCSH.X0220068,SPXCSH_001,https://edms.cern.ch/document/3410680/0.4,,
H4TEST,TCC2,XCSH.X0220068.S,677.446536,4658.742257,2441.745036,68.510032,1.000000,0.000000000,7.8208920,0.020141000,0.000002331,0.000000,09-SEP-2026,,Magnétique,840435,56051851,56051851,XCSH.X0220068,SPXCSH_001,https://edms.cern.ch/document/3410680/0.4,,
H4TEST,TCC2,MBNV.X0220071.E,677.496155,4659.144123,2441.753193,68.915032,,0.003418567,7.8208920,0.020141000,-1.570793995,0.000000,09-SEP-2026,,Magnétique,840460,57373127,57373127,MBNV.X0220071,SPMBNV_HWP,https://edms.cern.ch/document/3410680/0.4,,
H4TEST,TCC2,MBNV.X0220071.S,678.108693,4664.105063,2441.870982,73.915042,5.000010,0.003418567,7.8208910,0.026979000,-1.570793995,0.000000,09-SEP-2026,,Magnétique,840357,57373127,57373127,MBNV.X0220071,SPMBNV_HWP,https://edms.cern.ch/document/3410680/0.4,,
H4TEST,TCC2,MBNV.X0220077.E,678.189541,4664.759851,2441.888786,74.575042,,0.003418567,7.8208910,0.026979000,-1.570793995,0.000000,09-SEP-2026,,Magnétique,840395,57373163,57373163,MBNV.X0220077,SPMBNV_HWP,https://edms.cern.ch/document/3410680/0.4,,
H4TEST,TCC2,MBNV.X0220077.S,678.801965,4669.719875,2442.040748,79.575051,5.000010,0.003418567,7.8208900,0.033816000,-1.570793995,0.000000,09-SEP-2026,,Magnétique,840419,57373163,57373163,MBNV.X0220077,SPMBNV_HWP,https://edms.cern.ch/document/3410680/0.4,,
H4TEST,TCC2,MBNV.X0220083.E,678.882796,4670.374527,2442.063062,80.235051,,0.003418567,7.8208900,0.033816000,-1.570793994,0.000000,09-SEP-2026,,Magnétique,840482,57373199,57373199,MBNV.X0220083,SPMBNV_HWP,https://edms.cern.ch/document/3410680/0.4,,
H4TEST,TCC2,MBNV.X0220083.S,679.495079,4675.333404,2442.249190,85.235061,5.000010,0.003418567,7.8208890,0.040653000,-1.570793994,0.000000,09-SEP-2026,,Magnétique,840285,57373199,57373199,MBNV.X0220083,SPMBNV_HWP,https://edms.cern.ch/document/3410680/0.4,,
H4TEST,TCC2,QNL.X0220087.E,679.562421,4675.878808,2442.271543,85.785061,,0.000000000,7.8208890,0.040653000,0.000002333,0.000000,09-SEP-2026,,Magnétique,840367,56047905,56047905,QNL.X0220087,SPQNL__8WP,https://edms.cern.ch/document/3410680/0.4,,
H4TEST,TCC2,QNL.X0220087.S,679.928517,4678.843822,2442.393061,88.775061,2.990000,0.000000000,7.8208890,0.040653000,0.000002333,0.000000,09-SEP-2026,,Magnétique,840606,56047905,56047905,QNL.X0220087,SPQNL__8WP,https://edms.cern.ch/document/3410680/0.4,,
H4TEST,TCC2,QNL.X0220097.E,680.813515,4686.011420,2442.686819,96.003061,,0.000000000,7.8208890,0.040653000,0.000002333,0.000000,09-SEP-2026,,Magnétique,840238,56047914,56047914,QNL.X0220097,SPQNL__8WP,https://edms.cern.ch/document/3410680/0.4,,
H4TEST,TCC2,QNL.X0220097.S,681.179611,4688.976434,2442.808337,98.993061,2.990000,0.000000000,7.8208890,0.040653000,0.000002333,0.000000,09-SEP-2026,,Magnétique,840236,56047914,56047914,QNL.X0220097,SPQNL__8WP,https://edms.cern.ch/document/3410680/0.4,,
H4TEST,TT81,XVVS.X0220105.E,681.957841,4695.279320,2443.066655,105.349061,,0.000000000,7.8208890,0.040653000,0.000002333,0.000000,09-SEP-2026,,Magnétique,840388,57596728,57596728,XVVS.X0220105,SPXVVSA001,https://edms.cern.ch/document/3410680/0.4,,
H4TEST,TT81,XVVS.X0220105.S,681.997022,4695.596646,2443.079661,105.669061,0.320000,0.000000000,7.8208890,0.040653000,0.000002333,0.000000,09-SEP-2026,,Magnétique,840529,57596728,57596728,XVVS.X0220105,SPXVVSA001,https://edms.cern.ch/document/3410680/0.4,,
H4TEST,TT81,MBXHC.X0220117.E,683.211506,4705.432757,2443.482785,115.588061,,0.001268854,7.8208890,0.040653000,0.000002333,0.000000,09-SEP-2026,,Magnétique,840427,56047655,56047655,MBXHC.X0220117,PXMBXHCCWP,https://edms.cern.ch/document/3410680/0.4,,
H4TEST,TT81,MBXHC.X0220117.S,683.514458,4707.912252,2443.584389,118.088062,2.500001,0.001268854,7.6592000,0.040653000,0.000002333,0.000000,09-SEP-2026,,Magnétique,840299,56047655,56047655,MBXHC.X0220117,PXMBXHCCWP,https://edms.cern.ch/document/3410680/0.4,,
H4TEST,TT81,MBXHC.X0220120.E,683.610395,4708.705813,2443.616902,118.888062,,0.001268854,7.6592000,0.040653000,0.000105555,0.000000,09-SEP-2026,,Magnétique,840308,56047664,56047664,MBXHC.X0220120,PXMBXHCCWP,https://edms.cern.ch/document/3410680/0.4,,
H4TEST,TT81,MBXHC.X0220120.S,683.907049,4711.186070,2443.718505,121.388062,2.500001,0.001268854,7.4975110,0.040652000,0.000105555,0.000000,09-SEP-2026,,Magnétique,840489,56047664,56047664,MBXHC.X0220120,PXMBXHCCWP,https://edms.cern.ch/document/3410680/0.4,,
H4TEST,TT81,MBXHC.X0220123.E,684.000970,4711.979872,2443.751018,122.188062,,0.001268854,7.4975110,0.040652000,0.000208776,0.000000,09-SEP-2026,,Magnétique,840538,56047673,56047673,MBXHC.X0220123,PXMBXHCCWP,https://edms.cern.ch/document/3410680/0.4,,
H4TEST,TT81,MBXHC.X0220123.S,684.291324,4714.460874,2443.852620,124.688063,2.500001,0.001268854,7.3358220,0.040652000,0.000208776,0.000000,09-SEP-2026,,Magnétique,840542,56047673,56047673,MBXHC.X0220123,PXMBXHCCWP,https://edms.cern.ch/document/3410680/0.4,,
H4TEST,TT81,MBXHC.X0220127.E,684.383228,4715.254912,2443.885132,125.488063,,0.001268854,7.3358220,0.040652000,0.000311995,0.000000,09-SEP-2026,,Magnétique,840547,56047682,56047682,MBXHC.X0220127,PXMBXHCCWP,https://edms.cern.ch/document/3410680/0.4,,
H4TEST,TT81,MBXHC.X0220127.S,684.667279,4717.736644,2443.986732,127.988064,2.500001,0.001268854,7.1741330,0.040651000,0.000311995,0.000000,09-SEP-2026,,Magnétique,840229,56047682,56047682,MBXHC.X0220127,PXMBXHCCWP,https://edms.cern.ch/document/3410680/0.4,,
H4TEST,TT81,XVW.X0220128.E,684.719122,4718.194738,2444.005483,128.449464,,0.000000000,7.1741330,0.040651000,0.000415213,0.000000,09-SEP-2026,,Magnétique,840337,62432497,62432497,XVW.X0220128,SPXVWMD001,https://edms.cern.ch/document/3410680/0.4,,
H4TEST,TT81,XVW.X0220128.S,684.719145,4718.194937,2444.005492,128.449664,0.000200,0.000000000,7.1741330,0.040651000,0.000415213,0.000000,09-SEP-2026,,Magnétique,840581,62432497,62432497,XVW.X0220128,SPXVWMD001,https://edms.cern.ch/document/3410680/0.4,,
H4TEST,TT81,XWCA.X0220130.E,684.737504,4718.357166,2444.012132,128.613064,,0.000000000,7.1741330,0.040651000,0.000415213,0.000000,09-SEP-2026,,Magnétique,840462,57662368,57662368,XWCA.X0220130,SPXWCA_,https://edms.cern.ch/document/3410680/0.4,,
H4TEST,TT81,XSCI.X0220130.E,684.744246,4718.416736,2444.014570,128.673064,,0.000000000,7.1741330,0.040651000,0.000415213,0.000000,09-SEP-2026,,Magnétique,840321,57662343,57662343,XSCI.X0220130,SPXSCI_,https://edms.cern.ch/document/3410680/0.4,,
H4TEST,TT81,XWCA.X0220130.S,684.744246,4718.416736,2444.014570,128.673064,0.060000,0.000000000,7.1741330,0.040651000,0.000415213,0.000000,09-SEP-2026,,Magnétique,840436,57662368,57662368,XWCA.X0220130,SPXWCA_,https://edms.cern.ch/document/3410680/0.4,,
H4TEST,TT81,XSCI.X0220130.S,684.755482,4718.516020,2444.018634,128.773064,0.100000,0.000000000,7.1741330,0.040651000,0.000415213,0.000000,09-SEP-2026,,Magnétique,840490,57662343,57662343,XSCI.X0220130,SPXSCI_,https://edms.cern.ch/document/3410680/0.4,,
H4TEST,TT81,XVW.X0220129.E,684.783504,4718.763633,2444.028770,129.022464,,0.000000000,7.1741330,0.040651000,0.000415213,0.000000,09-SEP-2026,,Magnétique,840251,62432520,62432520,XVW.X0220129,SPXVWMD001,https://edms.cern.ch/document/3410680/0.4,,
H4TEST,TT81,XVW.X0220129.S,684.783527,4718.763832,2444.028778,129.022664,0.000200,0.000000000,7.1741330,0.040651000,0.000415213,0.000000,09-SEP-2026,,Magnétique,840539,62432520,62432520,XVW.X0220129,SPXVWMD001,https://edms.cern.ch/document/3410680/0.4,,
H4TEST,TT81,XCHV.X0220130.E,684.798965,4718.900248,2444.034362,129.160064,,0.000000000,7.1741330,0.040651000,0.000415213,0.000000,09-SEP-2026,,Magnétique,840587,56051656,56051656,XCHV.X0220130,SPXCHV_002,https://edms.cern.ch/document/3410680/0.4,,
H4TEST,TT81,XCHV.X0220130.S,684.911325,4719.893084,2444.075001,130.160064,1.000000,0.000000000,7.1741330,0.040651000,0.000415213,0.000000,09-SEP-2026,,Magnétique,840245,56051656,56051656,XCHV.X0220130,SPXCHV_002,https://edms.cern.ch/document/3410680/0.4,,
H4TEST,TT81,QNL.X0220132.E,684.951213,4720.245541,2444.089428,130.515064,,0.000000000,7.1741330,0.040651000,0.000415213,0.000000,09-SEP-2026,,Magnétique,840588,57387180,57387180,QNL.X0220132,SPQNL__8WP,https://edms.cern.ch/document/3410680/0.4,,
H4TEST,TT81,QNL.X0220132.S,685.287168,4723.214121,2444.210941,133.505064,2.990000,0.000000000,7.1741330,0.040651000,0.000415213,0.000000,09-SEP-2026,,Magnétique,840589,57387180,57387180,QNL.X0220132,SPQNL__8WP,https://edms.cern.ch/document/3410680/0.4,,
H4TEST,TT81,LSX.X0220134.E,685.338854,4723.670826,2444.229635,133.965064,,0.000000000,7.1741330,0.040651000,0.000415213,0.000000,09-SEP-2026,,Magnétique,840446,57386416,57386416,LSX.X0220134,SPLSX__FWP,https://edms.cern.ch/document/3410680/0.4,,
H4TEST,TT81,LSX.X0220134.S,685.417505,4724.365811,2444.258082,134.665064,0.700000,0.000000000,7.1741330,0.040651000,0.000415213,0.000000,09-SEP-2026,,Magnétique,840338,57386416,57386416,LSX.X0220134,SPLSX__FWP,https://edms.cern.ch/document/3410680/0.4,,
H4TEST,TT81,MCXCA.X0220135.E,685.465483,4724.789752,2444.275435,135.092064,,0.000000000,7.1741330,0.040651000,-1.570381114,0.000000,09-SEP-2026,,Magnétique,840254,56048087,56048087,MCXCA.X0220135,PXMCXCAHWC,https://edms.cern.ch/document/3410680/0.4,,
H4TEST,TT81,MCXCA.X0220135.S,685.510427,4725.186886,2444.291691,135.492064,0.400000,0.000000000,7.1741330,0.040651000,-1.570381114,0.000000,09-SEP-2026,,Magnétique,840495,56048087,56048087,MCXCA.X0220135,PXMCXCAHWC,https://edms.cern.ch/document/3410680/0.4,,
H4TEST,TT81,MBXHC.X0220137.E,685.571101,4725.723018,2444.313637,136.032064,,0.001268854,7.1741330,0.040651000,0.000415213,0.000000,09-SEP-2026,,Magnétique,840420,56047691,56047691,MBXHC.X0220137,PXMBXHCCWP,https://edms.cern.ch/document/3410680/0.4,,
H4TEST,TT81,MBXHC.X0220137.S,685.848848,4728.205463,2444.415234,138.532064,2.500001,0.001268854,7.0124430,0.040650000,0.000415213,0.000000,09-SEP-2026,,Magnétique,840602,56047691,56047691,MBXHC.X0220137,PXMBXHCCWP,https://edms.cern.ch/document/3410680/0.4,,
H4TEST,TT81,MBXHC.X0220141.E,685.936719,4728.999958,2444.447745,139.332064,,0.001268854,7.0124430,0.040650000,0.000518428,0.000000,09-SEP-2026,,Magnétique,840362,56047700,56047700,MBXHC.X0220141,PXMBXHCCWP,https://edms.cern.ch/document/3410680/0.4,,
H4TEST,TT81,MBXHC.X0220141.S,686.208160,4731.483101,2444.549339,141.832065,2.500001,0.001268854,6.8507540,0.040648000,0.000518428,0.000000,09-SEP-2026,,Magnétique,840339,56047700,56047700,MBXHC.X0220141,PXMBXHCCWP,https://edms.cern.ch/document/3410680/0.4,,
H4TEST,TT81,MBXHC.X0220144.E,686.294012,4732.277816,2444.581848,142.632065,,0.001268854,6.8507540,0.040648000,0.000621639,0.000000,09-SEP-2026,,Magnétique,840385,56047709,56047709,MBXHC.X0220144,PXMBXHCCWP,https://edms.cern.ch/document/3410680/0.4,,
H4TEST,TT81,MBXHC.X0220144.S,686.559146,4734.761641,2444.683438,145.132066,2.500001,0.001268854,6.6890650,0.040646000,0.000621639,0.000000,09-SEP-2026,,Magnétique,840252,56047709,56047709,MBXHC.X0220144,PXMBXHCCWP,https://edms.cern.ch/document/3410680/0.4,,
H4TEST,TT81,MBXHC.X0220147.E,686.642979,4735.556572,2444.715946,145.932066,,0.001268854,6.6890650,0.040646000,0.000724847,0.000000,09-SEP-2026,,Magnétique,840240,56047718,56047718,MBXHC.X0220147,PXMBXHCCWP,https://edms.cern.ch/document/3410680/0.4,,
H4TEST,TT81,MBXHC.X0220147.S,686.901804,4738.041061,2444.817532,148.432066,2.500001,0.001268854,6.5273770,0.040644000,0.000724847,0.000000,09-SEP-2026,,Magnétique,840497,56047718,56047718,MBXHC.X0220147,PXMBXHCCWP,https://edms.cern.ch/document/3410680/0.4,,
H4TEST,TT81,QNL.X0220167.E,688.598936,4754.535275,2445.491840,165.027066,,0.000000000,6.5273770,0.040644000,0.000828050,0.000000,09-SEP-2026,,Magnétique,840227,56047941,56047941,QNL.X0220167,SPQNL__8WP,https://edms.cern.ch/document/3410680/0.4,,
H4TEST,TT81,QNL.X0220167.S,688.904717,4757.507116,2445.613333,168.017066,2.990000,0.000000000,6.5273770,0.040644000,0.000828050,0.000000,09-SEP-2026,,Magnétique,840350,56047941,56047941,QNL.X0220167,SPQNL__8WP,https://edms.cern.ch/document/3410680/0.4,,
H4TEST,TT81,QNL.X0220177.E,689.643908,4764.691218,2445.907030,175.245066,,0.000000000,6.5273770,0.040644000,0.000828050,0.000000,09-SEP-2026,,Magnétique,840525,56047959,56047959,QNL.X0220177,SPQNL__8WP,https://edms.cern.ch/document/3410680/0.4,,
H4TEST,TT81,QNL.X0220177.S,689.949688,4767.663059,2446.028523,178.235066,2.990000,0.000000000,6.5273770,0.040644000,0.000828050,0.000000,09-SEP-2026,,Magnétique,840479,56047959,56047959,QNL.X0220177,SPQNL__8WP,https://edms.cern.ch/document/3410680/0.4,,
H4TEST,TT81,XCSV.X0220179.E,689.979857,4767.956267,2446.040510,178.530066,,0.000000000,6.5273770,0.040644000,0.000828050,0.000000,09-SEP-2026,,Magnétique,840521,57015475,57015475,XCSV.X0220179,SPXCSV_,https://edms.cern.ch/document/3410680/0.4,,
H4TEST,TT81,XCSV.X0220179.S,690.082125,4768.950194,2446.081143,179.530066,1.000000,0.000000000,6.5273770,0.040644000,0.000828050,0.000000,09-SEP-2026,,Magnétique,840365,57015475,57015475,XCSV.X0220179,SPXCSV_,https://edms.cern.ch/document/3410680/0.4,,
H4TEST,TT81,LSX.X0220195.E,691.607755,4783.777592,2446.687309,194.448066,,0.000000000,6.5273770,0.040644000,0.000828050,0.000000,09-SEP-2026,,Magnétique,840383,57386452,57386452,LSX.X0220195,SPLSX__FWP,https://edms.cern.ch/document/3410680/0.4,,
H4TEST,TT81,LSX.X0220195.S,691.679342,4784.473341,2446.715752,195.148066,0.700000,0.000000000,6.5273770,0.040644000,0.000828050,0.000000,09-SEP-2026,,Magnétique,840387,57386452,57386452,LSX.X0220195,SPLSX__FWP,https://edms.cern.ch/document/3410680/0.4,,
H4TEST,TT81,XCHV.X0220196.E,691.716363,4784.833142,2446.730461,195.510066,,0.000000000,6.5273770,0.040644000,0.000828050,0.000000,09-SEP-2026,,Magnétique,840480,56051665,56051665,XCHV.X0220196,SPXCHV_001,https://edms.cern.ch/document/3410680/0.4,,
H4TEST,TT81,XCHV.X0220196.S,691.818631,4785.827069,2446.771094,196.510066,1.000000,0.000000000,6.5273770,0.040644000,0.000828050,0.000000,09-SEP-2026,,Magnétique,840418,56051665,56051665,XCHV.X0220196,SPXCHV_001,https://edms.cern.ch/document/3410680/0.4,,
H4TEST,TT81,LSX.X0220197.E,691.852277,4786.154071,2446.784463,196.839066,,0.000000000,6.5273770,0.040644000,0.000828050,0.000000,09-SEP-2026,,Magnétique,840535,57386490,57386490,LSX.X0220197,SPLSX__FWP,https://edms.cern.ch/document/3410680/0.4,,
H4TEST,TT81,LSX.X0220197.S,691.923864,4786.849819,2446.812906,197.539066,0.700000,0.000000000,6.5273770,0.040644000,0.000828050,0.000000,09-SEP-2026,,Magnétique,840532,57386490,57386490,LSX.X0220197,SPLSX__FWP,https://edms.cern.ch/document/3410680/0.4,,
H4TEST,TT81,MCXCA.X0220198.E,691.966612,4787.265281,2446.829891,197.957066,,0.000000000,6.5273770,0.040644000,0.000828050,0.000000,09-SEP-2026,,Magnétique,840481,56048096,56048096,MCXCA.X0220198,PXMCXCAHWC,https://edms.cern.ch/document/3410680/0.4,,
H4TEST,TT81,MCXCA.X0220198.S,692.007519,4787.662851,2446.846144,198.357066,0.400000,0.000000000,6.5273770,0.040644000,0.000828050,0.000000,09-SEP-2026,,Magnétique,840414,56048096,56048096,MCXCA.X0220198,PXMCXCAHWC,https://edms.cern.ch/document/3410680/0.4,,
H4TEST,TT81,XCSV.X0220213.E,693.451334,4801.695108,2447.419803,212.475066,,0.000000000,6.5273770,0.040644000,0.000828050,0.000000,09-SEP-2026,,Magnétique,840458,57015484,57015484,XCSV.X0220213,SPXCSV_,https://edms.cern.ch/document/3410680/0.4,,
H4TEST,TT81,XCSV.X0220213.S,693.553602,4802.689035,2447.460436,213.475066,1.000000,0.000000000,6.5273770,0.040644000,0.000828050,0.000000,09-SEP-2026,,Magnétique,840536,57015484,57015484,XCSV.X0220213,SPXCSV_,https://edms.cern.ch/document/3410680/0.4,,
H4TEST,TT81,QNL.X0220215.E,693.585305,4802.997152,2447.473033,213.785066,,0.000000000,6.5273770,0.040644000,0.000828050,0.000000,09-SEP-2026,,Magnétique,840376,56047968,56047968,QNL.X0220215,SPQNL__8WP,https://edms.cern.ch/document/3410680/0.4,,
H4TEST,TT81,QNL.X0220215.S,693.891086,4805.968993,2447.594526,216.775066,2.990000,0.000000000,6.5273770,0.040644000,0.000828050,0.000000,09-SEP-2026,,Magnétique,840437,56047968,56047968,QNL.X0220215,SPQNL__8WP,https://edms.cern.ch/document/3410680/0.4,,
H4TEST,TT81,QNL.X0220225.E,694.630277,4813.153095,2447.888223,224.003066,,0.000000000,6.5273770,0.040644000,0.000828050,0.000000,09-SEP-2026,,Magnétique,840267,56047950,56047950,QNL.X0220225,SPQNL__8WP,https://edms.cern.ch/document/3410680/0.4,,
H4TEST,TT81,QNL.X0220225.S,694.936057,4816.124936,2448.009716,226.993066,2.990000,0.000000000,6.5273770,0.040644000,0.000828050,0.000000,09-SEP-2026,,Magnétique,840443,56047950,56047950,QNL.X0220225,SPQNL__8WP,https://edms.cern.ch/document/3410680/0.4,,
H4TEST,TT81,XVW.X0220257.E,698.012266,4846.022217,2449.231961,257.073033,,0.000000000,6.5273770,0.040644000,0.000828050,0.000000,09-SEP-2026,,Magnétique,840501,57601753,57601753,XVW.X0220257,SPXVWAA001,https://edms.cern.ch/document/3410680/0.4,,
H4TEST,TT81,XVW.X0220257.S,698.012276,4846.022317,2449.231965,257.073133,0.000100,0.000000000,6.5273770,0.040644000,0.000828050,0.000000,09-SEP-2026,,Magnétique,840281,57601753,57601753,XVW.X0220257,SPXVWAA001,https://edms.cern.ch/document/3410680/0.4,,
H4TEST,TT81,XSCI.X0220256.E,698.022496,4846.121643,2449.236026,257.173066,,0.000000000,6.5273770,0.040644000,0.000828050,0.000000,09-SEP-2026,,Magnétique,840314,57662391,57662391,XSCI.X0220256,SPXSCI_,https://edms.cern.ch/document/3410680/0.4,,
H4TEST,TT81,XSCI.X0220256.S,698.032723,4846.221036,2449.240089,257.273066,0.100000,0.000000000,6.5273770,0.040644000,0.000828050,0.000000,09-SEP-2026,,Magnétique,840599,57662391,57662391,XSCI.X0220256,SPXSCI_,https://edms.cern.ch/document/3410680/0.4,,
H4TEST,TT81,XCON.X0220256.E,698.053177,4846.419821,2449.248216,257.473066,,0.000000000,6.5273770,0.040644000,0.000828050,0.000000,09-SEP-2026,,Magnétique,840282,57588540,57588540,XCON.X0220256,SPXCON_007,https://edms.cern.ch/document/3410680/0.4,,
H4TEST,TT81,XCON.X0220256.S,698.053279,4846.420815,2449.248256,257.474066,0.001000,0.000000000,6.5273770,0.040644000,0.000828050,0.000000,09-SEP-2026,,Magnétique,840355,57588540,57588540,XCON.X0220256,SPXCON_007,https://edms.cern.ch/document/3410680/0.4,,
H4TEST,TT81,XVW.X0220258.E,698.070559,4846.588756,2449.255122,257.643033,,0.000000000,6.5273770,0.040644000,0.000828050,0.000000,09-SEP-2026,,Magnétique,840334,57601762,57601762,XVW.X0220258,SPXVWAA001,https://edms.cern.ch/document/3410680/0.4,,
H4TEST,TT81,XVW.X0220258.S,698.070569,4846.588855,2449.255126,257.643133,0.000100,0.000000000,6.5273770,0.040644000,0.000828050,0.000000,09-SEP-2026,,Magnétique,840398,57601762,57601762,XVW.X0220258,SPXVWAA001,https://edms.cern.ch/document/3410680/0.4,,
H4TEST,TT81,XFFV.X0220257.E,698.080789,4846.688182,2449.259187,257.743066,,0.000000000,6.5273770,0.040644000,0.000828050,0.000000,09-SEP-2026,,Magnétique,840444,57697594,57697594,XFFV.X0220257,SPXFF__001,https://edms.cern.ch/document/3410680/0.4,,
H4TEST,TT81,XFFH.X0220258.E,698.109015,4846.962505,2449.270401,258.019066,,0.000000000,6.5273770,0.040644000,0.000828050,0.000000,09-SEP-2026,,Magnétique,840595,57697617,57697617,XFFH.X0220258,SPXFF__001,https://edms.cern.ch/document/3410680/0.4,,
H4TEST,TT81,XFFV.X0220257.S,698.109015,4846.962505,2449.270401,258.019066,0.276000,0.000000000,6.5273770,0.040644000,0.000828050,0.000000,09-SEP-2026,,Magnétique,840394,57697594,57697594,XFFV.X0220257,SPXFF__001,https://edms.cern.ch/document/3410680/0.4,,
H4TEST,TT81,XFFH.X0220258.S,698.137241,4847.236829,2449.281616,258.295066,0.276000,0.000000000,6.5273770,0.040644000,0.000828050,0.000000,09-SEP-2026,,Magnétique,840248,57697617,57697617,XFFH.X0220258,SPXFF__001,https://edms.cern.ch/document/3410680/0.4,,
H4TEST,TT81,QNL.X0220260.E,698.159740,4847.455493,2449.290555,258.515066,,0.000000000,6.5273770,0.040644000,0.000828050,0.000000,09-SEP-2026,,Magnétique,840347,56047932,56047932,QNL.X0220260,SPQNL__8WP,https://edms.cern.ch/document/3410680/0.4,,
H4TEST,TT81,QNL.X0220260.S,698.465520,4850.427334,2449.412049,261.505066,2.990000,0.000000000,6.5273770,0.040644000,0.000828050,0.000000,09-SEP-2026,,Magnétique,840360,56047932,56047932,QNL.X0220260,SPQNL__8WP,https://edms.cern.ch/document/3410680/0.4,,
H4TEST,TT81,XFFH.X0220262.E,698.501825,4850.780178,2449.426473,261.860066,,0.000000000,6.5273770,0.040644000,0.000828050,0.000000,09-SEP-2026,,Magnétique,840384,57697640,57697640,XFFH.X0220262,SPXFF__001,https://edms.cern.ch/document/3410680/0.4,,
H4TEST,TT81,XFFH.X0220262.S,698.530051,4851.054502,2449.437688,262.136066,0.276000,0.000000000,6.5273770,0.040644000,0.000828050,0.000000,09-SEP-2026,,Magnétique,840391,57697640,57697640,XFFH.X0220262,SPXFF__001,https://edms.cern.ch/document/3410680/0.4,,
H4TEST,TT81,QNL.X0220295.E,701.689203,4881.757891,2450.692888,293.027066,,0.000000000,6.5273770,0.040644000,0.000828050,0.000000,09-SEP-2026,,Magnétique,840271,56047977,56047977,QNL.X0220295,SPQNL__8WP,https://edms.cern.ch/document/3410680/0.4,,
H4TEST,TT81,QNL.X0220295.S,701.994983,4884.729732,2450.814381,296.017066,2.990000,0.000000000,6.5273770,0.040644000,0.000828050,0.000000,09-SEP-2026,,Magnétique,840433,56047977,56047977,QNL.X0220295,SPQNL__8WP,https://edms.cern.ch/document/3410680/0.4,,
H4TEST,TT81,QNL.X0220305.E,702.734174,4891.913834,2451.108078,303.245066,,0.000000000,6.5273770,0.040644000,0.000828050,0.000000,09-SEP-2026,,Magnétique,840246,56047736,56047736,QNL.X0220305,SPQNL__8WP,https://edms.cern.ch/document/3410680/0.4,,
H4TEST,TT81,QNL.X0220305.S,703.039955,4894.885675,2451.229571,306.235066,2.990000,0.000000000,6.5273770,0.040644000,0.000828050,0.000000,09-SEP-2026,,Magnétique,840569,56047736,56047736,QNL.X0220305,SPQNL__8WP,https://edms.cern.ch/document/3410680/0.4,,
H4TEST,TT81,MBNV.X0220309.E,703.096202,4895.432334,2451.251920,306.785066,,-0.003425993,6.5273770,0.040644000,-1.569968277,0.000000,09-SEP-2026,,Magnétique,840544,57386696,57386696,MBNV.X0220309,SPMBNV_HWP,https://edms.cern.ch/document/3410680/0.4,,
H4TEST,TT81,MBNV.X0220309.S,703.607623,4900.402629,2451.437968,311.785076,5.000010,-0.003425993,6.5277380,0.033792000,-1.569968277,0.000000,09-SEP-2026,,Magnétique,840272,57386696,57386696,MBNV.X0220309,SPMBNV_HWP,https://edms.cern.ch/document/3410680/0.4,,
H4TEST,TT81,MBNV.X0220315.E,703.675140,4901.058788,2451.460267,312.445076,,-0.003425993,6.5277380,0.033792000,-1.569968488,0.000000,09-SEP-2026,,Magnétique,840603,57386804,57386804,MBNV.X0220315,SPMBNV_HWP,https://edms.cern.ch/document/3410680/0.4,,
H4TEST,TT81,MBNV.X0220315.S,704.186708,4906.030232,2451.612076,317.445086,5.000010,-0.003425993,6.5280990,0.026940000,-1.569968488,0.000000,09-SEP-2026,,Magnétique,840354,57386804,57386804,MBNV.X0220315,SPMBNV_HWP,https://edms.cern.ch/document/3410680/0.4,,
H4TEST,TT81,MBNV.X0220321.E,704.254243,4906.686527,2451.629854,318.105086,,-0.003425993,6.5280990,0.026940000,-1.569968660,0.000000,09-SEP-2026,,Magnétique,840454,57386840,57386840,MBNV.X0220321,SPMBNV_HWP,https://edms.cern.ch/document/3410680/0.4,,
H4TEST,TT81,MBNV.X0220321.S,704.765934,4911.658885,2451.747416,323.105096,5.000010,-0.003425993,6.5284600,0.020088000,-1.569968660,0.000000,09-SEP-2026,,Magnétique,840377,57386840,57386840,MBNV.X0220321,SPMBNV_HWP,https://edms.cern.ch/document/3410680/0.4,,
H4TEST,TT81,XFFV.X0220323.E,704.799709,4911.987086,2451.754044,323.435096,,0.000000000,6.5284600,0.020088000,0.000827533,0.000000,09-SEP-2026,,Magnétique,840563,57697689,57697689,XFFV.X0220323,SPXFF__001,https://edms.cern.ch/document/3410680/0.4,,
H4TEST,TT81,XFFH.X0220324.E,704.827957,4912.261580,2451.759588,323.711096,,0.000000000,6.5284600,0.020088000,0.000827533,0.000000,09-SEP-2026,,Magnétique,840289,57697790,57697790,XFFH.X0220324,SPXFF__001,https://edms.cern.ch/document/3410680/0.4,,
H4TEST,TT81,XFFV.X0220323.S,704.827957,4912.261580,2451.759588,323.711096,0.276000,0.000000000,6.5284600,0.020088000,0.000827533,0.000000,09-SEP-2026,,Magnétique,840324,57697689,57697689,XFFV.X0220323,SPXFF__001,https://edms.cern.ch/document/3410680/0.4,,
H4TEST,TT81,XFFH.X0220324.S,704.856205,4912.536075,2451.765133,323.987096,0.276000,0.000000000,6.5284600,0.020088000,0.000827533,0.000000,09-SEP-2026,,Magnétique,840554,57697790,57697790,XFFH.X0220324,SPXFF__001,https://edms.cern.ch/document/3410680/0.4,,
H4TEST,TT81,MBNV.X0220327.E,704.951184,4913.459013,2451.783773,324.915096,,-0.003425993,6.5284600,0.020088000,-1.569968794,0.000000,09-SEP-2026,,Magnétique,840258,57386732,57386732,MBNV.X0220327,SPMBNV_HWP,https://edms.cern.ch/document/3410680/0.4,,
H4TEST,TT81,MBNV.X0220327.S,705.462973,4918.432054,2451.867082,329.915106,5.000010,-0.003425993,6.5288210,0.013236000,-1.569968794,0.000000,09-SEP-2026,,Magnétique,840557,57386732,57386732,MBNV.X0220327,SPMBNV_HWP,https://edms.cern.ch/document/3410680/0.4,,
H4TEST,TT81,MBNV.X0220333.E,705.530535,4919.088529,2451.875817,330.575106,,-0.003425993,6.5288210,0.013236000,-1.569968888,0.000000,09-SEP-2026,,Magnétique,840528,57386768,57386768,MBNV.X0220333,SPMBNV_HWP,https://edms.cern.ch/document/3410680/0.4,,
H4TEST,TT81,MBNV.X0220333.S,706.042398,4924.062017,2451.924869,335.575115,5.000010,-0.003425993,6.5291820,0.006384000,-1.569968888,0.000000,09-SEP-2026,,Magnétique,840449,57386768,57386768,MBNV.X0220333,SPMBNV_HWP,https://edms.cern.ch/document/3410680/0.4,,
H4TEST,TT81,MBNV.X0220339.E,706.109968,4924.718536,2451.929083,336.235115,,-0.003425993,6.5291820,0.006384000,-1.569968944,0.000000,09-SEP-2026,,Magnétique,840434,57386889,57386889,MBNV.X0220339,SPMBNV_HWP,https://edms.cern.ch/document/3410680/0.4,,
H4TEST,TT81,MBNV.X0220339.S,706.621882,4929.692239,2451.943875,341.235125,5.000010,-0.003425993,6.5295430,-0.000468000,-1.569968944,0.000000,09-SEP-2026,,Magnétique,840411,57386889,57386889,MBNV.X0220339,SPMBNV_HWP,https://edms.cern.ch/document/3410680/0.4,,
H4TEST,TT81,QNL.X0220343.E,706.678195,4930.239349,2451.943618,341.785125,,0.000000000,6.5295430,-0.000468000,0.000827366,0.000000,09-SEP-2026,,Magnétique,840502,56047745,56047745,QNL.X0220343,SPQNL__8WP,https://edms.cern.ch/document/3410680/0.4,,
H4TEST,TT81,QNL.X0220343.S,706.984329,4933.213635,2451.942220,344.775125,2.990000,0.000000000,6.5295430,-0.000468000,0.000827366,0.000000,09-SEP-2026,,Magnétique,840541,56047745,56047745,QNL.X0220343,SPQNL__8WP,https://edms.cern.ch/document/3410680/0.4,,
H4TEST,TT81,QNL.X0220353.E,707.724376,4940.403649,2451.938841,352.003125,,0.000000000,6.5295430,-0.000468000,0.000827366,0.000000,09-SEP-2026,,Magnétique,840366,56047754,56047754,QNL.X0220353,SPQNL__8WP,https://edms.cern.ch/document/3410680/0.4,,
H4TEST,TT81,QNL.X0220353.S,708.030510,4943.377936,2451.937443,354.993125,2.990000,0.000000000,6.5295430,-0.000468000,0.000827366,0.000000,09-SEP-2026,,Magnétique,840579,56047754,56047754,QNL.X0220353,SPQNL__8WP,https://edms.cern.ch/document/3410680/0.4,,
H4TEST,TT81,QNL.X0220370.E,709.432380,4956.997979,2451.931042,368.685125,,0.000000000,6.5295430,-0.000468000,0.000827366,0.000000,09-SEP-2026,,Magnétique,840348,56047763,56047763,QNL.X0220370,SPQNL__8WP,https://edms.cern.ch/document/3410680/0.4,,
H4TEST,TT81,QNL.X0220370.S,709.738514,4959.972266,2451.929644,371.675125,2.990000,0.000000000,6.5295430,-0.000468000,0.000827366,0.000000,09-SEP-2026,,Magnétique,840228,56047763,56047763,QNL.X0220370,SPQNL__8WP,https://edms.cern.ch/document/3410680/0.4,,
H4TEST,TT81,MDSV.X0220372.E,709.788172,4960.454717,2451.929417,372.160125,,0.000000000,6.5295430,-0.000468000,-1.569968961,0.000000,09-SEP-2026,,Magnétique,840440,57387326,57387326,MDSV.X0220372,SPMDSV_,https://edms.cern.ch/document/3410680/0.4,,
H4TEST,TT81,MDSV.X0220372.S,709.859842,4961.151038,2451.929090,372.860125,0.700000,0.000000000,6.5295430,-0.000468000,-1.569968961,0.000000,09-SEP-2026,,Magnétique,840575,57387326,57387326,MDSV.X0220372,SPMDSV_,https://edms.cern.ch/document/3410680/0.4,,
H4TEST,TT81,XVW.X0220373.E,709.884819,4961.393706,2451.928976,373.104075,,0.000000000,6.5295430,-0.000468000,0.000827366,0.000000,09-SEP-2026,,Magnétique,840232,57601771,57601771,XVW.X0220373,SPXVWMF001,https://edms.cern.ch/document/3410680/0.4,,
H4TEST,TT81,XVW.X0220373.S,709.884829,4961.393805,2451.928976,373.104175,0.000100,0.000000000,6.5295430,-0.000468000,0.000827366,0.000000,09-SEP-2026,,Magnétique,840509,57601771,57601771,XVW.X0220373,SPXVWMF001,https://edms.cern.ch/document/3410680/0.4,,
H4TEST,TT81,XWCA.X0220374.E,709.919124,4961.726995,2451.928819,373.439125,,0.000000000,6.5295430,-0.000468000,0.000827366,0.000000,09-SEP-2026,,Magnétique,840298,57697816,57697816,XWCA.X0220374,SPXWCA_,https://edms.cern.ch/document/3410680/0.4,,
H4TEST,TT81,XSCI.X0220374.E,709.925267,4961.786680,2451.928791,373.499125,,0.000000000,6.5295430,-0.000468000,0.000827366,0.000000,09-SEP-2026,,Magnétique,840580,57697881,57697881,XSCI.X0220374,SPXSCI_,https://edms.cern.ch/document/3410680/0.4,,
H4TEST,TT81,XWCA.X0220374.S,709.925267,4961.786680,2451.928791,373.499125,0.060000,0.000000000,6.5295430,-0.000468000,0.000827366,0.000000,09-SEP-2026,,Magnétique,840474,57697816,57697816,XWCA.X0220374,SPXWCA_,https://edms.cern.ch/document/3410680/0.4,,
H4TEST,TT81,XSCI.X0220374.S,709.935505,4961.886154,2451.928744,373.599125,0.100000,0.000000000,6.5295430,-0.000468000,0.000827366,0.000000,09-SEP-2026,,Magnétique,840328,57697881,57697881,XSCI.X0220374,SPXSCI_,https://edms.cern.ch/document/3410680/0.4,,
H4TEST,TT81,XVW.X0220374.E,709.953520,4962.061180,2451.928662,373.775075,,0.000000000,6.5295430,-0.000468000,0.000827366,0.000000,09-SEP-2026,,Magnétique,840600,57601780,57601780,XVW.X0220374,SPXVWMF001,https://edms.cern.ch/document/3410680/0.4,,
H4TEST,TT81,XVW.X0220374.S,709.953530,4962.061279,2451.928662,373.775175,0.000100,0.000000000,6.5295430,-0.000468000,0.000827366,0.000000,09-SEP-2026,,Magnétique,840550,57601780,57601780,XVW.X0220374,SPXVWMF001,https://edms.cern.ch/document/3410680/0.4,,
H4TEST,EHN1,MBNH.X0220377.E,709.992432,4962.439232,2451.928484,374.155125,,-0.003598070,6.5295430,-0.000468000,0.000827366,0.000000,09-SEP-2026,,Magnétique,840596,57386926,57386926,MBNH.X0220377,SPMBNH_HWP,https://edms.cern.ch/document/3410680/0.4,,
H4TEST,EHN1,MBNH.X0220377.S,710.522255,4967.411081,2451.926162,379.155136,5.000011,-0.003598070,6.9876630,-0.000462000,0.000827366,0.000000,09-SEP-2026,,Magnétique,840498,57386926,57386926,MBNH.X0220377,SPMBNH_HWP,https://edms.cern.ch/document/3410680/0.4,,
H4TEST,EHN1,MBNH.X0220382.E,710.594552,4968.067109,2451.925857,379.815136,,-0.003598070,6.9876630,-0.000462000,0.000830709,0.000000,09-SEP-2026,,Magnétique,840244,57386969,57386969,MBNH.X0220382,SPMBNH_HWP,https://edms.cern.ch/document/3410680/0.4,,
H4TEST,EHN1,MBNH.X0220382.S,711.160139,4973.035017,2451.923564,384.815147,5.000011,-0.003598070,7.4457840,-0.000456000,0.000830709,0.000000,09-SEP-2026,,Magnétique,840450,57386969,57386969,MBNH.X0220382,SPMBNH_HWP,https://edms.cern.ch/document/3410680/0.4,,
H4TEST,EHN1,XCSV.X0220386.E,711.207399,4973.437250,2451.923380,385.220147,,0.000000000,7.4457840,-0.000456000,0.000834009,0.000000,09-SEP-2026,,Magnétique,840373,57015412,57015412,XCSV.X0220386,SPXCSV_001,https://edms.cern.ch/document/3410680/0.4,,
H4TEST,EHN1,XCSV.X0220386.S,711.324091,4974.430418,2451.922924,386.220147,1.000000,0.000000000,7.4457840,-0.000456000,0.000834009,0.000000,09-SEP-2026,,Magnétique,840263,57015412,57015412,XCSV.X0220386,SPXCSV_001,https://edms.cern.ch/document/3410680/0.4,,
H4TEST,EHN1,MCXCA.X0220387.E,711.360265,4974.738300,2451.922783,386.530147,,0.000000000,7.4457840,-0.000456000,-1.569962318,0.000000,09-SEP-2026,,Magnétique,840604,56048105,56048105,MCXCA.X0220387,PXMCXCAHWC,https://edms.cern.ch/document/3410680/0.4,,
H4TEST,EHN1,MCXCA.X0220387.S,711.406942,4975.135568,2451.922601,386.930147,0.400000,0.000000000,7.4457840,-0.000456000,-1.569962318,0.000000,09-SEP-2026,,Magnétique,840412,56048105,56048105,MCXCA.X0220387,PXMCXCAHWC,https://edms.cern.ch/document/3410680/0.4,,
H4TEST,EHN1,MBXGD.X0220389.E,711.463537,4975.617254,2451.922380,387.415147,,0.000000000,7.4457840,-0.000456000,0.000834009,0.000000,09-SEP-2026,,Magnétique,840310,56047592,56047592,MBXGD.X0220389,PXMBXGDCWP,https://edms.cern.ch/document/3410680/0.4,,
H4TEST,EHN1,MBXGD.X0220389.S,711.813612,4978.596758,2451.921013,390.415147,3.000000,0.000000000,7.4457840,-0.000456000,0.000834009,0.000000,09-SEP-2026,,Magnétique,840593,56047592,56047592,MBXGD.X0220389,PXMBXGDCWP,https://edms.cern.ch/document/3410680/0.4,,
H4TEST,EHN1,MBNH.X0220394.E,711.892963,4979.272113,2451.920703,391.095147,,-0.003598070,7.4457840,-0.000456000,0.000834009,0.000000,09-SEP-2026,,Magnétique,840320,57387005,57387005,MBNH.X0220394,SPMBNH_HWP,https://edms.cern.ch/document/3410680/0.4,,
H4TEST,EHN1,MBNH.X0220394.S,712.494284,4984.235822,2451.918441,396.095157,5.000011,-0.003598070,7.9039040,-0.000450000,0.000834009,0.000000,09-SEP-2026,,Magnétique,840583,57387005,57387005,MBNH.X0220394,SPMBNH_HWP,https://edms.cern.ch/document/3410680/0.4,,
H4TEST,EHN1,MBNH.X0220399.E,712.603260,4985.109048,2451.918045,396.975157,,-0.003598070,7.9039040,-0.000450000,0.000837266,0.000000,09-SEP-2026,,Magnétique,840291,57387041,57387041,MBNH.X0220399,SPMBNH_HWP,https://edms.cern.ch/document/3410680/0.4,,
H4TEST,EHN1,MBNH.X0220399.S,713.240285,4990.068301,2451.915812,401.975168,5.000011,-0.003598070,8.3620240,-0.000444000,0.000837266,0.000000,09-SEP-2026,,Magnétique,840503,57387041,57387041,MBNH.X0220399,SPMBNH_HWP,https://edms.cern.ch/document/3410680/0.4,,
H4TEST,EHN1,XFFV.X0220402.E,713.283506,4990.395459,2451.915666,402.305168,,0.000000000,8.3620240,-0.000444000,0.000840479,0.000000,09-SEP-2026,,Magnétique,840558,57697912,57697912,XFFV.X0220402,SPXFF__001,https://edms.cern.ch/document/3410680/0.4,,
H4TEST,EHN1,XFFH.X0220403.E,713.319655,4990.669081,2451.915543,402.581168,,0.000000000,8.3620240,-0.000444000,0.000840479,0.000000,09-SEP-2026,,Magnétique,840307,57697985,57697985,XFFH.X0220403,SPXFF__001,https://edms.cern.ch/document/3410680/0.4,,
H4TEST,EHN1,XFFV.X0220402.S,713.319655,4990.669081,2451.915543,402.581168,0.276000,0.000000000,8.3620240,-0.000444000,0.000840479,0.000000,09-SEP-2026,,Magnétique,840306,57697912,57697912,XFFV.X0220402,SPXFF__001,https://edms.cern.ch/document/3410680/0.4,,
H4TEST,EHN1,XFFH.X0220403.S,713.355803,4990.942704,2451.915421,402.857168,0.276000,0.000000000,8.3620240,-0.000444000,0.000840479,0.000000,09-SEP-2026,,Magnétique,840374,57697985,57697985,XFFH.X0220403,SPXFF__001,https://edms.cern.ch/document/3410680/0.4,,
H4TEST,EHN1,XVW.X0220406.E,713.805033,4994.343098,2451.913900,406.287108,,0.000000000,8.3620240,-0.000444000,0.000840479,0.000000,09-SEP-2026,,Magnétique,840486,62447971,62447971,XVW.X0220406,SPXVWMF001,https://edms.cern.ch/document/3410680/0.4,,
H4TEST,EHN1,XVW.X0220406.S,713.805048,4994.343217,2451.913900,406.287228,0.000120,0.000000000,8.3620240,-0.000444000,0.000840479,0.000000,09-SEP-2026,,Magnétique,840559,62447971,62447971,XVW.X0220406,SPXVWMF001,https://edms.cern.ch/document/3410680/0.4,,
H4TEST,EHN1,XWCA.X0220408.E,713.827044,4994.509710,2451.913825,406.455168,,0.000000000,8.3620240,-0.000444000,0.000840479,0.000000,09-SEP-2026,,Magnétique,840522,57698012,57698012,XWCA.X0220408,SPXWCA_,https://edms.cern.ch/document/3410680/0.4,,
H4TEST,EHN1,XSCI.X0220408.E,713.834902,4994.569193,2451.913799,406.515168,,0.000000000,8.3620240,-0.000444000,0.000840479,0.000000,09-SEP-2026,,Magnétique,840445,57698039,57698039,XSCI.X0220408,SPXSCI_,https://edms.cern.ch/document/3410680/0.4,,
H4TEST,EHN1,XWCA.X0220408.S,713.834902,4994.569193,2451.913799,406.515168,0.060000,0.000000000,8.3620240,-0.000444000,0.000840479,0.000000,09-SEP-2026,,Magnétique,840345,57698012,57698012,XWCA.X0220408,SPXWCA_,https://edms.cern.ch/document/3410680/0.4,,
H4TEST,EHN1,XSCI.X0220408.S,713.848000,4994.668332,2451.913754,406.615168,0.100000,0.000000000,8.3620240,-0.000444000,0.000840479,0.000000,09-SEP-2026,,Magnétique,840375,57698039,57698039,XSCI.X0220408,SPXSCI_,https://edms.cern.ch/document/3410680/0.4,,
H4TEST,EHN1,XVW.X0220407.E,713.887546,4994.967671,2451.913620,406.917108,,0.000000000,8.3620240,-0.000444000,0.000840479,0.000000,09-SEP-2026,,Magnétique,840441,57601789,57601789,XVW.X0220407,SPXVWMF001,https://edms.cern.ch/document/3410680/0.4,,
H4TEST,EHN1,XVW.X0220407.S,713.887561,4994.967790,2451.913620,406.917228,0.000120,0.000000000,8.3620240,-0.000444000,0.000840479,0.000000,09-SEP-2026,,Magnétique,840545,57601789,57601789,XVW.X0220407,SPXVWMF001,https://edms.cern.ch/document/3410680/0.4,,
H4TEST,EHN1,QNL.X0220423.E,715.735582,5008.956184,2451.907362,421.027168,,0.000000000,8.3620240,-0.000444000,0.000840479,0.000000,09-SEP-2026,,Magnétique,840415,56047772,56047772,QNL.X0220423,SPQNL__8WP,https://edms.cern.ch/document/3410680/0.4,,
H4TEST,EHN1,QNL.X0220423.S,716.127192,5011.920428,2451.906036,424.017168,2.990000,0.000000000,8.3620240,-0.000444000,0.000840479,0.000000,09-SEP-2026,,Magnétique,840551,56047772,56047772,QNL.X0220423,SPQNL__8WP,https://edms.cern.ch/document/3410680/0.4,,
H4TEST,EHN1,MBXHD.X0220432.E,717.010342,5018.605343,2451.903046,430.760168,,0.000000000,8.3620240,-0.000444000,-1.569955848,0.000000,09-SEP-2026,,Magnétique,840268,56047583,56047583,MBXHD.X0220432,PXMBXHDCWP,https://edms.cern.ch/document/3410680/0.4,,
H4TEST,EHN1,MBXHD.X0220432.S,717.337775,5021.083807,2451.901937,433.260168,2.500000,0.000000000,8.3620240,-0.000444000,-1.569955848,0.000000,09-SEP-2026,,Magnétique,840416,56047583,56047583,MBXHD.X0220432,PXMBXHDCWP,https://edms.cern.ch/document/3410680/0.4,,
H4TEST,EHN1,XFFV.X0220441.E,718.437031,5029.404509,2451.898215,441.653168,,0.000000000,8.3620240,-0.000444000,0.000840479,0.000000,09-SEP-2026,,Magnétique,840471,57698066,57698066,XFFV.X0220441,SPXFF__001,https://edms.cern.ch/document/3410680/0.4,,
H4TEST,EHN1,XFFH.X0220442.E,718.473180,5029.678131,2451.898092,441.929168,,0.000000000,8.3620240,-0.000444000,0.000840479,0.000000,09-SEP-2026,,Magnétique,840247,57698095,57698095,XFFH.X0220442,SPXFF__001,https://edms.cern.ch/document/3410680/0.4,,
H4TEST,EHN1,XFFV.X0220441.S,718.473180,5029.678131,2451.898092,441.929168,0.276000,0.000000000,8.3620240,-0.000444000,0.000840479,0.000000,09-SEP-2026,,Magnétique,840309,57698066,57698066,XFFV.X0220441,SPXFF__001,https://edms.cern.ch/document/3410680/0.4,,
H4TEST,EHN1,XFFH.X0220442.S,718.509328,5029.951754,2451.897970,442.205168,0.276000,0.000000000,8.3620240,-0.000444000,0.000840479,0.000000,09-SEP-2026,,Magnétique,840335,57698095,57698095,XFFH.X0220442,SPXFF__001,https://edms.cern.ch/document/3410680/0.4,,
H4TEST,EHN1,QNL.X0220444.E,718.556479,5030.308652,2451.897810,442.565168,,0.000000000,8.3620240,-0.000444000,0.000840479,0.000000,09-SEP-2026,,Magnétique,840378,56047781,56047781,QNL.X0220444,SPQNL__8WP,https://edms.cern.ch/document/3410680/0.4,,
H4TEST,EHN1,QNL.X0220444.S,718.948088,5033.272896,2451.896484,445.555168,2.990000,0.000000000,8.3620240,-0.000444000,0.000840479,0.000000,09-SEP-2026,,Magnétique,840472,56047781,56047781,QNL.X0220444,SPQNL__8WP,https://edms.cern.ch/document/3410680/0.4,,
H4TEST,EHN1,XVW.X0220446.E,718.983443,5033.540511,2451.896364,445.825108,,0.000000000,8.3620240,-0.000444000,0.000840479,0.000000,09-SEP-2026,,Magnétique,840555,62450442,62450442,XVW.X0220446,,https://edms.cern.ch/document/3410680/0.4,,
H4TEST,EHN1,XVW.X0220446.S,718.983458,5033.540630,2451.896364,445.825228,0.000120,0.000000000,8.3620240,-0.000444000,0.000840479,0.000000,09-SEP-2026,,Magnétique,840496,62450442,62450442,XVW.X0220446,,https://edms.cern.ch/document/3410680/0.4,,
H4TEST,EHN1,XSCI.X0220446.E,719.026017,5033.862771,2451.896220,446.150168,,0.000000000,8.3620240,-0.000444000,0.000840479,0.000000,09-SEP-2026,,Magnétique,840351,57698122,57698122,XSCI.X0220446,SPXSCI_,https://edms.cern.ch/document/3410680/0.4,,
H4TEST,EHN1,XEMC.X0220447.E,719.039114,5033.961909,2451.896176,446.250168,,0.000000000,8.3620240,-0.000444000,0.000840479,0.000000,09-SEP-2026,,Magnétique,840404,57576892,57576892,XEMC.X0220447,,https://edms.cern.ch/document/3410680/0.4,,
H4TEST,EHN1,XSCI.X0220446.S,719.039114,5033.961909,2451.896176,446.250168,0.100000,0.000000000,8.3620240,-0.000444000,0.000840479,0.000000,09-SEP-2026,,Magnétique,840483,57698122,57698122,XSCI.X0220446,SPXSCI_,https://edms.cern.ch/document/3410680/0.4,,
H4TEST,EHN1,XEMC.X0220447.S,719.143892,5034.755018,2451.895821,447.050168,0.800000,0.000000000,8.3620240,-0.000444000,0.000840479,0.000000,09-SEP-2026,,Magnétique,840368,57576892,57576892,XEMC.X0220447,,https://edms.cern.ch/document/3410680/0.4,,
H4TEST,EHN1,XCIO.X0220450.E,719.469360,5037.218612,2451.894719,449.535168,,0.000000000,8.3620240,-0.000444000,0.000840479,0.000000,09-SEP-2026,,Magnétique,840421,57247350,57247350,XCIO.X0220450,SPXCIOB001,https://edms.cern.ch/document/3410680/0.4,,
H4TEST,EHN1,XCIO.X0220450.S,719.665820,5038.705691,2451.894054,451.035168,1.500000,0.000000000,8.3620240,-0.000444000,0.000840479,0.000000,09-SEP-2026,,Magnétique,840264,57247350,57247350,XCIO.X0220450,SPXCIOB001,https://edms.cern.ch/document/3410680/0.4,,
H4TEST,EHN1,XCHV.X0220452.E,719.728032,5039.176599,2451.893843,451.510168,,0.000000000,8.3620240,-0.000444000,0.000840479,0.000000,09-SEP-2026,,Magnétique,840286,56051674,56051674,XCHV.X0220452,SPXCHV_002,https://edms.cern.ch/document/3410680/0.4,,
H4TEST,EHN1,XCHV.X0220452.S,719.859005,5040.167985,2451.893399,452.510168,1.000000,0.000000000,8.3620240,-0.000444000,0.000840479,0.000000,09-SEP-2026,,Magnétique,840275,56051674,56051674,XCHV.X0220452,SPXCHV_002,https://edms.cern.ch/document/3410680/0.4,,
H4TEST,EHN1,XSCI.X0220453.E,719.886378,5040.375184,2451.893307,452.719168,,0.000000000,8.3620240,-0.000444000,0.000840479,0.000000,09-SEP-2026,,Magnétique,840270,57699122,57699122,XSCI.X0220453,SPXSCI_,https://edms.cern.ch/document/3410680/0.4,,
H4TEST,EHN1,XSCI.X0220453.S,719.899476,5040.474323,2451.893262,452.819168,0.100000,0.000000000,8.3620240,-0.000444000,0.000840479,0.000000,09-SEP-2026,,Magnétique,840249,57699122,57699122,XSCI.X0220453,SPXSCI_,https://edms.cern.ch/document/3410680/0.4,,
H4TEST,EHN1,XCET.X0220459.E,720.318393,5043.645270,2451.891844,456.017668,,0.000000000,8.3620240,-0.000444000,0.000840479,0.000000,09-SEP-2026,,Magnétique,840261,56032641,56032641,XCET.X0220459,SPXCET_001,https://edms.cern.ch/document/3410680/0.4,,
H4TEST,EHN1,XCET.X0220459.S,720.318393,5043.645270,2451.891844,456.017669,0.000001,0.000000000,8.3620240,-0.000444000,0.000840479,0.000000,09-SEP-2026,,Magnétique,840499,56032641,56032641,XCET.X0220459,SPXCET_001,https://edms.cern.ch/document/3410680/0.4,,
H4TEST,EHN1,XCET.X0220465.E,721.181505,5050.178503,2451.888921,462.607668,,0.000000000,8.3620240,-0.000444000,0.000840479,0.000000,09-SEP-2026,,Magnétique,840572,56032650,56032650,XCET.X0220465,SPXCET_001,https://edms.cern.ch/document/3410680/0.4,,
H4TEST,EHN1,XCET.X0220465.S,721.181505,5050.178503,2451.888921,462.607669,0.000001,0.000000000,8.3620240,-0.000444000,0.000840479,0.000000,09-SEP-2026,,Magnétique,840380,56032650,56032650,XCET.X0220465,SPXCET_001,https://edms.cern.ch/document/3410680/0.4,,
H4TEST,EHN1,XSCI.X0220466.E,721.620592,5053.502124,2451.887434,465.960168,,0.000000000,8.3620240,-0.000444000,0.000840479,0.000000,09-SEP-2026,,Magnétique,840369,57699145,57699145,XSCI.X0220466,SPXSCI_,https://edms.cern.ch/document/3410680/0.4,,
H4TEST,EHN1,XSCI.X0220466.S,721.633689,5053.601263,2451.887390,466.060168,0.100000,0.000000000,8.3620240,-0.000444000,0.000840479,0.000000,09-SEP-2026,,Magnétique,840574,57699145,57699145,XSCI.X0220466,SPXSCI_,https://edms.cern.ch/document/3410680/0.4,,
H4TEST,EHN1,XVW.X0220466.E,721.646386,5053.697368,2451.887347,466.157108,,0.000000000,8.3620240,-0.000444000,0.000840479,0.000000,09-SEP-2026,,Magnétique,840548,57601816,57601816,XVW.X0220466,SPXVWMF001,https://edms.cern.ch/document/3410680/0.4,,
H4TEST,EHN1,XVW.X0220466.S,721.646401,5053.697487,2451.887347,466.157228,0.000120,0.000000000,8.3620240,-0.000444000,0.000840479,0.000000,09-SEP-2026,,Magnétique,840253,57601816,57601816,XVW.X0220466,SPXVWMF001,https://edms.cern.ch/document/3410680/0.4,,
H4TEST,EHN1,QNL.X0220476.E,722.620832,5061.073338,2451.884047,473.597168,,0.000000000,8.3620240,-0.000444000,0.000840479,0.000000,09-SEP-2026,,Magnétique,840315,56047790,56047790,QNL.X0220476,SPQNL__8WP,https://edms.cern.ch/document/3410680/0.4,,
H4TEST,EHN1,QNL.X0220476.S,723.012442,5064.037581,2451.882721,476.587168,2.990000,0.000000000,8.3620240,-0.000444000,0.000840479,0.000000,09-SEP-2026,,Magnétique,840371,56047790,56047790,QNL.X0220476,SPQNL__8WP,https://edms.cern.ch/document/3410680/0.4,,
H4TEST,EHN1,QNL.X0220479.E,723.070070,5064.473791,2451.882526,477.027168,,0.000000000,8.3620240,-0.000444000,0.000840479,0.000000,09-SEP-2026,,Magnétique,840318,56047799,56047799,QNL.X0220479,SPQNL__8WP,https://edms.cern.ch/document/3410680/0.4,,
H4TEST,EHN1,QNL.X0220479.S,723.461679,5067.438035,2451.881200,480.017168,2.990000,0.000000000,8.3620240,-0.000444000,0.000840479,0.000000,09-SEP-2026,,Magnétique,840277,56047799,56047799,QNL.X0220479,SPQNL__8WP,https://edms.cern.ch/document/3410680/0.4,,
H4TEST,EHN1,XVW.X0220480.E,723.497034,5067.705650,2451.881080,480.287108,,0.000000000,8.3620240,-0.000444000,0.000840479,0.000000,09-SEP-2026,,Magnétique,840566,57601825,57601825,XVW.X0220480,SPXVWMF001,https://edms.cern.ch/document/3410680/0.4,,
H4TEST,EHN1,XVW.X0220480.S,723.497050,5067.705769,2451.881080,480.287228,0.000120,0.000000000,8.3620240,-0.000444000,0.000840479,0.000000,09-SEP-2026,,Magnétique,840562,57601825,57601825,XVW.X0220480,SPXVWMF001,https://edms.cern.ch/document/3410680/0.4,,
H4TEST,EHN1,XSCI.X0220480.E,723.508829,5067.794934,2451.881040,480.377168,,0.000000000,8.3620240,-0.000444000,0.000840479,0.000000,09-SEP-2026,,Magnétique,840468,57699168,57699168,XSCI.X0220480,SPXSCI_,https://edms.cern.ch/document/3410680/0.4,,
H4TEST,EHN1,XSCI.X0220480.S,723.521927,5067.894072,2451.880996,480.477168,0.100000,0.000000000,8.3620240,-0.000444000,0.000840479,0.000000,09-SEP-2026,,Magnétique,840392,57699168,57699168,XSCI.X0220480,SPXSCI_,https://edms.cern.ch/document/3410680/0.4,,
H4TEST,EHN1,XSCI.X0220481.E,723.521927,5067.894072,2451.880996,480.477168,,0.000000000,8.3620240,-0.000444000,0.000840479,0.000000,09-SEP-2026,,Magnétique,840453,57699191,57699191,XSCI.X0220481,SPXSCI_,https://edms.cern.ch/document/3410680/0.4,,
H4TEST,EHN1,XSCI.X0220481.S,723.535024,5067.993211,2451.880951,480.577168,0.100000,0.000000000,8.3620240,-0.000444000,0.000840479,0.000000,09-SEP-2026,,Magnétique,840553,57699191,57699191,XSCI.X0220481,SPXSCI_,https://edms.cern.ch/document/3410680/0.4,,
H4TEST,EHN1,XVW.X0220481.E,723.549423,5068.102204,2451.880903,480.687108,,0.000000000,8.3620240,-0.000444000,0.000840479,0.000000,09-SEP-2026,,Magnétique,840405,57601834,57601834,XVW.X0220481,SPXVWMF001,https://edms.cern.ch/document/3410680/0.4,,
H4TEST,EHN1,XVW.X0220481.S,723.549439,5068.102323,2451.880903,480.687228,0.000120,0.000000000,8.3620240,-0.000444000,0.000840479,0.000000,09-SEP-2026,,Magnétique,840422,57601834,57601834,XVW.X0220481,SPXVWMF001,https://edms.cern.ch/document/3410680/0.4,,
H4TEST,EHN1,MCXCA.X0220481.E,723.573661,5068.285670,2451.880821,480.872168,,0.000000000,8.3620240,-0.000444000,0.000840479,0.000000,09-SEP-2026,,Magnétique,840262,56048114,56048114,MCXCA.X0220481,PXMCXCAHWC,https://edms.cern.ch/document/3410680/0.4,,
H4TEST,EHN1,MCXCA.X0220481.S,723.626050,5068.682224,2451.880643,481.272168,0.400000,0.000000000,8.3620240,-0.000444000,0.000840479,0.000000,09-SEP-2026,,Magnétique,840590,56048114,56048114,MCXCA.X0220481,PXMCXCAHWC,https://edms.cern.ch/document/3410680/0.4,,
H4TEST,EHN1,MCXCA.X0220483.E,723.674510,5069.049037,2451.880479,481.642168,,0.000000000,8.3620240,-0.000444000,-1.569955848,0.000000,09-SEP-2026,,Magnétique,840381,56048123,56048123,MCXCA.X0220483,PXMCXCAHWC,https://edms.cern.ch/document/3410680/0.4,,
H4TEST,EHN1,MCXCA.X0220483.S,723.726899,5069.445591,2451.880302,482.042168,0.400000,0.000000000,8.3620240,-0.000444000,-1.569955848,0.000000,09-SEP-2026,,Magnétique,840461,56048123,56048123,MCXCA.X0220483,PXMCXCAHWC,https://edms.cern.ch/document/3410680/0.4,,
H4TEST,EHN1,XFFV.X0220483.E,723.775359,5069.812404,2451.880137,482.412168,,0.000000000,8.3620240,-0.000444000,0.000840479,0.000000,09-SEP-2026,,Magnétique,840255,57699214,57699214,XFFV.X0220483,SPXFF__001,https://edms.cern.ch/document/3410680/0.4,,
H4TEST,EHN1,XFFH.X0220483.E,723.811508,5070.086026,2451.880015,482.688168,,0.000000000,8.3620240,-0.000444000,0.000840479,0.000000,09-SEP-2026,,Magnétique,840226,57699237,57699237,XFFH.X0220483,SPXFF__001,https://edms.cern.ch/document/3410680/0.4,,
H4TEST,EHN1,XFFV.X0220483.S,723.811508,5070.086026,2451.880015,482.688168,0.276000,0.000000000,8.3620240,-0.000444000,0.000840479,0.000000,09-SEP-2026,,Magnétique,840290,57699214,57699214,XFFV.X0220483,SPXFF__001,https://edms.cern.ch/document/3410680/0.4,,
H4TEST,EHN1,XFFH.X0220483.S,723.847656,5070.359649,2451.879893,482.964168,0.276000,0.000000000,8.3620240,-0.000444000,0.000840479,0.000000,09-SEP-2026,,Magnétique,840447,57699237,57699237,XFFH.X0220483,SPXFF__001,https://edms.cern.ch/document/3410680/0.4,,
H4TEST,EHN1,XDWC.X0220483.E,723.881316,5070.614435,2451.879779,483.221168,,0.000000000,8.3620240,-0.000444000,0.000840479,0.000000,09-SEP-2026,,Magnétique,840582,57699260,57699260,XDWC.X0220483,SPXDWC_,https://edms.cern.ch/document/3410680/0.4,,
H4TEST,EHN1,XDWC.X0220483.S,723.889175,5070.673918,2451.879752,483.281168,0.060000,0.000000000,8.3620240,-0.000444000,0.000840479,0.000000,09-SEP-2026,,Magnétique,840456,57699260,57699260,XDWC.X0220483,SPXDWC_,https://edms.cern.ch/document/3410680/0.4,,
H4TEST,EHN1,XFFV.X0220488.E,724.344830,5074.122950,2451.878209,486.760168,,0.000000000,8.3620240,-0.000444000,0.000840479,0.000000,09-SEP-2026,,Magnétique,840316,57768947,57768947,XFFV.X0220488,,https://edms.cern.ch/document/3410680/0.4,,
H4TEST,EHN1,XFFH.X0220489.E,724.380978,5074.396572,2451.878087,487.036168,,0.000000000,8.3620240,-0.000444000,0.000840479,0.000000,09-SEP-2026,,Magnétique,840389,57768983,57768983,XFFH.X0220489,,https://edms.cern.ch/document/3410680/0.4,,
H4TEST,EHN1,XFFV.X0220488.S,724.380978,5074.396572,2451.878087,487.036168,0.276000,0.000000000,8.3620240,-0.000444000,0.000840479,0.000000,09-SEP-2026,,Magnétique,840276,57768947,57768947,XFFV.X0220488,,https://edms.cern.ch/document/3410680/0.4,,
H4TEST,EHN1,XFFH.X0220489.S,724.417127,5074.670195,2451.877964,487.312168,0.276000,0.000000000,8.3620240,-0.000444000,0.000840479,0.000000,09-SEP-2026,,Magnétique,840313,57768983,57768983,XFFH.X0220489,,https://edms.cern.ch/document/3410680/0.4,,
H4TEST,EHN1,XVW.X0220487.E,724.440708,5074.848692,2451.877884,487.492217,,0.000000000,8.3620240,-0.000444000,0.000840479,0.000000,09-SEP-2026,,Magnétique,840237,57601843,57601843,XVW.X0220487,,https://edms.cern.ch/document/3410680/0.4,,
H4TEST,EHN1,XVW.X0220487.S,724.440724,5074.848811,2451.877884,487.492337,0.000120,0.000000000,8.3620240,-0.000444000,0.000840479,0.000000,09-SEP-2026,,Magnétique,840523,57601843,57601843,XVW.X0220487,,https://edms.cern.ch/document/3410680/0.4,,
H4TEST,EHN1,XVW.X0220488.E,724.478691,5075.136194,2451.877756,487.782217,,0.000000000,8.3620240,-0.000444000,0.000840479,0.000000,09-SEP-2026,,Magnétique,840359,57601852,57601852,XVW.X0220488,,https://edms.cern.ch/document/3410680/0.4,,
H4TEST,EHN1,XVW.X0220488.S,724.478706,5075.136313,2451.877756,487.782337,0.000120,0.000000000,8.3620240,-0.000444000,0.000840479,0.000000,09-SEP-2026,,Magnétique,840239,57601852,57601852,XVW.X0220488,,https://edms.cern.ch/document/3410680/0.4,,
H4TEST,EHN1,MBHHE.X0220496.E,725.331174,5081.588977,2451.874869,494.291068,,0.000000000,8.3620240,-0.000444000,0.000840479,0.000000,09-SEP-2026,,Magnétique,840382,63497211,63497211,MBHHE.X0220496,PXMBHHEHWC,https://edms.cern.ch/document/3410680/0.4,,
H4TEST,EHN1,MBHHE.X0220496.S,725.593120,5083.571749,2451.873982,496.291068,2.000000,0.000000000,8.3620240,-0.000444000,0.000840479,0.000000,09-SEP-2026,,Magnétique,840386,63497211,63497211,MBHHE.X0220496,PXMBHHEHWC,https://edms.cern.ch/document/3410680/0.4,,
H4TEST,EHN1,XDWC.X0220496.E,725.604528,5083.658099,2451.873943,496.378168,,0.000000000,8.3620240,-0.000444000,0.000840479,0.000000,09-SEP-2026,,Magnétique,840230,57753875,57753875,XDWC.X0220496,SPXDWC_,https://edms.cern.ch/document/3410680/0.4,,
H4TEST,EHN1,XDWC.X0220496.S,725.612386,5083.717582,2451.873917,496.438168,0.060000,0.000000000,8.3620240,-0.000444000,0.000840479,0.000000,09-SEP-2026,,Magnétique,840428,57753875,57753875,XDWC.X0220496,SPXDWC_,https://edms.cern.ch/document/3410680/0.4,,
H4TEST,EHN1,HXGOL.X0220496.E,725.683636,5084.256896,2451.873676,496.982168,,0.000000000,8.3620240,-0.000444000,0.000840479,0.000000,09-SEP-2026,,Magnétique,840343,63384564,63384564,HXGOL.X0220496,SPHXGOL001,https://edms.cern.ch/document/3410680/0.4,,
H4TEST,EHN1,HXGOL.X0220496.S,725.948201,5086.259495,2451.872780,499.002168,2.020000,0.000000000,8.3620240,-0.000444000,0.000840479,0.000000,09-SEP-2026,,Magnétique,840406,63384564,63384564,HXGOL.X0220496,SPHXGOL001,https://edms.cern.ch/document/3410680/0.4,,
H4TEST,EHN1,XDWC.X0220500.E,726.116502,5087.533426,2451.872210,500.287168,,0.000000000,8.3620240,-0.000444000,0.000840479,0.000000,09-SEP-2026,,Magnétique,840423,57753914,57753914,XDWC.X0220500,SPXDWC_,https://edms.cern.ch/document/3410680/0.4,,
H4TEST,EHN1,XDWC.X0220500.S,726.124360,5087.592909,2451.872183,500.347168,0.060000,0.000000000,8.3620240,-0.000444000,0.000840479,0.000000,09-SEP-2026,,Magnétique,840429,57753914,57753914,XDWC.X0220500,SPXDWC_,https://edms.cern.ch/document/3410680/0.4,,
H4TEST,EHN1,EXP.X0220506.E,726.794950,5092.668866,2451.869912,505.467230,,0.000000000,8.3620240,-0.000444000,0.000840479,0.000000,09-SEP-2026,,Magnétique,840546,62384800,62384800,EXP.X0220506,SPSX_EXP,https://edms.cern.ch/document/3410680/0.4,,
H4TEST,EHN1,EXP.X0220506.S,726.794950,5092.668866,2451.869912,505.467231,0.000001,0.000000000,8.3620240,-0.000444000,0.000840479,0.000000,09-SEP-2026,,Magnétique,840300,62384800,62384800,EXP.X0220506,SPSX_EXP,https://edms.cern.ch/document/3410680/0.4,,
H4TEST,EHN1,XVW.X0220515.E,728.066696,5102.295209,2451.865606,515.177217,,0.000000000,8.3620240,-0.000444000,0.000840479,0.000000,09-SEP-2026,,Magnétique,840292,57601861,57601861,XVW.X0220515,,https://edms.cern.ch/document/3410680/0.4,,
H4TEST,EHN1,XVW.X0220515.S,728.066711,5102.295328,2451.865606,515.177337,0.000120,0.000000000,8.3620240,-0.000444000,0.000840479,0.000000,09-SEP-2026,,Magnétique,840524,57601861,57601861,XVW.X0220515,,https://edms.cern.ch/document/3410680/0.4,,
H4TEST,EHN1,XSCI.X0220515.E,728.085026,5102.433955,2451.865544,515.317168,,0.000000000,8.3620240,-0.000444000,0.000840479,0.000000,09-SEP-2026,,Magnétique,840517,57699283,57699283,XSCI.X0220515,SPXSCI_,https://edms.cern.ch/document/3410680/0.4,,
H4TEST,EHN1,XSCI.X0220515.S,728.098123,5102.533094,2451.865499,515.417168,0.100000,0.000000000,8.3620240,-0.000444000,0.000840479,0.000000,09-SEP-2026,,Magnétique,840598,57699283,57699283,XSCI.X0220515,SPXSCI_,https://edms.cern.ch/document/3410680/0.4,,
H4TEST,EHN1,XTDV.X0220520.E,728.375131,5104.629875,2451.864561,517.532168,,0.000000000,8.3620240,-0.000444000,0.000840479,0.000000,09-SEP-2026,,Magnétique,840407,57611781,57611781,XTDV.X0220520,SPXTDV_001,https://edms.cern.ch/document/3410680/0.4,,
H4TEST,EHN1,XTDV.X0220520.S,728.584688,5106.216092,2451.863852,519.132168,1.600000,0.000000000,8.3620240,-0.000444000,0.000840479,0.000000,09-SEP-2026,,Magnétique,840417,57611781,57611781,XTDV.X0220520,SPXTDV_001,https://edms.cern.ch/document/3410680/0.4,,
H4TEST,EHN1,XTDV.X0220521.E,728.584688,5106.216092,2451.863852,519.132168,,0.000000000,8.3620240,-0.000444000,0.000840479,0.000000,09-SEP-2026,,Magnétique,840576,58237801,58237801,XTDV.X0220521,SPXTDV_001,https://edms.cern.ch/document/3410680/0.4,,
H4TEST,EHN1,XTDV.X0220521.S,728.794244,5107.802309,2451.863142,520.732168,1.600000,0.000000000,8.3620240,-0.000444000,0.000840479,0.000000,09-SEP-2026,,Magnétique,840340,58237801,58237801,XTDV.X0220521,SPXTDV_001,https://edms.cern.ch/document/3410680/0.4,,
H4TEST,EHN1,XVW.X0220520.E,728.824374,5108.030376,2451.863040,520.962217,,0.000000000,8.3620240,-0.000444000,0.000840479,0.000000,09-SEP-2026,,Magnétique,840241,57601870,57601870,XVW.X0220520,,https://edms.cern.ch/document/3410680/0.4,,
H4TEST,EHN1,XVW.X0220520.S,728.824390,5108.030495,2451.863040,520.962337,0.000120,0.000000000,8.3620240,-0.000444000,0.000840479,0.000000,09-SEP-2026,,Magnétique,840543,57601870,57601870,XVW.X0220520,,https://edms.cern.ch/document/3410680/0.4,,
H4TEST,EHN1,XVW.X0220521.E,728.870201,5108.377254,2451.862885,521.312108,,0.000000000,8.3620240,-0.000444000,0.000840479,0.000000,09-SEP-2026,,Magnétique,840430,57601879,57601879,XVW.X0220521,,https://edms.cern.ch/document/3410680/0.4,,
H4TEST,EHN1,XVW.X0220521.S,728.870216,5108.377373,2451.862885,521.312228,0.000120,0.000000000,8.3620240,-0.000444000,0.000840479,0.000000,09-SEP-2026,,Magnétique,840504,57601879,57601879,XVW.X0220521,,https://edms.cern.ch/document/3410680/0.4,,
H4TEST,EHN1,QNL.X0220526.E,729.281464,5111.490265,2451.861492,524.452168,,0.000000000,8.3620240,-0.000444000,0.000840479,0.000000,09-SEP-2026,,Magnétique,840466,57387100,57387100,QNL.X0220526,SPQNL__8WP,https://edms.cern.ch/document/3410680/0.4,,
H4TEST,EHN1,QNL.X0220526.S,729.673073,5114.454508,2451.860166,527.442168,2.990000,0.000000000,8.3620240,-0.000444000,0.000840479,0.000000,09-SEP-2026,,Magnétique,840372,57387100,57387100,QNL.X0220526,SPQNL__8WP,https://edms.cern.ch/document/3410680/0.4,,
H4TEST,EHN1,QNL.X0220538.E,730.851830,5123.376981,2451.856175,536.442168,,0.000000000,8.3620240,-0.000444000,0.000840479,0.000000,09-SEP-2026,,Magnétique,840344,57387141,57387141,QNL.X0220538,SPQNL__8WP,https://edms.cern.ch/document/3410680/0.4,,
H4TEST,EHN1,QNL.X0220538.S,731.243439,5126.341224,2451.854848,539.432168,2.990000,0.000000000,8.3620240,-0.000444000,0.000840479,0.000000,09-SEP-2026,,Magnétique,840396,57387141,57387141,QNL.X0220538,SPQNL__8WP,https://edms.cern.ch/document/3410680/0.4,,
H4TEST,EHN1,XWCA.X0220540.E,731.289673,5126.691184,2451.854692,539.785168,,0.000000000,8.3620240,-0.000444000,0.000840479,0.000000,09-SEP-2026,,Magnétique,840463,57699337,57699337,XWCA.X0220540,SPXWCA_,https://edms.cern.ch/document/3410680/0.4,,
H4TEST,EHN1,XSCI.X0220540.E,731.297531,5126.750667,2451.854665,539.845168,,0.000000000,8.3620240,-0.000444000,0.000840479,0.000000,09-SEP-2026,,Magnétique,840326,57699314,57699314,XSCI.X0220540,SPXSCI_,https://edms.cern.ch/document/3410680/0.4,,
H4TEST,EHN1,XWCA.X0220540.S,731.297531,5126.750667,2451.854665,539.845168,0.060000,0.000000000,8.3620240,-0.000444000,0.000840479,0.000000,09-SEP-2026,,Magnétique,840591,57699337,57699337,XWCA.X0220540,SPXWCA_,https://edms.cern.ch/document/3410680/0.4,,
H4TEST,EHN1,XSCI.X0220540.S,731.310628,5126.849805,2451.854621,539.945168,0.100000,0.000000000,8.3620240,-0.000444000,0.000840479,0.000000,09-SEP-2026,,Magnétique,840352,57699314,57699314,XSCI.X0220540,SPXSCI_,https://edms.cern.ch/document/3410680/0.4,,
H4TEST,EHN1,MBHHE.X0220544.E,731.683508,5129.672281,2451.853358,542.792168,,0.000000000,8.3620240,-0.000444000,0.000840479,0.000000,09-SEP-2026,,Magnétique,840491,57386659,57386659,MBHHE.X0220544,PXMBHHEHWC,https://edms.cern.ch/document/3410680/0.4,,
H4TEST,EHN1,MBHHE.X0220544.S,731.945454,5131.655052,2451.852471,544.792168,2.000000,0.000000000,8.3620240,-0.000444000,0.000840479,0.000000,09-SEP-2026,,Magnétique,840399,57386659,57386659,MBHHE.X0220544,PXMBHHEHWC,https://edms.cern.ch/document/3410680/0.4,,
H4TEST,EHN1,MBHHE.X0220547.E,732.078130,5132.659326,2451.852022,545.805168,,0.000000000,8.3620240,-0.000444000,0.000840479,0.000000,09-SEP-2026,,Magnétique,840265,57386618,57386618,MBHHE.X0220547,PXMBHHEHWC,https://edms.cern.ch/document/3410680/0.4,,
H4TEST,EHN1,MBHHE.X0220547.S,732.340076,5134.642098,2451.851135,547.805168,2.000000,0.000000000,8.3620240,-0.000444000,0.000840479,0.000000,09-SEP-2026,,Magnétique,840438,57386618,57386618,MBHHE.X0220547,PXMBHHEHWC,https://edms.cern.ch/document/3410680/0.4,,
H4TEST,EHN1,MBHHE.X0220580.E,736.526235,5166.328772,2451.836959,579.767168,,0.000000000,8.3620240,-0.000444000,0.000840479,0.000000,09-SEP-2026,,Magnétique,840341,57386546,57386546,MBHHE.X0220580,PXMBHHEHWC,https://edms.cern.ch/document/3410680/0.4,,
H4TEST,EHN1,MBHHE.X0220580.S,736.788181,5168.311544,2451.836072,581.767168,2.000000,0.000000000,8.3620240,-0.000444000,0.000840479,0.000000,09-SEP-2026,,Magnétique,840457,57386546,57386546,MBHHE.X0220580,PXMBHHEHWC,https://edms.cern.ch/document/3410680/0.4,,
H4TEST,EHN1,XSCI.X0220596.E,738.897894,5184.280787,2451.828928,597.875168,,0.000000000,8.3620240,-0.000444000,0.000840479,0.000000,09-SEP-2026,,Magnétique,840506,57699393,57699393,XSCI.X0220596,SPXSCI_,https://edms.cern.ch/document/3410680/0.4,,
H4TEST,EHN1,XSCI.X0220596.S,738.910991,5184.379926,2451.828884,597.975168,0.100000,0.000000000,8.3620240,-0.000444000,0.000840479,0.000000,09-SEP-2026,,Magnétique,840464,57699393,57699393,XSCI.X0220596,SPXSCI_,https://edms.cern.ch/document/3410680/0.4,,
H4TEST,EHN1,XWCM.X0220596.E,738.931161,5184.532599,2451.828816,598.129168,,0.000000000,8.3620240,-0.000444000,0.000840479,0.000000,09-SEP-2026,,Magnétique,840353,57717887,57717887,XWCM.X0220596,SPXWCM_002,https://edms.cern.ch/document/3410680/0.4,,
H4TEST,EHN1,XWCM.X0220596.S,738.944258,5184.631738,2451.828771,598.229168,0.100000,0.000000000,8.3620240,-0.000444000,0.000840479,0.000000,09-SEP-2026,,Magnétique,840242,57717887,57717887,XWCM.X0220596,SPXWCM_002,https://edms.cern.ch/document/3410680/0.4,,
H4TEST,EHN1,XTDV.X0220603.E,739.083875,5185.688555,2451.828298,599.295168,,0.000000000,8.3620240,-0.000444000,0.000840479,0.000000,09-SEP-2026,,Magnétique,840424,57611869,57611869,XTDV.X0220603,SPXTDV_001,https://edms.cern.ch/document/3410680/0.4,,
H4TEST,EHN1,XTDV.X0220603.S,739.293432,5187.274772,2451.827589,600.895168,1.600000,0.000000000,8.3620240,-0.000444000,0.000840479,0.000000,09-SEP-2026,,Magnétique,840487,57611869,57611869,XTDV.X0220603,SPXTDV_001,https://edms.cern.ch/document/3410680/0.4,,
H4TEST,EHN1,XTDV.X0220604.E,739.293432,5187.274772,2451.827589,600.895168,,0.000000000,8.3620240,-0.000444000,0.000840479,0.000000,09-SEP-2026,,Magnétique,840507,58237931,58237931,XTDV.X0220604,SPXTDV_001,https://edms.cern.ch/document/3410680/0.4,,
H4TEST,EHN1,XTDV.X0220604.S,739.502989,5188.860989,2451.826879,602.495168,1.600000,0.000000000,8.3620240,-0.000444000,0.000840479,0.000000,09-SEP-2026,,Magnétique,840408,58237931,58237931,XTDV.X0220604,SPXTDV_001,https://edms.cern.ch/document/3410680/0.4,,
H4TEST,EHN1,EXP.X0220620.E,741.775378,5206.061596,2451.819184,619.845231,,0.000000000,8.3620240,-0.000444000,0.000840479,0.000000,09-SEP-2026,,Magnétique,840451,62387090,62387090,EXP.X0220620,SPSX_EXP,https://edms.cern.ch/document/3410680/0.4,,
H4TEST,EHN1,EXP.X0220620.S,741.775378,5206.061596,2451.819184,619.845232,0.000001,0.000000000,8.3620240,-0.000444000,0.000840479,0.000000,09-SEP-2026,,Magnétique,840413,62387090,62387090,EXP.X0220620,SPSX_EXP,https://edms.cern.ch/document/3410680/0.4,,
H4TEST,EHN1,EXP.X0220623.E,742.158474,5208.961399,2451.817887,622.770231,,0.000000000,8.3620240,-0.000444000,0.000840479,0.000000,09-SEP-2026,,Magnétique,840530,62387015,62387015,EXP.X0220623,SPSX_EXP,https://edms.cern.ch/document/3410680/0.4,,
H4TEST,EHN1,EXP.X0220623.S,742.158474,5208.961399,2451.817887,622.770232,0.000001,0.000000000,8.3620240,-0.000444000,0.000840479,0.000000,09-SEP-2026,,Magnétique,840500,62387015,62387015,EXP.X0220623,SPSX_EXP,https://edms.cern.ch/document/3410680/0.4,,
H4TEST,EHN1,XVW.X0220627.E,742.712474,5213.154840,2451.816011,627.000108,,0.000000000,8.3620240,-0.000444000,0.000840479,0.000000,09-SEP-2026,,Magnétique,840519,57601888,57601888,XVW.X0220627,SPXVWMF001,https://edms.cern.ch/document/3410680/0.4,,
H4TEST,EHN1,XVW.X0220627.S,742.712490,5213.154959,2451.816011,627.000228,0.000120,0.000000000,8.3620240,-0.000444000,0.000840479,0.000000,09-SEP-2026,,Magnétique,840515,57601888,57601888,XVW.X0220627,SPXVWMF001,https://edms.cern.ch/document/3410680/0.4,,
H4TEST,EHN1,XTDV.X0220628.E,742.751119,5213.447358,2451.815880,627.295168,,0.000000000,8.3620240,-0.000444000,0.000840479,0.000000,09-SEP-2026,,Magnétique,840409,57611921,57611921,XTDV.X0220628,SPXTDV_001,https://edms.cern.ch/document/3410680/0.4,,
H4TEST,EHN1,XTDV.X0220628.S,742.960676,5215.033576,2451.815171,628.895168,1.600000,0.000000000,8.3620240,-0.000444000,0.000840479,0.000000,09-SEP-2026,,Magnétique,840266,57611921,57611921,XTDV.X0220628,SPXTDV_001,https://edms.cern.ch/document/3410680/0.4,,
H4TEST,EHN1,XTDV.X0220629.E,742.960676,5215.033576,2451.815171,628.895168,,0.000000000,8.3620240,-0.000444000,0.000840479,0.000000,09-SEP-2026,,Magnétique,840567,58238836,58238836,XTDV.X0220629,SPXTDV_001,https://edms.cern.ch/document/3410680/0.4,,
H4TEST,EHN1,XTDV.X0220629.S,743.170233,5216.619793,2451.814461,630.495168,1.600000,0.000000000,8.3620240,-0.000444000,0.000840479,0.000000,09-SEP-2026,,Magnétique,840393,58238836,58238836,XTDV.X0220629,SPXTDV_001,https://edms.cern.ch/document/3410680/0.4,,
H4TEST,EHN1,XVW.X0220631.E,743.236366,5217.120383,2451.814237,631.000108,,0.000000000,8.3620240,-0.000444000,0.000840479,0.000000,09-SEP-2026,,Magnétique,840533,57601906,57601906,XVW.X0220631,SPXVWMF001,https://edms.cern.ch/document/3410680/0.4,,
H4TEST,EHN1,XVW.X0220631.S,743.236382,5217.120502,2451.814237,631.000228,0.000120,0.000000000,8.3620240,-0.000444000,0.000840479,0.000000,09-SEP-2026,,Magnétique,840256,57601906,57601906,XVW.X0220631,SPXVWMF001,https://edms.cern.ch/document/3410680/0.4,,
H4TEST,EHN1,XCIO.X0220634.E,743.391315,5218.293252,2451.813712,632.183168,,0.000000000,8.3620240,-0.000444000,0.000840479,0.000000,09-SEP-2026,,Magnétique,840330,57247359,57247359,XCIO.X0220634,SPXCIOP002,https://edms.cern.ch/document/3410680/0.4,,
H4TEST,EHN1,XCIO.X0220634.S,743.404412,5218.392391,2451.813668,632.283168,0.100000,0.000000000,8.3620240,-0.000444000,0.000840479,0.000000,09-SEP-2026,,Magnétique,840513,57247359,57247359,XCIO.X0220634,SPXCIOP002,https://edms.cern.ch/document/3410680/0.4,,
H4TEST,EHN1,MBHHE.X0220635.E,743.484568,5218.999119,2451.813396,632.895168,,-0.006800116,8.3620240,-0.000444000,0.000840479,0.000000,09-SEP-2026,,Magnétique,840431,56047610,56047610,MBHHE.X0220635,PXMBHHEHWC,https://edms.cern.ch/document/3410680/0.4,,
H4TEST,EHN1,MBHHE.X0220635.S,743.759991,5220.980064,2451.812521,634.895184,2.000015,-0.006800116,9.2278420,-0.000432000,0.000840479,0.000000,09-SEP-2026,,Magnétique,840492,56047610,56047610,MBHHE.X0220635,PXMBHHEHWC,https://edms.cern.ch/document/3410680/0.4,,
H4TEST,EHN1,XVW.X0220645.E,745.219584,5230.979033,2451.808155,645.000124,,0.000000000,9.2278420,-0.000432000,0.000846433,0.000000,09-SEP-2026,,Magnétique,840469,57601915,57601915,XVW.X0220645,SPXVWMF001,https://edms.cern.ch/document/3410680/0.4,,
H4TEST,EHN1,XVW.X0220645.S,745.219601,5230.979151,2451.808155,645.000244,0.000120,0.000000000,9.2278420,-0.000432000,0.000846433,0.000000,09-SEP-2026,,Magnétique,840233,57601915,57601915,XVW.X0220645,SPXVWMF001,https://edms.cern.ch/document/3410680/0.4,,
H4TEST,EHN1,MBHHE.X0220652.E,746.177975,5237.544510,2451.805289,651.635184,,-0.006800116,9.2278420,-0.000432000,0.000846433,0.000000,09-SEP-2026,,Magnétique,840221,56047619,56047619,MBHHE.X0220652,PXMBHHEHWC,https://edms.cern.ch/document/3410680/0.4,,
H4TEST,EHN1,MBHHE.X0220652.S,746.480313,5239.521526,2451.804436,653.635199,2.000015,-0.006800116,10.0936590,-0.000420000,0.000846433,0.000000,09-SEP-2026,,Magnétique,840556,56047619,56047619,MBHHE.X0220652,PXMBHHEHWC,https://edms.cern.ch/document/3410680/0.4,,
H4TEST,EHN1,EXP.X0220656.E,746.653999,5240.607791,2451.803973,654.735262,,0.000000000,10.0936590,-0.000420000,0.000852230,0.000000,09-SEP-2026,,Magnétique,840243,62387053,62387053,EXP.X0220656,SPSX_EXP,https://edms.cern.ch/document/3410680/0.4,,
H4TEST,EHN1,EXP.X0220656.S,746.653999,5240.607791,2451.803973,654.735263,0.000001,0.000000000,10.0936590,-0.000420000,0.000852230,0.000000,09-SEP-2026,,Magnétique,840560,62387053,62387053,EXP.X0220656,SPSX_EXP,https://edms.cern.ch/document/3410680/0.4,,
H4TEST,EHN1,XTDV.X0220667.E,747.964454,5248.803621,2451.800483,663.035198,,0.000000000,10.0936590,-0.000420000,0.000852230,0.000000,09-SEP-2026,,Magnétique,840573,57611957,57611957,XTDV.X0220667,SPXTDV_002,https://edms.cern.ch/document/3410680/0.4,,
H4TEST,EHN1,XTDV.X0220667.S,748.217074,5250.383553,2451.799811,664.635198,1.600000,0.000000000,10.0936590,-0.000420000,0.000852230,0.000000,09-SEP-2026,,Magnétique,840322,57611957,57611957,XTDV.X0220667,SPXTDV_002,https://edms.cern.ch/document/3410680/0.4,,
H4TEST,EHN1,XTDV.X0220668.E,748.217074,5250.383553,2451.799811,664.635198,,0.000000000,10.0936590,-0.000420000,0.000852230,0.000000,09-SEP-2026,,Magnétique,840363,58238889,58238889,XTDV.X0220668,SPXTDV_002,https://edms.cern.ch/document/3410680/0.4,,
H4TEST,EHN1,XTDV.X0220668.S,748.469694,5251.963484,2451.799138,666.235198,1.600000,0.000000000,10.0936590,-0.000420000,0.000852230,0.000000,09-SEP-2026,,Magnétique,840224,58238889,58238889,XTDV.X0220668,SPXTDV_002,https://edms.cern.ch/document/3410680/0.4,,
H4TEST,EHN1,XVW.X0220669.E,748.483177,5252.047813,2451.799102,666.320598,,0.000000000,10.0936590,-0.000420000,0.000852230,0.000000,09-SEP-2026,,Magnétique,840222,62242998,62242998,XVW.X0220669,SPXVWAN001,https://edms.cern.ch/document/3410680/0.4,,
H4TEST,EHN1,XVW.X0220669.S,748.483209,5252.048010,2451.799102,666.320798,0.000200,0.000000000,10.0936590,-0.000420000,0.000852230,0.000000,09-SEP-2026,,Magnétique,840540,62242998,62242998,XVW.X0220669,SPXVWAN001,https://edms.cern.ch/document/3410680/0.4,,
H4TEST,EHN1,XVW.X0220672.E,750.725052,5266.068913,2451.793131,680.519798,,0.000000000,10.0936590,-0.000420000,0.000852230,0.000000,09-SEP-2026,,Magnétique,840432,62243064,62243064,XVW.X0220672,SPXVWAN001,https://edms.cern.ch/document/3410680/0.4,,
H4TEST,EHN1,XVW.X0220672.S,750.725083,5266.069110,2451.793131,680.519998,0.000200,0.000000000,10.0936590,-0.000420000,0.000852230,0.000000,09-SEP-2026,,Magnétique,840390,62243064,62243064,XVW.X0220672,SPXVWAN001,https://edms.cern.ch/document/3410680/0.4,,
H4TEST,EHN1,XWCA.X0220680.E,750.759219,5266.282598,2451.793040,680.736198,,0.000000000,10.0936590,-0.000420000,0.000852230,0.000000,09-SEP-2026,,Magnétique,840520,57702748,57702748,XWCA.X0220680,SPXWCA_,https://edms.cern.ch/document/3410680/0.4,,
H4TEST,EHN1,XSCI.X0220680.E,750.768692,5266.341846,2451.793015,680.796198,,0.000000000,10.0936590,-0.000420000,0.000852230,0.000000,09-SEP-2026,,Magnétique,840586,57702771,57702771,XSCI.X0220680,SPXSCI_,https://edms.cern.ch/document/3410680/0.4,,
H4TEST,EHN1,XWCA.X0220680.S,750.768692,5266.341846,2451.793015,680.796198,0.060000,0.000000000,10.0936590,-0.000420000,0.000852230,0.000000,09-SEP-2026,,Magnétique,840327,57702748,57702748,XWCA.X0220680,SPXWCA_,https://edms.cern.ch/document/3410680/0.4,,
H4TEST,EHN1,XSCI.X0220680.S,750.784481,5266.440591,2451.792973,680.896198,0.100000,0.000000000,10.0936590,-0.000420000,0.000852230,0.000000,09-SEP-2026,,Magnétique,840526,57702771,57702771,XSCI.X0220680,SPXSCI_,https://edms.cern.ch/document/3410680/0.4,,
H4TEST,EHN1,XCON.X0220681.E,750.812900,5266.618334,2451.792897,681.076198,,0.000000000,10.0936590,-0.000420000,0.000852230,0.000000,09-SEP-2026,,Magnétique,840516,57588577,57588577,XCON.X0220681,SPXCON_008,https://edms.cern.ch/document/3410680/0.4,,
H4TEST,EHN1,XCON.X0220681.S,750.860266,5266.914571,2451.792771,681.376198,0.300000,0.000000000,10.0936590,-0.000420000,0.000852230,0.000000,09-SEP-2026,,Magnétique,840577,57588577,57588577,XCON.X0220681,SPXCON_008,https://edms.cern.ch/document/3410680/0.4,,
H4TEST,EHN1,XVW.X0220682.E,750.955780,5267.511933,2451.792517,681.981148,,0.000000000,10.0936590,-0.000420000,0.000852230,0.000000,09-SEP-2026,,Magnétique,840301,61761193,61761193,XVW.X0220682,SPXVWMA001,https://edms.cern.ch/document/3410680/0.4,,
H4TEST,EHN1,XVW.X0220682.S,750.955796,5267.512032,2451.792517,681.981248,0.000100,0.000000000,10.0936590,-0.000420000,0.000852230,0.000000,09-SEP-2026,,Magnétique,840284,61761193,61761193,XVW.X0220682,SPXVWMA001,https://edms.cern.ch/document/3410680/0.4,,
H4TEST,EHN1,MQNFB.X0220683.E,751.007575,5267.835868,2451.792379,682.309198,,0.000000000,10.0936590,-0.000420000,0.580208822,0.000000,09-SEP-2026,,Magnétique,840305,56047833,56047833,MQNFB.X0220683,PXMQNFBTWC,https://edms.cern.ch/document/3410680/0.4,,
H4TEST,EHN1,MQNFB.X0220683.S,751.323350,5269.810782,2451.791538,684.309198,2.000000,0.000000000,10.0936590,-0.000420000,0.580208822,0.000000,09-SEP-2026,,Magnétique,840597,56047833,56047833,MQNFB.X0220683,PXMQNFBTWC,https://edms.cern.ch/document/3410680/0.4,,
H4TEST,EHN1,MQNFB.X0220686.E,751.444923,5270.571124,2451.791214,685.079198,,0.000000000,10.0936590,-0.000420000,0.580208822,0.000000,09-SEP-2026,,Magnétique,840342,56047842,56047842,MQNFB.X0220686,PXMQNFBTWC,https://edms.cern.ch/document/3410680/0.4,,
H4TEST,EHN1,MQNFB.X0220686.S,751.760698,5272.546038,2451.790373,687.079198,2.000000,0.000000000,10.0936590,-0.000420000,0.580208822,0.000000,09-SEP-2026,,Magnétique,840294,56047842,56047842,MQNFB.X0220686,PXMQNFBTWC,https://edms.cern.ch/document/3410680/0.4,,
H4TEST,EHN1,XBTF.X0220687.E,751.838063,5273.029892,2451.790167,687.569198,,0.000000000,10.0936590,-0.000420000,-0.990587505,0.000000,09-SEP-2026,,Magnétique,840349,57709654,57709654,XBTF.X0220687,SPXBTF_,https://edms.cern.ch/document/3410680/0.4,,
H4TEST,EHN1,XBTF.X0220687.S,751.862062,5273.179986,2451.790103,687.721198,0.152000,0.000000000,10.0936590,-0.000420000,-0.990587505,0.000000,09-SEP-2026,,Magnétique,840473,57709654,57709654,XBTF.X0220687,SPXBTF_,https://edms.cern.ch/document/3410680/0.4,,
H4TEST,EHN1,XVW.X0220687.E,751.870106,5273.230297,2451.790082,687.772148,,0.000000000,10.0936590,-0.000420000,0.000852230,0.000000,09-SEP-2026,,Magnétique,840527,61598007,61598007,XVW.X0220687,SPXVWMA001,https://edms.cern.ch/document/3410680/0.4,,
H4TEST,EHN1,XVW.X0220687.S,751.870122,5273.230395,2451.790082,687.772248,0.000100,0.000000000,10.0936590,-0.000420000,0.000852230,0.000000,09-SEP-2026,,Magnétique,840331,61598007,61598007,XVW.X0220687,SPXVWMA001,https://edms.cern.ch/document/3410680/0.4,,
H4TEST,EHN1,XVW.X0220688.E,751.886211,5273.331017,2451.790039,687.874148,,0.000000000,10.0936590,-0.000420000,0.000852230,0.000000,09-SEP-2026,,Magnétique,840234,61598114,61598114,XVW.X0220688,SPXVWMA001,https://edms.cern.ch/document/3410680/0.4,,
H4TEST,EHN1,XVW.X0220688.S,751.886226,5273.331116,2451.790039,687.874248,0.000100,0.000000000,10.0936590,-0.000420000,0.000852230,0.000000,09-SEP-2026,,Magnétique,840561,61598114,61598114,XVW.X0220688,SPXVWMA001,https://edms.cern.ch/document/3410680/0.4,,
H4TEST,EHN1,MQNEE.X0220689.E,751.946532,5273.708275,2451.789878,688.256198,,0.000000000,10.0936590,-0.000420000,0.580208822,0.000000,09-SEP-2026,,Magnétique,840287,56047851,56047851,MQNEE.X0220689,PXMQNEETWC,https://edms.cern.ch/document/3410680/0.4,,
H4TEST,EHN1,MQNEE.X0220689.S,752.104419,5274.695732,2451.789458,689.256198,1.000000,0.000000000,10.0936590,-0.000420000,0.580208822,0.000000,09-SEP-2026,,Magnétique,840332,56047851,56047851,MQNEE.X0220689,PXMQNEETWC,https://edms.cern.ch/document/3410680/0.4,,
H4TEST,EHN1,MBHHE.X0220692.E,752.306941,5275.962343,2451.788918,690.538898,,-0.060023281,10.0936590,-0.000420000,-0.990587505,0.000000,09-SEP-2026,,Magnétique,840397,56047628,56047628,MBHHE.X0220692,PXMBHHEHWC,https://edms.cern.ch/document/3410680/0.4,,
H4TEST,EHN1,MBHHE.X0220692.S,752.687085,5277.923275,2451.687738,692.540099,2.001201,-0.060023281,14.2975130,-0.100748000,-0.990587505,0.000000,09-SEP-2026,,Magnétique,840235,56047628,56047628,MBHHE.X0220692,PXMBHHEHWC,https://edms.cern.ch/document/3410680/0.4,,
H4TEST,EHN1,XCSH.X0220694.E,752.841300,5278.598355,2451.617737,693.236099,,0.000000000,14.2975130,-0.100748000,-0.990587916,0.000000,09-SEP-2026,,Magnétique,840448,56998575,56998575,XCSH.X0220694,SPXCSH_001,https://edms.cern.ch/document/3410680/0.4,,
H4TEST,EHN1,XCSH.X0220694.S,753.062872,5279.568298,2451.517160,694.236099,1.000000,0.000000000,14.2975130,-0.100748000,-0.990587916,0.000000,09-SEP-2026,,Magnétique,840465,56998575,56998575,XCSH.X0220694,SPXCSH_001,https://edms.cern.ch/document/3410680/0.4,,
H4TEST,EHN1,MQNFB.X0220696.E,753.194929,5280.146385,2451.457216,694.832099,,0.000000000,14.2975130,-0.100748000,0.580208411,0.000000,09-SEP-2026,,Magnétique,840311,56047869,56047869,MQNFB.X0220696,PXMQNFBTWC,https://edms.cern.ch/document/3410680/0.4,,
H4TEST,EHN1,MQNFB.X0220696.S,753.638074,5282.086271,2451.256061,696.832099,2.000000,0.000000000,14.2975130,-0.100748000,0.580208411,0.000000,09-SEP-2026,,Magnétique,840400,56047869,56047869,MQNFB.X0220696,PXMQNFBTWC,https://edms.cern.ch/document/3410680/0.4,,
H4TEST,EHN1,XBPF.X0220697.E,753.746644,5282.561543,2451.206778,697.322099,,0.000000000,14.2975130,-0.100748000,-0.990587916,0.000000,09-SEP-2026,,Magnétique,840508,57702794,57702794,XBPF.X0220697,SPXBPF_L01,https://edms.cern.ch/document/3410680/0.4,,
H4TEST,EHN1,XBPF.X0220697.S,753.780323,5282.708975,2451.191491,697.474099,0.152000,0.000000000,14.2975130,-0.100748000,-0.990587916,0.000000,09-SEP-2026,,Magnétique,840470,57702794,57702794,XBPF.X0220697,SPXBPF_L01,https://edms.cern.ch/document/3410680/0.4,,
H4TEST,EHN1,MBHHE.X0220699.E,753.976415,5283.567374,2451.102480,698.359099,,-0.060023281,14.2975130,-0.100748000,-0.990587916,0.000000,09-SEP-2026,,Magnétique,840510,56047637,56047637,MBHHE.X0220699,PXMBHHEHWC,https://edms.cern.ch/document/3410680/0.4,,
H4TEST,EHN1,MBHHE.X0220699.S,754.480632,5285.479282,2450.801856,700.360300,2.001201,-0.060023281,18.5659510,-0.200853000,-0.990587916,0.000000,09-SEP-2026,,Magnétique,840317,56047637,56047637,MBHHE.X0220699,PXMBHHEHWC,https://edms.cern.ch/document/3410680/0.4,,
H4TEST,EHN1,XBPF.X0220701.E,754.663761,5286.089320,2450.672178,701.010300,,0.000000000,18.5659510,-0.200853000,-0.990228942,0.000000,09-SEP-2026,,Magnétique,840333,57702824,57702824,XBPF.X0220701,SPXBPF_L01,https://edms.cern.ch/document/3410680/0.4,,
H4TEST,EHN1,XBPF.X0220701.S,754.706585,5286.231975,2450.641853,701.162300,0.152000,0.000000000,18.5659510,-0.200853000,-0.990228942,0.000000,09-SEP-2026,,Magnétique,840364,57702824,57702824,XBPF.X0220701,SPXBPF_L01,https://edms.cern.ch/document/3410680/0.4,,
H4TEST,EHN1,XBTF.X0220702.E,754.751381,5286.381200,2450.610131,701.321300,,0.000000000,18.5659510,-0.200853000,0.000000000,0.000000,09-SEP-2026,,Magnétique,840568,63132162,63132162,XBTF.X0220702,SPXBTF_,https://edms.cern.ch/document/3410680/0.4,,
H4TEST,EHN1,XBPF.X0220702.E,754.794205,5286.523856,2450.579807,701.473300,,0.000000000,18.5659510,-0.200853000,-0.990228942,0.000000,09-SEP-2026,,Magnétique,840319,57702851,57702851,XBPF.X0220702,SPXBPF_L01,https://edms.cern.ch/document/3410680/0.4,,
H4TEST,EHN1,XBTF.X0220702.S,754.794205,5286.523856,2450.579807,701.473300,0.152000,0.000000000,18.5659510,-0.200853000,0.000000000,0.000000,09-SEP-2026,,Magnétique,840401,63132162,63132162,XBTF.X0220702,SPXBTF_,https://edms.cern.ch/document/3410680/0.4,,
H4TEST,EHN1,XBPF.X0220702.S,754.837029,5286.666511,2450.549482,701.625300,0.152000,0.000000000,18.5659510,-0.200853000,-0.990228942,0.000000,09-SEP-2026,,Magnétique,840578,57702851,57702851,XBPF.X0220702,SPXBPF_L01,https://edms.cern.ch/document/3410680/0.4,,
H4TEST,EHN1,MQNEE.X0220703.E,754.975080,5287.126386,2450.451724,702.115300,,0.000000000,18.5659510,-0.200853000,0.580567385,0.000000,09-SEP-2026,,Magnétique,840425,56047878,56047878,MQNEE.X0220703,PXMQNEETWC,https://edms.cern.ch/document/3410680/0.4,,
H4TEST,EHN1,MQNEE.X0220703.S,755.256817,5288.064907,2450.252219,703.115300,1.000000,0.000000000,18.5659510,-0.200853000,0.580567385,0.000000,09-SEP-2026,,Magnétique,840484,56047878,56047878,MQNEE.X0220703,PXMQNEETWC,https://edms.cern.ch/document/3410680/0.4,,
H4TEST,EHN1,MQNEE.X0220704.E,755.473755,5288.787569,2450.098600,703.885300,,0.000000000,18.5659510,-0.200853000,0.580567385,0.000000,09-SEP-2026,,Magnétique,840477,56047887,56047887,MQNEE.X0220704,PXMQNEETWC,https://edms.cern.ch/document/3410680/0.4,,
H4TEST,EHN1,MQNEE.X0220704.S,755.755491,5289.726090,2449.899095,704.885300,1.000000,0.000000000,18.5659510,-0.200853000,0.580567385,0.000000,09-SEP-2026,,Magnétique,840295,56047887,56047887,MQNEE.X0220704,PXMQNEETWC,https://edms.cern.ch/document/3410680/0.4,,
H4TEST,EHN1,MBHGG.X0220706.E,756.003420,5290.551988,2449.723530,705.765300,,-0.013852174,18.5659510,-0.200853000,0.029970382,0.000000,09-SEP-2026,,Magnétique,840534,57386582,57386582,MBHGG.X0220706,PXMBHGGHWC,https://edms.cern.ch/document/3410680/0.4,,
H4TEST,EHN1,MBHGG.X0220706.S,756.298415,5291.486518,2449.524451,706.765332,1.000032,-0.013852174,20.3647180,-0.199945000,0.029970382,0.000000,09-SEP-2026,,Magnétique,840370,57386582,57386582,MBHGG.X0220706,PXMBHGGHWC,https://edms.cern.ch/document/3410680/0.4,,
H4TEST,EHN1,XBPF.X0220707.E,756.495660,5292.081948,2449.397337,707.405332,,0.000000000,20.3647180,-0.199945000,0.000000000,0.000000,09-SEP-2026,,Magnétique,840426,57702874,57702874,XBPF.X0220707,SPXBPF_L01,https://edms.cern.ch/document/3410680/0.4,,
H4TEST,EHN1,XBPF.X0220707.S,756.542506,5292.223362,2449.367147,707.557332,0.152000,0.000000000,20.3647180,-0.199945000,0.000000000,0.000000,09-SEP-2026,,Magnétique,840302,57702874,57702874,XBPF.X0220707,SPXBPF_L01,https://edms.cern.ch/document/3410680/0.4,,
H4TEST,EHN1,XVW.X0220709.E,757.577103,5295.346530,2448.700406,710.914282,,0.000000000,20.3647180,-0.199945000,0.000000000,0.000000,09-SEP-2026,,Magnétique,840288,62245481,62245481,XVW.X0220709,SPXVWMA001,https://edms.cern.ch/document/3410680/0.4,,
H4TEST,EHN1,XVW.X0220709.S,757.577134,5295.346623,2448.700386,710.914382,0.000100,0.000000000,20.3647180,-0.199945000,0.000000000,0.000000,09-SEP-2026,,Magnétique,840439,62245481,62245481,XVW.X0220709,SPXVWMA001,https://edms.cern.ch/document/3410680/0.4,,
H4TEST,EHN1,XCETW.X0220711.E,757.618324,5295.470966,2448.673841,711.048032,,0.000000000,20.3647180,-0.199945000,0.000000000,0.000000,09-SEP-2026,,Magnétique,840293,62488601,62488601,XCETW.X0220711,SPXCETWBA001,https://edms.cern.ch/document/3410680/0.4,,
H4TEST,EHN1,XCETW.X0220711.S,757.618756,5295.472268,2448.673563,711.049432,0.001400,0.000000000,20.3647180,-0.199945000,0.000000000,0.000000,09-SEP-2026,,Magnétique,840278,62488601,62488601,XCETW.X0220711,SPXCETWBA001,https://edms.cern.ch/document/3410680/0.4,,
H4TEST,EHN1,XCET.X0220713.E,758.220292,5297.288142,2448.285906,713.001232,,0.000000000,20.3647180,-0.199945000,0.000000000,0.000000,09-SEP-2026,,Magnétique,840549,57603635,57603635,XCET.X0220713,SPXCET_002,https://edms.cern.ch/document/3410680/0.4,,
H4TEST,EHN1,XCET.X0220713.S,758.325078,5297.604464,2448.218376,713.341232,0.340000,0.000000000,20.3647180,-0.199945000,0.000000000,0.000000,09-SEP-2026,,Magnétique,840358,57603635,57603635,XCET.X0220713,SPXCET_002,https://edms.cern.ch/document/3410680/0.4,,
H4TEST,EHN1,XCETW.X0220713.E,758.337144,5297.640888,2448.210601,713.380382,,0.000000000,20.3647180,-0.199945000,0.000000000,0.000000,09-SEP-2026,,Magnétique,840231,62488638,62488638,XCETW.X0220713,SPXCETWAAP01,https://edms.cern.ch/document/3410680/0.4,,
H4TEST,EHN1,XCETW.X0220713.S,758.337576,5297.642190,2448.210323,713.381782,0.001400,0.000000000,20.3647180,-0.199945000,0.000000000,0.000000,09-SEP-2026,,Magnétique,840518,62488638,62488638,XCETW.X0220713,SPXCETWAAP01,https://edms.cern.ch/document/3410680/0.4,,
H4TEST,EHN1,XCETW.X0220714.E,758.374420,5297.753415,2448.186578,713.501332,,0.000000000,20.3647180,-0.199945000,0.000000000,0.000000,09-SEP-2026,,Magnétique,840259,62490744,62490744,XCETW.X0220714,SPXCETWBA002,https://edms.cern.ch/document/3410680/0.4,,
H4TEST,EHN1,XCETW.X0220714.S,758.374852,5297.754717,2448.186300,713.502732,0.001400,0.000000000,20.3647180,-0.199945000,0.000000000,0.000000,09-SEP-2026,,Magnétique,840257,62490744,62490744,XCETW.X0220714,SPXCETWBA002,https://edms.cern.ch/document/3410680/0.4,,
H4TEST,EHN1,XCET.X0220716.E,758.947418,5299.483138,2447.817312,715.360532,,0.000000000,20.3647180,-0.199945000,0.000000000,0.000000,09-SEP-2026,,Magnétique,840592,57603671,57603671,XCET.X0220716,SPXCET_003,https://edms.cern.ch/document/3410680/0.4,,
H4TEST,EHN1,XCET.X0220716.S,759.052204,5299.799460,2447.749783,715.700532,0.340000,0.000000000,20.3647180,-0.199945000,0.000000000,0.000000,09-SEP-2026,,Magnétique,840280,57603671,57603671,XCET.X0220716,SPXCET_003,https://edms.cern.ch/document/3410680/0.4,,
H4TEST,EHN1,XCETW.X0220715.E,759.064270,5299.835883,2447.742008,715.739682,,0.000000000,20.3647180,-0.199945000,0.000000000,0.000000,09-SEP-2026,,Magnétique,840505,62490590,62490590,XCETW.X0220715,SPXCETWAAP02,https://edms.cern.ch/document/3410680/0.4,,
H4TEST,EHN1,XCETW.X0220715.S,759.064702,5299.837186,2447.741729,715.741082,0.001400,0.000000000,20.3647180,-0.199945000,0.000000000,0.000000,09-SEP-2026,,Magnétique,840485,62490590,62490590,XCETW.X0220715,SPXCETWAAP02,https://edms.cern.ch/document/3410680/0.4,,
H4TEST,EHN1,XBPF.X0220716.E,759.136773,5300.054750,2447.695283,715.974932,,0.000000000,20.3647180,-0.199945000,0.000000000,0.000000,09-SEP-2026,,Magnétique,840403,57702918,57702918,XBPF.X0220716,SPXBPF_L01,https://edms.cern.ch/document/3410680/0.4,,
H4TEST,EHN1,XBPF.X0220716.S,759.183619,5300.196165,2447.665094,716.126932,0.152000,0.000000000,20.3647180,-0.199945000,0.000000000,0.000000,09-SEP-2026,,Magnétique,840250,57702918,57702918,XBPF.X0220716,SPXBPF_L01,https://edms.cern.ch/document/3410680/0.4,,
H4TEST,EHN1,XBTF.X0220716.E,759.189783,5300.214772,2447.661121,716.146932,,0.000000000,20.3647180,-0.199945000,0.000000000,0.000000,09-SEP-2026,,Magnétique,840225,58281976,58281976,XBTF.X0220716,SPXBTF_,https://edms.cern.ch/document/3410680/0.4,,
H4TEST,EHN1,XBTF.X0220716.S,759.236629,5300.356186,2447.630932,716.298932,0.152000,0.000000000,20.3647180,-0.199945000,0.000000000,0.000000,09-SEP-2026,,Magnétique,840478,58281976,58281976,XBTF.X0220716,SPXBTF_,https://edms.cern.ch/document/3410680/0.4,,
H4TEST,EHN1,EXP.X0220717.E,759.528544,5301.237400,2447.442808,717.246108,,0.000000000,20.3647180,-0.199945000,0.000000000,0.000000,09-SEP-2026,,Magnétique,840312,62387127,62387127,EXP.X0220717,SPSX_EXP,https://edms.cern.ch/document/3410680/0.4,,
H4TEST,EHN1,EXP.X0220717.S,759.528544,5301.237400,2447.442808,717.246109,0.000001,0.000000000,20.3647180,-0.199945000,0.000000000,0.000000,09-SEP-2026,,Magnétique,840410,62387127,62387127,EXP.X0220717,SPSX_EXP,https://edms.cern.ch/document/3410680/0.4,,
H4TEST,EHN1,EXP.X0220724.E,761.584825,5307.444753,2446.117647,723.918108,,0.000000000,20.3647180,-0.199945000,0.000000000,0.000000,09-SEP-2026,,Magnétique,840564,62387172,62387172,EXP.X0220724,SPSX_EXP,https://edms.cern.ch/document/3410680/0.4,,
H4TEST,EHN1,EXP.X0220724.S,761.584825,5307.444753,2446.117647,723.918109,0.000001,0.000000000,20.3647180,-0.199945000,0.000000000,0.000000,09-SEP-2026,,Magnétique,840346,62387172,62387172,EXP.X0220724,SPSX_EXP,https://edms.cern.ch/document/3410680/0.4,,
H4TEST,EHN1,EXP.X0220730.E,763.658312,5313.704045,2444.781398,730.645933,,0.000000000,20.3647180,-0.199945000,0.000000000,0.000000,09-SEP-2026,,Magnétique,840488,62387213,62387213,EXP.X0220730,SPSX_EXP,https://edms.cern.ch/document/3410680/0.4,,
H4TEST,EHN1,H4TEST.-.S,763.658312,5313.704045,2444.781398,730.645933,730.645933,0.000000000,20.3647180,-0.199945000,0.019910262,0.000000,09-SEP-2026,,Magnétique,840531,,,H4TEST$END,,https://edms.cern.ch/document/3410680/0.4,,
H4TEST,EHN1,EXP.X0220730.S,763.658312,5313.704045,2444.781398,730.645934,0.000001,0.000000000,20.3647180,-0.199945000,0.000000000,0.000000,09-SEP-2026,,Magnétique,840323,62387213,62387213,EXP.X0220730,SPSX_EXP,https://edms.cern.ch/document/3410680/0.4,,
