Accl.,Zone,Elément,X (m),Y (m),H (m),Z (m),Dist. cumul. (m),Code,R (m),S (m),T (m),Origine,Roll Alésage (rad),Roll Elément (rad),Roll Ref Angle (rad),Date_Calcul,Comm,Id point ,Id SU assemb.,Id slot,Nom Layout,Id asset,Layout type,lien SIG,lien Norma,lien MTF
H4TEST,TCC2,XTAX.X0220023.E,671.793780,4612.590041,442.942000,2442.308056,22.011200,2,0.000000,0.060000,0.742000,Entry,-0.000252946,-0.000252946,0.000000000,10-SEP-2026,,842549,57112661,57112661,XTAX.X0220023,,SPXTAX_003,,,
H4TEST,TCC2,XTAX.X0220023.S,671.967629,4614.074898,442.941997,2442.307503,23.506200,2,0.000000,1.555000,0.742000,Entry,-0.000252946,-0.000252946,0.000000000,10-SEP-2026,,842550,57112661,57112661,XTAX.X0220023,,SPXTAX_003,,,
H4TEST,TCC2,XTAX.X0220025.E,671.983909,4614.213948,442.941996,2442.307451,23.646200,2,0.000000,0.060000,0.742000,Entry,-0.000252946,-0.000252946,0.000000000,10-SEP-2026,,842530,57112679,57112679,XTAX.X0220025,,SPXTAX_004,,,
H4TEST,TCC2,XTAX.X0220025.S,672.157757,4615.698805,442.941994,2442.306898,25.141200,2,0.000000,1.555000,0.742000,Entry,-0.000252946,-0.000252946,0.000000000,10-SEP-2026,,842531,57112679,57112679,XTAX.X0220025,,SPXTAX_004,,,
H4TEST,TCC2,MSN.X0220027.E,672.265778,4616.621145,442.518992,2441.883554,26.070000,1,-0.000560,0.400000,0.319000,Entry,-0.000252944,-0.000252944,0.000000000,10-SEP-2026,,842532,57372109,57372109,MSN.X0220027,,SPMSN__,,,
H4TEST,TCC2,MSN.X0220027.S,672.548391,4619.004447,442.518987,2441.882666,28.470000,1,-0.000560,2.800000,0.319000,Entry,-0.000252944,-0.000252944,0.000000000,10-SEP-2026,,842533,57372109,57372109,MSN.X0220027,,SPMSN__,,,
H4TEST,TCC2,MSN.X0220031.A,672.959156,4620.116881,442.562939,2441.926263,29.623916,1,0.274773,0.278915,0.363023,Entry,-0.004690938,-0.000252938,-0.004438000,10-SEP-2026,,842534,57372148,57372148,MSN.X0220031,SPMSN__CWP-00777703,SPMSN__,,,
H4TEST,TCC2,MSN.X0220031.E,672.693240,4620.150630,442.570771,2441.934026,29.625270,1,0.006727,0.280269,0.370787,Entry,-0.004690938,-0.000252938,-0.004438000,10-SEP-2026,,842535,57372148,57372148,MSN.X0220031,SPMSN__CWP-00777703,SPMSN__,,,
H4TEST,TCC2,MSN.X0220031.B,673.282026,4622.742334,442.568368,2441.930719,32.269144,1,0.277902,2.924143,0.368458,Entry,-0.004690938,-0.000252938,-0.004438000,10-SEP-2026,,842536,57372148,57372148,MSN.X0220031,SPMSN__CWP-00777703,SPMSN__,,,
H4TEST,TCC2,MSN.X0220031.S,673.012926,4622.778048,442.569783,2441.932064,32.272066,1,0.006459,2.927065,0.369805,Entry,-0.004690938,-0.000252938,-0.004438000,10-SEP-2026,,842537,57372148,57372148,MSN.X0220031,SPMSN__CWP-00777703,SPMSN__,,,
H4TEST,TCC2,QNL.X0220034.E,673.111649,4623.645456,442.689978,2442.051936,33.145003,1,0.000000,0.100000,0.490000,Entry,-0.000252932,-0.000252932,0.000000000,11-SEP-2026,,842538,56047727,56047727,QNL.X0220034,,SPQNL__8WP,,,
H4TEST,TCC2,QNL.X0220034.S,673.456318,4626.414084,442.689973,2442.050904,35.935001,1,0.000000,2.890000,0.490000,Entry,-0.000252932,-0.000252932,0.000000000,11-SEP-2026,,842539,56047727,56047727,QNL.X0220034,,SPQNL__8WP,,,
H4TEST,TCC2,QNL.X0220041.E,673.951222,4630.433734,442.689968,2442.049406,39.985003,1,0.000000,0.100000,0.490000,Entry,-0.000252934,-0.000252934,0.000000000,10-SEP-2026,,842540,56047860,56047860,QNL.X0220041,,SPQNL__8WP,,,
H4TEST,TCC2,QNL.X0220041.S,674.293113,4633.202707,442.689965,2442.048373,42.775003,1,0.000000,2.890000,0.490000,Entry,-0.000252934,-0.000252934,0.000000000,10-SEP-2026,,842541,56047860,56047860,QNL.X0220041,,SPQNL__8WP,,,
H4TEST,TCC2,QNL.X0220049.E,674.850350,4637.738607,442.689965,2442.046682,47.345003,1,0.000000,0.100000,0.490000,Entry,-0.000252934,-0.000252934,0.000000000,11-SEP-2026,,842542,56047896,56047896,QNL.X0220049,,SPQNL__8WP,,,
H4TEST,TCC2,QNL.X0220049.S,675.197797,4640.506888,442.689965,2442.045650,50.134997,1,0.000000,2.890000,0.490000,Entry,-0.000252934,-0.000252934,0.000000000,11-SEP-2026,,842543,56047896,56047896,QNL.X0220049,,SPQNL__8WP,,,
H4TEST,TCC2,MBNV.X0220053.E,675.347946,4641.745799,442.808014,2442.163236,51.385002,1,-0.612000,0.600000,0.000000,Entry,-0.000252963,-1.571049263,1.570796300,11-SEP-2026,,842544,57372253,57372253,MBNV.X0220053,,SPMBNV_HWP,,,
H4TEST,TCC2,MBNV.X0220053.S,675.813602,4645.517143,442.821009,2442.174821,55.185003,1,-0.612000,4.400000,0.000000,Entry,-0.000252963,-1.571049263,1.570796300,11-SEP-2026,,842545,57372253,57372253,MBNV.X0220053,,SPMBNV_HWP,,,
H4TEST,TCC2,MBNV.X0220059.E,676.041011,4647.358928,442.837700,2442.190822,57.045012,1,-0.612000,0.600000,0.000000,Entry,-0.000252975,-1.571049275,1.570796300,11-SEP-2026,,842546,57373055,57373055,MBNV.X0220059,,SPMBNV_HWP,,,
H4TEST,TCC2,MBNV.X0220059.S,676.506646,4651.130105,442.876678,2442.228387,60.845012,1,-0.612000,4.400000,0.000000,Entry,-0.000252975,-1.571049275,1.570796300,11-SEP-2026,,842547,57373055,57373055,MBNV.X0220059,,SPMBNV_HWP,,,
H4TEST,TCC2,MBNV.X0220065.E,676.734035,4652.971727,442.905059,2442.256077,62.705022,1,-0.612000,0.600000,0.000000,Entry,-0.000252999,-1.571049299,1.570796300,11-SEP-2026,,842548,57373091,57373091,MBNV.X0220065,,SPMBNV_HWP,,,
H4TEST,TCC2,MBNV.X0220065.S,677.199628,4656.742561,442.970018,2442.319619,66.505022,1,-0.612000,4.400000,0.000000,Entry,-0.000252999,-1.571049299,1.570796300,11-SEP-2026,,842551,57373091,57373091,MBNV.X0220065,,SPMBNV_HWP,,,
H4TEST,TCC2,XCSH.X0220068.E,677.328607,4657.840035,442.628072,2441.977259,67.605020,1,0.000000,0.095000,0.250500,Entry,-0.000581231,-0.000581231,0.000000000,11-SEP-2026,,842552,56051851,56051851,XCSH.X0220068,PXXCSH_002-CR002002,SPXCSH_001,,,
H4TEST,TCC2,XCSH.X0220068.S,677.440695,4658.642077,442.644682,2441.993570,68.414916,1,0.000000,0.905000,0.250500,Entry,-0.000581231,-0.000581231,0.000000000,11-SEP-2026,,842553,56051851,56051851,XCSH.X0220068,PXXCSH_002-CR002002,SPXCSH_001,,,
H4TEST,TCC2,MBNV.X0220071.E,677.567834,4659.724660,443.050673,2442.399152,69.515032,1,-0.612000,0.600000,0.000000,Entry,-0.000253034,-1.571049334,1.570796300,11-SEP-2026,,842554,57373127,57373127,MBNV.X0220071,,SPMBNV_HWP,,,
H4TEST,TCC2,MBNV.X0220071.S,678.033362,4663.494974,443.141612,2442.488670,73.315032,1,-0.612000,4.400000,0.000000,Entry,-0.000253034,-1.571049334,1.570796300,11-SEP-2026,,842555,57373127,57373127,MBNV.X0220071,,SPMBNV_HWP,,,
H4TEST,TCC2,MBNV.X0220077.E,678.260378,4665.333578,443.272328,2442.618693,75.175042,1,-0.612000,0.600000,0.000000,Entry,-0.000253081,-1.571049381,1.570796300,11-SEP-2026,,842556,57373163,57373163,MBNV.X0220077,,SPMBNV_HWP,,,
H4TEST,TCC2,MBNV.X0220077.S,678.725820,4669.103196,443.389244,2442.734186,78.975041,1,-0.612000,4.400000,0.000000,Entry,-0.000253081,-1.571049381,1.570796300,11-SEP-2026,,842557,57373163,57373163,MBNV.X0220077,,SPMBNV_HWP,,,
H4TEST,TCC2,MBNV.X0220083.E,678.952742,4670.941031,443.352503,2442.696750,80.829052,1,-0.612000,0.600000,0.000000,Entry,-0.000253139,-1.571049439,1.570796300,11-SEP-2026,,842558,57373199,57373199,MBNV.X0220083,,SPMBNV_HWP,,,
H4TEST,TCC2,MBNV.X0220083.S,679.418077,4674.709777,443.495389,2442.838209,84.629051,1,-0.612000,4.400000,0.000000,Entry,-0.000253139,-1.571049439,1.570796300,11-SEP-2026,,842559,57373199,57373199,MBNV.X0220083,,SPMBNV_HWP,,,
H4TEST,TCC2,QNL.X0220087.E,679.572223,4675.958208,443.422855,2442.765202,85.885061,1,0.000000,0.100000,0.490000,Entry,-0.000253147,-0.000253147,0.000000000,10-SEP-2026,,842560,56047905,56047905,QNL.X0220087,,SPQNL__8WP,,,
H4TEST,TCC2,QNL.X0220087.S,679.913832,4678.724893,443.537296,2442.878593,88.675061,1,0.000000,2.890000,0.490000,Entry,-0.000253147,-0.000253147,0.000000000,10-SEP-2026,,842561,56047905,56047905,QNL.X0220087,,SPQNL__8WP,,,
H4TEST,TCC2,QNL.X0220097.E,680.823324,4686.090878,443.842169,2443.180667,96.103127,1,0.000000,0.100000,0.490000,Entry,-0.000253147,-0.000253147,0.000000000,11-SEP-2026,,842562,56047914,56047914,QNL.X0220097,,SPQNL__8WP,,,
H4TEST,TCC2,QNL.X0220097.S,681.164935,4688.857579,443.956241,2443.293685,98.893127,1,0.000000,2.890000,0.490000,Entry,-0.000253147,-0.000253147,0.000000000,11-SEP-2026,,842563,56047914,56047914,QNL.X0220097,,SPQNL__8WP,,,
H4TEST,TT81,MBXHC.X0220117.E,683.224722,4705.541228,444.860748,2444.191812,115.726061,8,0.000000,-1.110000,0.704000,Centre,-0.000201052,-0.000201052,0.000000000,11-SEP-2026,,842564,56047655,56047655,MBXHC.X0220117,,PXMBXHCCWP,,,
H4TEST,TT81,MBXHC.X0220117.S,683.493743,4707.743020,444.951819,2444.282037,117.946061,8,0.000000,1.110000,0.704000,Centre,-0.000201052,-0.000201052,0.000000000,11-SEP-2026,,842565,56047655,56047655,MBXHC.X0220117,,PXMBXHCCWP,,,
H4TEST,TT81,MBXHC.X0220120.E,683.623619,4708.817303,444.996246,2444.326051,119.029062,8,0.000000,-1.110000,0.704000,Centre,-0.000096859,-0.000096859,0.000000000,11-SEP-2026,,842566,56047664,56047664,MBXHC.X0220120,,PXMBXHCCWP,,,
H4TEST,TT81,MBXHC.X0220120.S,683.887048,4711.019771,445.087320,2444.416276,121.249062,8,0.000000,1.110000,0.704000,Centre,-0.000096859,-0.000096859,0.000000000,11-SEP-2026,,842567,56047664,56047664,MBXHC.X0220120,,PXMBXHCCWP,,,
H4TEST,TT81,MBXHC.X0220123.E,684.016045,4712.110260,445.132404,2444.460939,122.348062,8,0.000000,-1.110000,0.704000,Centre,0.000007335,0.000007335,0.000000000,11-SEP-2026,,842568,56047673,56047673,MBXHC.X0220123,,PXMBXHCCWP,,,
H4TEST,TT81,MBXHC.X0220123.S,684.273879,4714.313390,445.223477,2444.551161,124.568062,8,0.000000,1.110000,0.704000,Centre,0.000007335,0.000007335,0.000000000,11-SEP-2026,,842569,56047673,56047673,MBXHC.X0220123,,PXMBXHCCWP,,,
H4TEST,TT81,MBXHC.X0220127.E,684.406989,4715.464762,445.271066,2444.598304,125.728063,8,0.000000,-1.110000,0.704000,Centre,0.000111530,0.000111530,0.000000000,11-SEP-2026,,842570,56047682,56047682,MBXHC.X0220127,,PXMBXHCCWP,,,
H4TEST,TT81,MBXHC.X0220127.S,684.659227,4717.668540,445.362141,2444.688526,127.948064,8,0.000000,1.110000,0.704000,Centre,0.000111530,0.000111530,0.000000000,11-SEP-2026,,842571,56047682,56047682,MBXHC.X0220127,,PXMBXHCCWP,,,
H4TEST,TT81,XSCI.X0220130.E,684.749858,4718.466328,444.691525,2444.017601,128.723053,3,0.000000,0.000000,0.000000,Centre,0.004164327,0.004164327,0.000000000,11-SEP-2026,,842572,57662343,57662343,XSCI.X0220130,,SPXSCI_,,,
H4TEST,TT81,XCHV.X0220130.E,684.823298,4719.124392,445.121581,2444.447400,129.402122,1,-0.000860,0.240450,0.402500,Entry,0.000503603,0.000163603,0.000340000,11-SEP-2026,,842573,56051656,56051656,XCHV.X0220130,SPXCHV_002-CR007610,SPXCHV_002,,,
H4TEST,TT81,XCHV.X0220130.S,684.882718,4719.639660,445.140780,2444.466400,129.921148,1,0.000240,0.759480,0.402480,Entry,0.000503603,0.000163603,0.000340000,11-SEP-2026,,842574,56051656,56051656,XCHV.X0220130,SPXCHV_002-CR007610,SPXCHV_002,,,
H4TEST,TT81,QNL.X0220132.E,684.960104,4720.325923,445.260570,2444.585924,130.616047,1,0.000000,0.100000,0.490000,Entry,0.000163615,0.000163615,0.000000000,11-SEP-2026,,842575,57387180,57387180,QNL.X0220132,,SPQNL__8WP,,,
H4TEST,TT81,QNL.X0220132.S,685.273615,4723.096156,445.369437,2444.693715,133.406041,1,0.000000,2.890000,0.490000,Entry,0.000163615,0.000163615,0.000000000,11-SEP-2026,,842576,57387180,57387180,QNL.X0220132,,SPQNL__8WP,,,
H4TEST,TT81,LSX.X0220134.E,685.342533,4723.702527,445.192528,2444.516570,134.008612,2,0.000210,0.040330,0.281880,Entry,-0.000676438,0.000163562,-0.000840000,11-SEP-2026,,842577,57386416,57386416,LSX.X0220134,,SPLSX__FWP,,,
H4TEST,TT81,LSX.X0220134.S,685.412308,4724.317892,445.210809,2444.534612,134.628142,2,0.000340,0.659900,0.281820,Entry,-0.000676438,0.000163562,-0.000840000,11-SEP-2026,,842578,57386416,57386416,LSX.X0220134,,SPLSX__FWP,,,
H4TEST,TT81,MCXCA.X0220135.E,685.995751,4724.780010,444.953954,2444.277686,135.142064,8,0.000000,0.050000,0.528000,Entry,-1.570632699,-1.570632699,0.000000000,10-SEP-2026,,842579,56048087,56048087,MCXCA.X0220135,,PXMCXCAHWC,,,
H4TEST,TT81,MCXCA.X0220135.S,686.029459,4725.077861,444.966261,2444.289878,135.442064,8,0.000000,0.350000,0.528000,Entry,-1.570632699,-1.570632699,0.000000000,10-SEP-2026,,842580,56048087,56048087,MCXCA.X0220135,,PXMCXCAHWC,,,
H4TEST,TT81,MBXHC.X0220137.E,685.583177,4725.833881,445.693536,2445.016749,136.172064,8,0.000000,-1.110000,0.704000,Centre,0.000215728,0.000215728,0.000000000,11-SEP-2026,,842581,56047691,56047691,MBXHC.X0220137,,PXMBXHCCWP,,,
H4TEST,TT81,MBXHC.X0220137.S,685.829817,4728.038292,445.784614,2445.106968,138.392064,8,0.000000,1.110000,0.704000,Centre,0.000215728,0.000215728,0.000000000,11-SEP-2026,,842582,56047691,56047691,MBXHC.X0220137,,PXMBXHCCWP,,,
H4TEST,TT81,MBXHC.X0220141.E,685.948422,4729.110699,445.832918,2445.154854,139.472065,8,0.000000,-1.110000,0.704000,Centre,0.000319927,0.000319927,0.000000000,11-SEP-2026,,842583,56047700,56047700,MBXHC.X0220141,,PXMBXHCCWP,,,
H4TEST,TT81,MBXHC.X0220141.S,686.189461,4731.315730,445.923996,2445.245071,141.692065,8,0.000000,1.110000,0.704000,Centre,0.000319927,0.000319927,0.000000000,11-SEP-2026,,842584,56047700,56047700,MBXHC.X0220141,,PXMBXHCCWP,,,
H4TEST,TT81,MBXHC.X0220144.E,686.305347,4732.388475,445.971299,2445.291954,142.772066,8,0.000000,-1.110000,0.704000,Centre,0.000424124,0.000424124,0.000000000,11-SEP-2026,,842585,56047709,56047709,MBXHC.X0220144,,PXMBXHCCWP,,,
H4TEST,TT81,MBXHC.X0220144.S,686.540786,4734.594111,446.062375,2445.382166,144.992065,8,0.000000,1.110000,0.704000,Centre,0.000424124,0.000424124,0.000000000,11-SEP-2026,,842586,56047709,56047709,MBXHC.X0220144,,PXMBXHCCWP,,,
H4TEST,TT81,MBXHC.X0220147.E,686.653866,4735.666500,446.125666,2445.445036,146.072065,8,0.000000,-1.110000,0.704000,Centre,0.000528321,0.000528321,0.000000000,11-SEP-2026,,842587,56047718,56047718,MBXHC.X0220147,,PXMBXHCCWP,,,
H4TEST,TT81,MBXHC.X0220147.S,686.883702,4737.872727,446.216741,2445.535244,148.292065,8,0.000000,1.110000,0.704000,Centre,0.000528321,0.000528321,0.000000000,11-SEP-2026,,842588,56047718,56047718,MBXHC.X0220147,,PXMBXHCCWP,,,
H4TEST,TT81,QNL.X0220167.E,688.608161,4754.629266,446.720611,2446.032505,165.143399,1,0.000000,0.100000,0.490000,Entry,0.000579947,0.000579947,0.000000000,11-SEP-2026,,842589,56047941,56047941,QNL.X0220167,,SPQNL__8WP,,,
H4TEST,TT81,QNL.X0220167.S,688.893793,4757.404533,446.741779,2446.052573,167.931838,1,0.000000,2.890000,0.490000,Entry,0.000579947,0.000579947,0.000000000,11-SEP-2026,,842590,56047941,56047941,QNL.X0220167,,SPQNL__8WP,,,
H4TEST,TT81,QNL.X0220177.E,689.654563,4764.799481,447.186288,2446.494148,175.377618,1,0.000000,0.100000,0.490000,Entry,0.000580125,0.000580125,0.000000000,11-SEP-2026,,842591,56047959,56047959,QNL.X0220177,,SPQNL__8WP,,,
H4TEST,TT81,QNL.X0220177.S,689.940180,4767.573854,447.114035,2446.420792,178.161370,1,0.000000,2.890000,0.490000,Entry,0.000580125,0.000580125,0.000000000,11-SEP-2026,,842592,56047959,56047959,QNL.X0220177,,SPQNL__8WP,,,
H4TEST,TT81,XCSV.X0220179.E,690.087815,4768.030484,446.984753,2446.291349,178.625066,1,0.000000,0.095000,0.247100,Entry,0.000580419,0.000580419,0.000000000,11-SEP-2026,,842593,57015475,57015475,XCSV.X0220179,,SPXCSV_,,,
H4TEST,TT81,XCSV.X0220179.S,690.170652,4768.835565,447.017985,2446.324261,179.435067,1,0.000000,0.905000,0.247100,Entry,0.000580419,0.000580419,0.000000000,11-SEP-2026,,842619,57015475,57015475,XCSV.X0220179,,SPXCSV_,,,
H4TEST,TT81,LSX.X0220195.E,691.661479,4783.813388,447.655957,2446.956242,194.500067,2,0.000000,0.052000,0.267000,Entry,0.000580419,0.000580419,0.000000000,11-SEP-2026,,842620,57386452,57386452,LSX.X0220195,,SPLSX__FWP,,,
H4TEST,TT81,LSX.X0220195.S,691.724885,4784.429622,447.681396,2446.981434,195.120066,2,0.000000,0.672000,0.267000,Entry,0.000580419,0.000580419,0.000000000,11-SEP-2026,,842594,57386452,57386452,LSX.X0220195,,SPLSX__FWP,,,
H4TEST,TT81,XCHV.X0220196.E,691.758901,4785.054247,447.821682,2447.121465,195.750067,2,0.000000,0.240000,0.381550,Entry,0.000580419,0.000580419,0.000000000,11-SEP-2026,,842595,56051665,56051665,XCHV.X0220196,,SPXCHV_001,,,
H4TEST,TT81,XCHV.X0220196.S,691.812080,4785.571089,447.843019,2447.142594,196.270067,2,0.000000,0.760000,0.381550,Entry,0.000580419,0.000580419,0.000000000,11-SEP-2026,,842596,56051665,56051665,XCHV.X0220196,,SPXCHV_001,,,
H4TEST,TT81,LSX.X0220197.E,691.862157,4786.193766,447.769025,2447.068348,196.891066,2,0.000000,0.052000,0.282000,Entry,0.000580420,0.000580420,0.000000000,11-SEP-2026,,842597,57386490,57386490,LSX.X0220197,,SPLSX__FWP,,,
H4TEST,TT81,LSX.X0220197.S,691.925563,4786.810001,447.794464,2447.093540,197.511066,2,0.000000,0.672000,0.282000,Entry,0.000580420,0.000580420,0.000000000,11-SEP-2026,,842598,57386490,57386490,LSX.X0220197,,SPLSX__FWP,,,
H4TEST,TT81,MCXCA.X0220198.E,691.969094,4787.293680,448.060606,2447.359486,198.007066,8,0.000000,0.050000,0.528000,Entry,0.000580420,0.000580420,0.000000000,10-SEP-2026,,842599,56048096,56048096,MCXCA.X0220198,,PXMCXCAHWC,,,
H4TEST,TT81,MCXCA.X0220198.S,691.999775,4787.591858,448.072915,2447.371676,198.307066,8,0.000000,0.350000,0.528000,Entry,0.000580420,0.000580420,0.000000000,10-SEP-2026,,842600,56048096,56048096,MCXCA.X0220198,,PXMCXCAHWC,,,
H4TEST,TT81,XCSV.X0220213.E,693.457809,4801.780129,448.373184,2447.666238,212.570247,1,-0.001060,0.095180,0.242770,Entry,0.001140419,0.000580419,0.000560000,11-SEP-2026,,842601,57015484,57015484,XCSV.X0220213,SPXCSV_001-CR000013,SPXCSV_,,,
H4TEST,TT81,XCSV.X0220213.S,693.541347,4802.584691,448.406253,2447.698983,213.379796,1,-0.000310,0.904730,0.242620,Entry,0.001140419,0.000580419,0.000560000,11-SEP-2026,,842602,57015484,57015484,XCSV.X0220213,SPXCSV_001-CR000013,SPXCSV_,,,
H4TEST,TT81,QNL.X0220215.E,693.587122,4803.077395,448.674156,2447.966686,213.885066,1,0.000000,0.100000,0.490000,Entry,0.000580420,0.000580420,0.000000000,11-SEP-2026,,842603,56047968,56047968,QNL.X0220215,,SPQNL__8WP,,,
H4TEST,TT81,QNL.X0220215.S,693.872449,4805.850450,448.788641,2448.080052,216.675066,1,0.000000,2.890000,0.490000,Entry,0.000580420,0.000580420,0.000000000,11-SEP-2026,,842604,56047968,56047968,QNL.X0220215,,SPQNL__8WP,,,
H4TEST,TT81,QNL.X0220225.E,694.618167,4813.234772,449.093444,2448.381864,224.103067,1,0.000000,0.100000,0.490000,Entry,0.000580420,0.000580420,0.000000000,11-SEP-2026,,842605,56047950,56047950,QNL.X0220225,,SPQNL__8WP,,,
H4TEST,TT81,QNL.X0220225.S,694.903494,4816.007827,449.207934,2448.495230,226.893066,1,0.000000,2.890000,0.490000,Entry,0.000580420,0.000580420,0.000000000,11-SEP-2026,,842606,56047950,56047950,QNL.X0220225,,SPQNL__8WP,,,
H4TEST,TT81,XSCI.X0220256.E,698.027604,4846.171290,449.964060,2449.239056,257.223057,3,0.000000,0.000000,0.000000,Centre,0.005581060,0.005581060,0.000000000,11-SEP-2026,,842607,57662391,57662391,XSCI.X0220256,,SPXSCI_,,,
H4TEST,TT81,XCON.X0220256.E,698.058290,4846.469518,449.975373,2449.250247,257.523066,5,0.000000,0.050000,0.000000,Entry,0.000580420,0.000580420,0.000000000,10-SEP-2026,,842608,57588540,57588540,XCON.X0220256,,SPXCON_007,,,
H4TEST,TT81,XFFH.X0220258.E,698.042924,4846.812322,450.439408,2449.714131,257.881066,1,0.000000,-0.138000,0.449750,Entry,0.000580419,0.000580419,0.000000000,11-SEP-2026,,842609,57697617,57697617,XFFH.X0220258,,SPXFF__001,,,
H4TEST,TT81,XFFV.X0220257.E,697.993187,4846.817442,450.439379,2449.714089,257.881066,1,0.000000,0.138000,0.449750,Entry,0.000580420,0.000580420,0.000000000,11-SEP-2026,,842610,57697594,57697594,XFFV.X0220257,,SPXFF__001,,,
H4TEST,TT81,XFFH.X0220258.S,698.071150,4847.086646,450.450735,2449.725346,258.157067,1,0.000000,0.138000,0.449750,Entry,0.000580419,0.000580419,0.000000000,11-SEP-2026,,842611,57697617,57697617,XFFH.X0220258,,SPXFF__001,,,
H4TEST,TT81,XFFV.X0220257.S,698.021413,4847.091766,450.450706,2449.725304,258.157067,1,0.000000,0.414000,0.449750,Entry,0.000580420,0.000580420,0.000000000,11-SEP-2026,,842612,57697594,57697594,XFFV.X0220257,,SPXFF__001,,,
H4TEST,TT81,QNL.X0220260.E,698.157298,4847.435729,450.505674,2449.780151,258.515067,1,0.000000,0.100000,0.490000,Entry,0.000580420,0.000580420,0.000000000,11-SEP-2026,,842613,56047932,56047932,QNL.X0220260,,SPQNL__8WP,,,
H4TEST,TT81,QNL.X0220260.S,698.442625,4850.208784,450.620178,2449.893516,261.305066,1,0.000000,2.890000,0.490000,Entry,0.000580420,0.000580420,0.000000000,11-SEP-2026,,842614,56047932,56047932,QNL.X0220260,,SPQNL__8WP,,,
H4TEST,TT81,XFFH.X0220262.E,698.499556,4850.761641,450.587912,2449.861023,261.859067,4,0.000000,0.049000,0.434950,Entry,0.000580419,0.000580419,0.000000000,11-SEP-2026,,842615,57697640,57697640,XFFH.X0220262,,SPXFF__001,,,
H4TEST,TT81,XFFH.X0220262.S,698.517760,4850.938560,450.595218,2449.868256,262.037067,4,0.000000,0.227000,0.434950,Entry,0.000580419,0.000580419,0.000000000,11-SEP-2026,,842616,57697640,57697640,XFFH.X0220262,,SPXFF__001,,,
H4TEST,TT81,QNL.X0220295.E,701.694943,4881.817641,451.925466,2451.185734,293.107067,1,0.000000,0.100000,0.490000,Entry,0.000580420,0.000580420,0.000000000,11-SEP-2026,,842617,56047977,56047977,QNL.X0220295,,SPQNL__8WP,,,
H4TEST,TT81,QNL.X0220295.S,701.980270,4884.590696,452.039985,2451.299099,295.897066,1,0.000000,2.890000,0.490000,Entry,0.000580420,0.000580420,0.000000000,11-SEP-2026,,842618,56047977,56047977,QNL.X0220295,,SPQNL__8WP,,,
H4TEST,TT81,QNL.X0220305.E,702.741346,4891.987498,452.345462,2451.601492,303.339066,1,0.000000,0.100000,0.490000,Entry,0.000580420,0.000580420,0.000000000,11-SEP-2026,,842621,56047736,56047736,QNL.X0220305,,SPQNL__8WP,,,
H4TEST,TT81,QNL.X0220305.S,703.026672,4894.760554,452.459987,2451.714858,306.129066,1,0.000000,2.890000,0.490000,Entry,0.000580420,0.000580420,0.000000000,11-SEP-2026,,842622,56047736,56047736,QNL.X0220305,,SPQNL__8WP,,,
H4TEST,TT81,MBNV.X0220309.E,703.254212,4895.995930,452.631528,2451.885904,307.385067,1,-0.612000,0.600000,0.000000,Entry,0.000580314,-1.570215986,1.570796300,11-SEP-2026,,842623,57386696,57386696,MBNV.X0220309,,SPMBNV_HWP,,,
H4TEST,TT81,MBNV.X0220309.S,703.642891,4899.773354,452.774505,2452.027300,311.185066,1,-0.612000,4.400000,0.000000,Entry,0.000580314,-1.570215986,1.570796300,11-SEP-2026,,842624,57386696,57386696,MBNV.X0220309,,SPMBNV_HWP,,,
H4TEST,TT81,MBNV.X0220315.E,703.734167,4901.637371,452.839743,2452.091736,313.045566,1,-0.612000,0.600000,0.000000,Entry,0.000580164,-1.570216136,1.570796300,11-SEP-2026,,842625,57386804,57386804,MBNV.X0220315,,SPMBNV_HWP,,,
H4TEST,TT81,MBNV.X0220315.S,704.122970,4905.415758,452.953662,2452.204070,316.845565,1,-0.612000,4.400000,0.000000,Entry,0.000580164,-1.570216136,1.570796300,11-SEP-2026,,842626,57386804,57386804,MBNV.X0220315,,SPMBNV_HWP,,,
H4TEST,TT81,MBNV.X0220321.E,704.314119,4907.273444,453.021455,2452.271083,318.709963,1,-0.612000,0.600000,0.000000,Entry,0.000579977,-1.570216323,1.570796300,11-SEP-2026,,842627,57386840,57386840,MBNV.X0220321,,SPMBNV_HWP,,,
H4TEST,TT81,MBNV.X0220321.S,704.703090,4911.053025,453.081994,2452.330033,322.509842,1,-0.612000,4.400000,0.000000,Entry,0.000579977,-1.570216323,1.570796300,11-SEP-2026,,842628,57386840,57386840,MBNV.X0220321,,SPMBNV_HWP,,,
H4TEST,TT81,XFFH.X0220324.E,704.814585,4912.135275,452.959294,2452.206878,323.593095,1,0.000000,-0.138000,0.449750,Entry,0.000580052,0.000580052,0.000000000,11-SEP-2026,,842629,57697790,57697790,XFFH.X0220324,,SPXFF__001,,,
H4TEST,TT81,XFFV.X0220323.E,704.817655,4912.165111,452.959909,2452.207480,323.623095,1,0.000000,0.138000,0.449750,Entry,0.000580052,0.000580052,0.000000000,11-SEP-2026,,842630,57697689,57697689,XFFV.X0220323,,SPXFF__001,,,
H4TEST,TT81,XFFH.X0220324.S,704.842833,4912.409770,452.964953,2452.212422,323.869096,1,0.000000,0.138000,0.449750,Entry,0.000580052,0.000580052,0.000000000,11-SEP-2026,,842631,57697790,57697790,XFFH.X0220324,,SPXFF__001,,,
H4TEST,TT81,XFFV.X0220323.S,704.845903,4912.439606,452.965567,2452.213023,323.899096,1,0.000000,0.414000,0.449750,Entry,0.000580052,0.000580052,0.000000000,11-SEP-2026,,842632,57697689,57697689,XFFV.X0220323,,SPXFF__001,,,
H4TEST,TT81,MBNV.X0220327.E,705.012208,4914.048044,453.160467,2452.407247,325.517585,1,-0.612000,0.600000,0.000000,Entry,0.001592941,-1.569203359,1.570796300,11-SEP-2026,,842633,57386732,57386732,MBNV.X0220327,,SPMBNV_HWP,,,
H4TEST,TT81,MBNV.X0220327.S,705.398164,4917.827913,453.222332,2452.467517,329.317582,1,-0.612000,4.400000,0.000000,Entry,0.001592941,-1.569203359,1.570796300,11-SEP-2026,,842634,57386732,57386732,MBNV.X0220327,,SPMBNV_HWP,,,
H4TEST,TT81,MBNV.X0220333.E,705.592352,4919.679271,453.249270,2452.493675,331.175105,1,-0.612000,0.600000,0.000000,Entry,0.000588118,-1.570208182,1.570796300,11-SEP-2026,,842635,57386768,57386768,MBNV.X0220333,,SPMBNV_HWP,,,
H4TEST,TT81,MBNV.X0220333.S,705.978344,4923.459432,453.288141,2452.530950,334.975104,1,-0.612000,4.400000,0.000000,Entry,0.000588118,-1.570208182,1.570796300,11-SEP-2026,,842636,57386768,57386768,MBNV.X0220333,,SPMBNV_HWP,,,
H4TEST,TT81,MBNV.X0220339.E,706.185827,4925.312056,453.300839,2452.542868,336.835096,1,-0.612000,0.600000,0.000000,Entry,0.000606916,-1.570189384,1.570796300,11-SEP-2026,,842637,57386889,57386889,MBNV.X0220339,,SPMBNV_HWP,,,
H4TEST,TT81,MBNV.X0220339.S,706.544628,4929.095062,453.313660,2452.554082,340.634975,1,-0.612000,4.400000,0.000000,Entry,0.000606916,-1.570189384,1.570796300,11-SEP-2026,,842638,57386889,57386889,MBNV.X0220339,,SPMBNV_HWP,,,
H4TEST,TT81,QNL.X0220343.E,706.688069,4930.339082,453.173673,2452.413571,341.885125,1,0.000000,0.100000,0.490000,Entry,0.000579930,0.000579930,0.000000000,11-SEP-2026,,842639,56047745,56047745,QNL.X0220343,,SPQNL__8WP,,,
H4TEST,TT81,QNL.X0220343.S,706.973727,4933.114419,453.173543,2452.412265,344.675125,1,0.000000,2.890000,0.490000,Entry,0.000579930,0.000579930,0.000000000,11-SEP-2026,,842640,56047745,56047745,QNL.X0220343,,SPQNL__8WP,,,
H4TEST,TT81,QNL.X0220353.E,707.734239,4940.503390,453.187211,2452.422794,352.103125,1,0.000000,0.100000,0.490000,Entry,0.000579930,0.000579930,0.000000000,11-SEP-2026,,842641,56047754,56047754,QNL.X0220353,,SPQNL__8WP,,,
H4TEST,TT81,QNL.X0220353.S,708.019896,4943.278728,453.187086,2452.421488,354.893125,1,0.000000,2.890000,0.490000,Entry,0.000579930,0.000579930,0.000000000,11-SEP-2026,,842642,56047754,56047754,QNL.X0220353,,SPQNL__8WP,,,
H4TEST,TT81,QNL.X0220370.E,709.442241,4957.097722,453.190491,2452.418995,368.785125,1,0.000000,0.100000,0.490000,Entry,0.000579930,0.000579930,0.000000000,11-SEP-2026,,842643,56047763,56047763,QNL.X0220370,,SPQNL__8WP,,,
H4TEST,TT81,QNL.X0220370.S,709.727898,4959.873060,453.190373,2452.417689,371.575125,1,0.000000,2.890000,0.490000,Entry,0.000579930,0.000579930,0.000000000,11-SEP-2026,,842644,56047763,56047763,QNL.X0220370,,SPQNL__8WP,,,
H4TEST,TT81,MDSV.X0220372.E,710.197174,4960.503095,452.702579,2451.929707,372.250125,1,0.000000,0.090000,0.401900,Entry,-1.570216397,-1.570216397,0.000000000,10-SEP-2026,,842645,57387326,57387326,MDSV.X0220372,,SPMDSV_,,,
H4TEST,TT81,MDSV.X0220372.S,710.250415,4961.020362,452.702558,2451.929464,372.770125,1,0.000000,0.610000,0.401900,Entry,-1.570216397,-1.570216397,0.000000000,10-SEP-2026,,842646,57387326,57387326,MDSV.X0220372,,SPMDSV_,,,
H4TEST,TT81,XSCI.X0220374.E,709.929595,4961.838499,452.702293,2451.928766,373.551115,3,0.000000,0.000000,0.000000,Centre,0.002580245,0.002580245,0.000000000,11-SEP-2026,,842647,57697881,57697881,XSCI.X0220374,,SPXSCI_,,,
H4TEST,EHN1,MBNH.X0220377.E,710.057148,4963.049935,453.137956,2452.363910,374.769045,1,0.000000,0.600000,0.360000,Entry,0.000580541,0.000580541,0.000000000,11-SEP-2026,,842648,57386926,57386926,MBNH.X0220377,,SPMBNH_HWP,,,
H4TEST,EHN1,MBNH.X0220377.S,710.459609,4966.825432,452.985808,2452.210145,378.566003,1,0.000000,4.400000,0.360000,Entry,0.000580541,0.000580541,0.000000000,11-SEP-2026,,842649,57386926,57386926,MBNH.X0220377,,SPMBNH_HWP,,,
H4TEST,EHN1,MBNH.X0220382.E,710.642257,4968.665729,453.082019,2452.305564,380.415136,1,0.000000,0.600000,0.360000,Entry,0.000580334,0.000580334,0.000000000,11-SEP-2026,,842650,57386969,57386969,MBNH.X0220382,,SPMBNH_HWP,,,
H4TEST,EHN1,MBNH.X0220382.S,711.072103,4972.441339,453.081890,2452.303820,384.215136,1,0.000000,4.400000,0.360000,Entry,0.000580334,0.000580334,0.000000000,11-SEP-2026,,842651,57386969,57386969,MBNH.X0220382,,SPMBNH_HWP,,,
H4TEST,EHN1,XCSV.X0220386.E,711.218255,4973.531765,452.998969,2452.220436,385.315147,1,0.000000,0.095000,0.247100,Entry,0.000580448,0.000580448,0.000000000,11-SEP-2026,,842652,57015412,57015412,XCSV.X0220386,,SPXCSV_001,,,
H4TEST,EHN1,XCSV.X0220386.S,711.312775,4974.336231,452.998944,2452.220067,386.125147,1,0.000000,0.905000,0.247100,Entry,0.000580448,0.000580448,0.000000000,11-SEP-2026,,842653,57015412,57015412,XCSV.X0220386,,SPXCSV_001,,,
H4TEST,EHN1,MCXCA.X0220387.E,711.890493,4974.726346,452.702137,2451.923201,386.580147,8,0.000000,0.050000,0.528000,Entry,-1.570215879,-1.570215879,0.000000000,10-SEP-2026,,842654,56048105,56048105,MCXCA.X0220387,,PXMCXCAHWC,,,
H4TEST,EHN1,MCXCA.X0220387.S,711.925500,4975.024296,452.702127,2451.923064,386.880147,8,0.000000,0.350000,0.528000,Entry,-1.570215879,-1.570215879,0.000000000,10-SEP-2026,,842655,56048105,56048105,MCXCA.X0220387,,PXMCXCAHWC,,,
H4TEST,EHN1,MBXGD.X0220389.E,711.501162,4975.958707,453.273793,2452.494221,387.758396,1,0.000000,0.341250,0.570000,Entry,0.000580448,0.000580448,0.000000000,11-SEP-2026,,842656,56047592,56047592,MBXGD.X0220389,,PXMBXGDCWP,,,
H4TEST,EHN1,MBXGD.X0220389.S,711.771594,4978.260374,453.273721,2452.493164,390.075896,1,0.000000,2.658750,0.570000,Entry,0.000580448,0.000580448,0.000000000,11-SEP-2026,,842657,56047592,56047592,MBXGD.X0220389,,PXMBXGDCWP,,,
H4TEST,EHN1,MBNH.X0220394.E,711.959602,4979.874637,453.067672,2452.286423,391.701147,1,0.000000,0.600000,0.360000,Entry,0.000580554,0.000580554,0.000000000,11-SEP-2026,,842441,57387005,57387005,MBNH.X0220394,,SPMBNH_HWP,,,
H4TEST,EHN1,MBNH.X0220394.S,712.416607,4983.647056,453.067566,2452.284702,395.501147,1,0.000000,4.400000,0.360000,Entry,0.000580554,0.000580554,0.000000000,11-SEP-2026,,842442,57387005,57387005,MBNH.X0220394,,SPMBNH_HWP,,,
H4TEST,EHN1,MBNH.X0220399.E,712.679067,4985.704401,453.061522,2452.277779,397.575156,1,0.000000,0.600000,0.360000,Entry,0.001580727,0.001580727,0.000000000,11-SEP-2026,,842443,57387041,57387041,MBNH.X0220399,SPMBNH_HWP-B2000066,SPMBNH_HWP,,,
H4TEST,EHN1,MBNH.X0220399.S,713.163206,4989.473434,453.061448,2452.276093,401.375156,1,0.000000,4.400000,0.360000,Entry,0.001580727,0.001580727,0.000000000,11-SEP-2026,,842444,57387041,57387041,MBNH.X0220399,SPMBNH_HWP-B2000066,SPMBNH_HWP,,,
H4TEST,EHN1,XFFV.X0220402.E,713.222062,4990.315013,453.151138,2452.365413,402.217168,1,0.000000,-0.138000,0.449750,Entry,0.000580808,0.000580808,0.000000000,11-SEP-2026,,842445,57697912,57697912,XFFV.X0220402,,SPXFF__001,,,
H4TEST,EHN1,XFFV.X0220402.S,713.258211,4990.588635,453.151131,2452.365290,402.493168,1,0.000000,0.138000,0.449750,Entry,0.000580808,0.000580808,0.000000000,11-SEP-2026,,842446,57697912,57697912,XFFV.X0220402,,SPXFF__001,,,
H4TEST,EHN1,XFFH.X0220403.E,713.335396,4990.806403,453.153155,2452.367230,402.719168,1,0.000000,0.138000,0.449750,Entry,0.000580808,0.000580808,0.000000000,11-SEP-2026,,842447,57697985,57697985,XFFH.X0220403,,SPXFF__001,,,
H4TEST,EHN1,XFFH.X0220403.S,713.371545,4991.080025,453.153149,2452.367107,402.995168,1,0.000000,0.414000,0.449750,Entry,0.000580808,0.000580808,0.000000000,11-SEP-2026,,842448,57697985,57697985,XFFH.X0220403,,SPXFF__001,,,
H4TEST,EHN1,XSCI.X0220408.E,713.841451,4994.618762,452.701332,2451.913777,406.565168,3,0.000000,0.000000,0.000000,Centre,0.000580808,0.000580808,0.000000000,10-SEP-2026,,842449,57698039,57698039,XSCI.X0220408,,SPXSCI_,,,
H4TEST,EHN1,QNL.X0220423.E,715.742347,5009.056381,453.197065,2452.403313,421.127168,1,0.000000,0.100000,0.490000,Entry,0.000580808,0.000580808,0.000000000,11-SEP-2026,,842450,56047772,56047772,QNL.X0220423,,SPQNL__8WP,,,
H4TEST,EHN1,QNL.X0220423.S,716.107761,5011.822348,453.197017,2452.402074,423.917168,1,0.000000,2.890000,0.490000,Entry,0.000580808,0.000580808,0.000000000,11-SEP-2026,,842451,56047772,56047772,QNL.X0220423,,SPQNL__8WP,,,
H4TEST,EHN1,MBXHD.X0220432.E,717.092971,5019.230140,453.235903,2452.437766,431.390168,1,-0.535000,0.630000,0.000000,Entry,-0.000419220,-1.571215520,1.570796300,11-SEP-2026,,842452,56047583,56047583,MBXHD.X0220432,,PXMBXHDCWP,,,
H4TEST,EHN1,MBXHD.X0220432.S,717.256294,5020.466398,453.235883,2452.437212,432.637168,1,-0.535000,1.877000,0.000000,Entry,-0.000419220,-1.571215520,1.570796300,11-SEP-2026,,842453,56047583,56047583,MBXHD.X0220432,,PXMBXHDCWP,,,
H4TEST,EHN1,XFFH.X0220442.E,718.405149,5029.548143,453.200473,2452.397861,441.791168,1,0.000000,-0.138000,0.449750,Entry,0.000580807,0.000580807,0.000000000,11-SEP-2026,,842454,57698095,57698095,XFFH.X0220442,,SPXFF__001,,,
H4TEST,EHN1,XFFV.X0220441.E,718.455017,5029.543551,453.152502,2452.349902,441.793168,1,0.000000,0.138000,0.449750,Entry,0.000580808,0.000580808,0.000000000,11-SEP-2026,,842455,57698066,57698066,XFFV.X0220441,,SPXFF__001,,,
H4TEST,EHN1,XFFH.X0220442.S,718.441297,5029.821766,453.200470,2452.397739,442.067168,1,0.000000,0.138000,0.449750,Entry,0.000580807,0.000580807,0.000000000,11-SEP-2026,,842456,57698095,57698095,XFFH.X0220442,,SPXFF__001,,,
H4TEST,EHN1,XFFV.X0220441.S,718.491165,5029.817174,453.152499,2452.349780,442.069168,1,0.000000,0.414000,0.449750,Entry,0.000580808,0.000580808,0.000000000,11-SEP-2026,,842457,57698066,57698066,XFFV.X0220441,,SPXFF__001,,,
H4TEST,EHN1,QNL.X0220444.E,718.569196,5030.408061,453.190740,2452.387765,442.665168,1,0.000000,0.100000,0.490000,Entry,0.000580807,0.000580807,0.000000000,10-SEP-2026,,842458,56047781,56047781,QNL.X0220444,,SPQNL__8WP,,,
H4TEST,EHN1,QNL.X0220444.S,718.934611,5033.174027,453.190702,2452.386527,445.455168,1,0.000000,2.890000,0.490000,Entry,0.000580807,0.000580807,0.000000000,10-SEP-2026,,842459,56047781,56047781,QNL.X0220444,,SPQNL__8WP,,,
H4TEST,EHN1,XSCI.X0220446.E,719.024296,5033.865016,452.700693,2451.896217,446.152169,3,0.000000,0.000000,0.000000,Entry,0.004580161,0.004580161,0.000000000,11-SEP-2026,,842460,57698122,57698122,XSCI.X0220446,,SPXSCI_,,,
H4TEST,EHN1,XEMC.X0220447.E,719.052117,5034.061115,452.822141,2452.017581,446.350168,4,0.000000,0.080000,0.101450,Entry,0.000580808,0.000580808,0.000000000,11-SEP-2026,,842461,57576892,57576892,XEMC.X0220447,SPHXEMC001-CR000003,,,,
H4TEST,EHN1,XEMC.X0220447.S,719.129391,5034.646033,452.822133,2452.017319,446.940169,4,0.000000,0.670000,0.101450,Entry,0.000580808,0.000580808,0.000000000,11-SEP-2026,,842462,57576892,57576892,XEMC.X0220447,SPHXEMC001-CR000003,,,,
H4TEST,EHN1,XCIO.X0220450.E,719.482351,5037.317826,452.837649,2452.031674,449.635168,1,0.000000,0.100000,0.137000,Entry,0.000580807,0.000580807,0.000000000,10-SEP-2026,,842463,57247350,57247350,XCIO.X0220450,,SPXCIOB001,,,
H4TEST,EHN1,XCIO.X0220450.S,719.652616,5038.606627,452.837633,2452.031097,450.935168,1,0.000000,1.400000,0.137000,Entry,0.000580807,0.000580807,0.000000000,10-SEP-2026,,842464,57247350,57247350,XCIO.X0220450,,SPXCIOB001,,,
H4TEST,EHN1,XCHV.X0220452.E,719.757042,5039.415713,453.104919,2452.298030,451.750843,1,-0.000218,0.238674,0.402296,Entry,-0.000508193,0.000580807,-0.001089000,11-SEP-2026,,842465,56051674,56051674,XCHV.X0220452,SPXCHV_002-CR007802,SPXCHV_002,,,
H4TEST,EHN1,XCHV.X0220452.S,719.826254,5039.930145,453.105797,2452.298685,452.269908,1,0.001022,0.757740,0.403181,Entry,-0.000508193,0.000580807,-0.001089000,11-SEP-2026,,842466,56051674,56051674,XCHV.X0220452,SPXCHV_002-CR007802,SPXCHV_002,,,
H4TEST,EHN1,XSCI.X0220453.E,719.892196,5040.426858,452.700610,2451.893282,452.771159,3,0.000000,0.000000,0.000000,Centre,0.005579940,0.005579940,0.000000000,11-SEP-2026,,842467,57699122,57699122,XSCI.X0220453,,SPXSCI_,,,
H4TEST,EHN1,XSCI.X0220466.E,721.627140,5053.551693,452.700467,2451.887412,466.010168,3,0.000000,0.000000,0.000000,Centre,0.000580807,0.000580807,0.000000000,10-SEP-2026,,842468,57699145,57699145,XSCI.X0220466,,SPXSCI_,,,
H4TEST,EHN1,QNL.X0220476.E,722.628383,5061.179483,453.196392,2452.379994,473.703168,1,0.000000,0.100000,0.490000,Entry,0.000580808,0.000580808,0.000000000,11-SEP-2026,,842469,56047790,56047790,QNL.X0220476,,SPQNL__8WP,,,
H4TEST,EHN1,QNL.X0220476.S,722.993798,5063.945449,453.196367,2452.378756,476.493168,1,0.000000,2.890000,0.490000,Entry,0.000580808,0.000580808,0.000000000,11-SEP-2026,,842470,56047790,56047790,QNL.X0220476,,SPQNL__8WP,,,
H4TEST,EHN1,QNL.X0220479.E,723.065563,5064.595657,453.210355,2452.392455,477.147168,1,0.000000,0.100000,0.490000,Entry,0.000580807,0.000580807,0.000000000,11-SEP-2026,,842471,56047799,56047799,QNL.X0220479,,SPQNL__8WP,,,
H4TEST,EHN1,QNL.X0220479.S,723.430978,5067.361624,453.210331,2452.391216,479.937168,1,0.000000,2.890000,0.490000,Entry,0.000580807,0.000580807,0.000000000,11-SEP-2026,,842472,56047799,56047799,QNL.X0220479,,SPQNL__8WP,,,
H4TEST,EHN1,XSCI.X0220481.E,723.519943,5067.894335,452.702340,2451.882994,480.477168,3,0.000000,0.000000,0.000000,Entry,0.002580971,0.002580971,0.000000000,11-SEP-2026,,842473,57699191,57699191,XSCI.X0220481,,SPXSCI_,,,
H4TEST,EHN1,MCXCA.X0220481.E,723.579800,5068.335530,453.228337,2452.408798,480.922168,8,0.000000,0.050000,0.528000,Entry,0.000580807,0.000580807,0.000000000,10-SEP-2026,,842474,56048114,56048114,MCXCA.X0220481,,PXMCXCAHWC,,,
H4TEST,EHN1,MCXCA.X0220481.S,723.619092,5068.632945,453.228335,2452.408665,481.222168,8,0.000000,0.350000,0.528000,Entry,0.000580807,0.000580807,0.000000000,10-SEP-2026,,842475,56048114,56048114,MCXCA.X0220481,,PXMCXCAHWC,,,
H4TEST,EHN1,MCXCA.X0220483.E,724.204510,5069.029453,452.700638,2451.880901,481.692168,8,0.000000,0.050000,0.528000,Entry,-1.570215519,-1.570215519,0.000000000,10-SEP-2026,,842476,56048123,56048123,MCXCA.X0220483,,PXMCXCAHWC,,,
H4TEST,EHN1,MCXCA.X0220483.S,724.243802,5069.326868,452.700635,2451.880767,481.992168,8,0.000000,0.350000,0.528000,Entry,-1.570215519,-1.570215519,0.000000000,10-SEP-2026,,842477,56048123,56048123,MCXCA.X0220483,,PXMCXCAHWC,,,
H4TEST,EHN1,XFFH.X0220483.E,723.792193,5069.949581,453.150073,2452.329824,482.550169,1,0.000000,-0.138000,0.449750,Entry,0.002580808,0.002580808,0.000000000,11-SEP-2026,,842478,57699237,57699237,XFFH.X0220483,,SPXFF__001,,,
H4TEST,EHN1,XFFV.X0220483.E,723.791747,5069.949640,453.150072,2452.329823,482.550169,1,0.000000,0.138000,0.449750,Entry,0.003580808,0.003580808,0.000000000,11-SEP-2026,,842479,57699214,57699214,XFFV.X0220483,,SPXFF__001,,,
H4TEST,EHN1,XFFH.X0220483.S,723.828342,5070.223203,453.150072,2452.329702,482.826168,1,0.000000,0.138000,0.449750,Entry,0.002580808,0.002580808,0.000000000,11-SEP-2026,,842480,57699237,57699237,XFFH.X0220483,,SPXFF__001,,,
H4TEST,EHN1,XFFV.X0220483.S,723.827896,5070.223262,453.150069,2452.329700,482.826168,1,0.000000,0.414000,0.449750,Entry,0.003580808,0.003580808,0.000000000,11-SEP-2026,,842481,57699214,57699214,XFFV.X0220483,,SPXFF__001,,,
H4TEST,EHN1,XDWC.X0220483.E,723.884249,5070.644275,452.701319,2451.880764,483.251135,5,0.000000,0.000000,0.000000,Centre,0.003581071,0.003581071,0.000000000,11-SEP-2026,,842482,57699260,57699260,XDWC.X0220483,,SPXDWC_,,,
H4TEST,EHN1,MBHHE.X0220496.E,725.348576,5081.742049,453.325539,2452.500090,494.444823,1,0.000355,0.153755,0.625291,Entry,0.001962808,0.001580808,0.000382000,11-SEP-2026,,842483,63497211,63497211,MBHHE.X0220496,PXMBHHEHWC-OR000703,PXMBHHEHWC,,,
H4TEST,EHN1,MBHHE.X0220496.S,725.570383,5083.419359,453.325468,2452.499277,496.136735,1,0.000569,1.845667,0.625229,Entry,0.001962808,0.001580808,0.000382000,11-SEP-2026,,842485,63497211,63497211,MBHHE.X0220496,PXMBHHEHWC-OR000703,PXMBHHEHWC,,,
H4TEST,EHN1,XDWC.X0220496.E,725.607460,5083.687938,452.701238,2451.874929,496.408135,5,0.000000,0.000000,0.000000,Centre,0.004581009,0.004581009,0.000000000,11-SEP-2026,,842484,57753875,57753875,XDWC.X0220496,,SPXDWC_,,,
H4TEST,EHN1,XDWC.X0220500.E,726.119434,5087.563265,452.701219,2451.873195,500.317135,5,0.000000,0.000000,0.000000,Centre,0.005580998,0.005580998,0.000000000,11-SEP-2026,,842486,57753914,57753914,XDWC.X0220500,,SPXDWC_,,,
H4TEST,EHN1,QNL.X0220526.E,729.291752,5111.589994,453.190150,2452.351440,524.552168,1,0.000000,0.100000,0.490000,Entry,0.005580807,0.005580807,0.000000000,11-SEP-2026,,842487,57387100,57387100,QNL.X0220526,,SPQNL__8WP,,,
H4TEST,EHN1,QNL.X0220526.S,729.657167,5114.355960,453.190147,2452.350201,527.342168,1,0.000000,2.890000,0.490000,Entry,0.005580807,0.005580807,0.000000000,11-SEP-2026,,842488,57387100,57387100,QNL.X0220526,,SPQNL__8WP,,,
H4TEST,EHN1,QNL.X0220538.E,730.865033,5123.476325,453.190160,2452.346130,536.542168,1,0.000000,0.100000,0.490000,Entry,-0.000419192,-0.000419192,0.000000000,11-SEP-2026,,842489,57387141,57387141,QNL.X0220538,,SPQNL__8WP,,,
H4TEST,EHN1,QNL.X0220538.S,731.230448,5126.242291,453.190163,2452.344891,539.332168,1,0.000000,2.890000,0.490000,Entry,-0.000419192,-0.000419192,0.000000000,11-SEP-2026,,842490,57387141,57387141,QNL.X0220538,,SPQNL__8WP,,,
H4TEST,EHN1,XSCI.X0220540.E,731.304340,5126.802209,452.701165,2451.855642,539.897158,3,0.000000,0.000000,0.000000,Centre,0.001581124,0.001581124,0.000000000,11-SEP-2026,,842491,57699314,57699314,XSCI.X0220540,,SPXSCI_,,,
H4TEST,EHN1,XSCI.X0220596.E,738.904702,5184.332329,452.701529,2451.829905,597.927158,3,0.000000,0.000000,0.000000,Centre,0.002581323,0.002581323,0.000000000,11-SEP-2026,,842492,57699393,57699393,XSCI.X0220596,,SPXSCI_,,,
H4TEST,EHN1,XWCM.X0220596.E,738.937709,5184.582168,452.700532,2451.828793,598.179168,5,0.000000,0.000000,0.000000,Centre,0.000580807,0.000580807,0.000000000,10-SEP-2026,,842493,57717887,57717887,XWCM.X0220596,,SPXWCM_002,,,
H4TEST,EHN1,XCIO.X0220634.E,743.397864,5218.342822,452.700993,2451.813690,632.233168,5,0.000000,0.050000,0.000000,Entry,0.000580807,0.000580807,0.000000000,10-SEP-2026,,842494,57247359,57247359,XCIO.X0220634,,SPXCIOP002,,,
H4TEST,EHN1,MBHHE.X0220635.E,743.504877,5219.154560,453.341246,2452.453567,633.051644,1,-0.000110,0.154480,0.640240,Entry,0.001490664,0.001580664,-0.000090000,11-SEP-2026,,842495,56047610,56047610,MBHHE.X0220635,PXMBHHEHWC-OR000507,PXMBHHEHWC,,,
H4TEST,EHN1,MBHHE.X0220635.S,743.738027,5220.830369,453.341312,2452.452858,634.743594,1,0.000040,1.846430,0.640260,Entry,0.001490664,0.001580664,-0.000090000,11-SEP-2026,,842496,56047610,56047610,MBHHE.X0220635,PXMBHHEHWC-OR000507,PXMBHHEHWC,,,
H4TEST,EHN1,MBHHE.X0220652.E,746.188906,5237.634148,453.343748,2452.447517,651.725169,1,-0.001560,0.089990,0.640270,Entry,0.001060308,0.001580308,-0.000520000,11-SEP-2026,,842497,56047619,56047619,MBHHE.X0220652,,PXMBHHEHWC,,,
H4TEST,EHN1,MBHHE.X0220652.S,746.464506,5239.433150,453.343817,2452.446754,653.545159,1,-0.001080,1.909980,0.640270,Entry,0.001060308,0.001580308,-0.000520000,11-SEP-2026,,842498,56047619,56047619,MBHHE.X0220652,,PXMBHHEHWC,,,
H4TEST,EHN1,XSCI.X0220680.E,750.776899,5266.393185,452.703560,2451.793993,680.848189,3,0.000000,0.000000,0.000000,Centre,0.005581220,0.005581220,0.000000000,11-SEP-2026,,842499,57702771,57702771,XSCI.X0220680,,SPXSCI_,,,
H4TEST,EHN1,MQNFB.X0220683.E,751.010107,5267.911626,453.220736,2452.310460,682.384188,1,0.274360,0.074990,0.439610,Entry,0.016032697,0.575936697,-0.559904000,11-SEP-2026,,842500,56047833,56047833,MQNFB.X0220683,,PXMQNFBTWC,,,
H4TEST,EHN1,MQNFB.X0220683.S,751.302865,5269.737991,453.220686,2452.309558,684.233868,1,0.274900,1.924670,0.439110,Entry,0.016032697,0.575936697,-0.559904000,11-SEP-2026,,842501,56047833,56047833,MQNFB.X0220683,,PXMQNFBTWC,,,
H4TEST,EHN1,MQNFB.X0220686.E,751.449260,5270.647647,453.220691,2452.309139,685.155228,1,0.275230,0.076030,0.438850,Entry,0.014846696,0.574936696,-0.560090000,11-SEP-2026,,842502,56047842,56047842,MQNFB.X0220686,,PXMQNFBTWC,,,
H4TEST,EHN1,MQNFB.X0220686.S,751.740583,5272.473674,453.220961,2452.308557,687.004348,1,0.274800,1.925150,0.439360,Entry,0.014846696,0.574936696,-0.560090000,11-SEP-2026,,842503,56047842,56047842,MQNFB.X0220686,,PXMQNFBTWC,,,
H4TEST,EHN1,XBTF.X0220687.E,751.817852,5272.912792,453.124893,2452.212285,687.450199,1,-0.351570,-0.119000,0.230500,Entry,0.000614770,-0.989859630,0.990474400,11-SEP-2026,,842504,57709654,57709654,XBTF.X0220687,,SPXBTF_,,,
H4TEST,EHN1,XBTF.X0220687.S,751.879428,5273.297900,453.124909,2452.212121,687.840198,1,-0.351570,0.271000,0.230500,Entry,0.000614770,-0.989859630,0.990474400,11-SEP-2026,,842505,57709654,57709654,XBTF.X0220687,,SPXBTF_,,,
H4TEST,EHN1,MQNEE.X0220689.E,751.945415,5273.784768,453.219364,2452.306347,688.331338,1,0.275000,0.075140,0.438650,Entry,0.021003096,0.581936696,-0.560933600,11-SEP-2026,,842506,56047851,56047851,MQNEE.X0220689,,PXMQNEETWC,,,
H4TEST,EHN1,MQNEE.X0220689.S,752.080171,5274.623603,453.219379,2452.305970,689.180928,1,0.275510,0.924730,0.438290,Entry,0.021003096,0.581936696,-0.560933600,11-SEP-2026,,842507,56047851,56047851,MQNEE.X0220689,,PXMQNEETWC,,,
H4TEST,EHN1,MBHHE.X0220692.E,752.290093,5276.325261,453.811838,2452.897621,690.835435,1,-0.984940,0.294570,0.547000,Entry,0.020866223,-0.989033777,1.009900000,11-SEP-2026,,842508,56047628,56047628,MBHHE.X0220692,,PXMBHHEHWC,,,
H4TEST,EHN1,MBHHE.X0220692.S,752.596960,5277.908988,453.730875,2452.815928,692.450685,1,-0.985040,1.909820,0.546790,Entry,0.020866223,-0.989033777,1.009900000,11-SEP-2026,,842509,56047628,56047628,MBHHE.X0220692,,PXMBHHEHWC,,,
H4TEST,EHN1,XCSH.X0220694.E,752.857686,5278.722825,452.848017,2451.932714,693.328779,1,-0.276370,0.092680,0.169970,Entry,0.022658554,-0.986891446,1.009550000,11-SEP-2026,,842510,56998575,56998575,XCSH.X0220694,,SPXCSH_001,,,
H4TEST,EHN1,XCSH.X0220694.S,753.036797,5279.509105,452.767273,2451.851612,694.139269,1,-0.276990,0.903170,0.169790,Entry,0.022658554,-0.986891446,1.009550000,11-SEP-2026,,842511,56998575,56998575,XCSH.X0220694,,SPXCSH_001,,,
H4TEST,EHN1,MQNFB.X0220696.E,753.209352,5280.273104,452.879766,2451.963758,694.907259,1,0.275620,0.075160,0.438550,Entry,0.024734881,0.584904881,-0.560170000,11-SEP-2026,,842512,56047869,56047869,MQNFB.X0220696,,PXMQNFBTWC,,,
H4TEST,EHN1,MQNFB.X0220696.S,753.619143,5282.066810,452.694562,2451.777738,696.756560,1,0.275640,1.924460,0.438510,Entry,0.024734881,0.584904881,-0.560170000,11-SEP-2026,,842513,56047869,56047869,MQNFB.X0220696,,PXMQNFBTWC,,,
H4TEST,EHN1,XBPF.X0220697.E,753.729774,5282.489363,452.553822,2451.636809,697.205099,1,-0.351570,-0.119000,0.230500,Entry,0.000582954,-0.989891446,0.990474400,11-SEP-2026,,842514,57702794,57702794,XBPF.X0220697,,SPXBPF_L01,,,
H4TEST,EHN1,XBPF.X0220697.S,753.816187,5282.867641,452.514769,2451.597584,697.595100,1,-0.351570,0.271000,0.230500,Entry,0.000582954,-0.989891446,0.990474400,11-SEP-2026,,842515,57702794,57702794,XBPF.X0220697,,SPXBPF_L01,,,
H4TEST,EHN1,MBHHE.X0220699.E,754.011186,5284.036597,453.088145,2452.170413,698.655897,1,-0.985500,0.294830,0.548040,Entry,0.025109073,-0.985725927,1.010835000,11-SEP-2026,,842516,56047637,56047637,MBHHE.X0220699,,PXMBHHEHWC,,,
H4TEST,EHN1,MBHHE.X0220699.S,754.418223,5285.580379,452.846291,2451.927866,700.270756,1,-0.985710,1.909690,0.547970,Entry,0.025109073,-0.985725927,1.010835000,11-SEP-2026,,842517,56047637,56047637,MBHHE.X0220699,,PXMBHHEHWC,,,
H4TEST,EHN1,XBPF.X0220701.E,754.653605,5286.060234,452.026080,2451.107461,700.893300,1,-0.351570,-0.119000,0.230500,Entry,0.002907618,-0.987566782,0.990474400,11-SEP-2026,,842518,57702824,57702824,XBPF.X0220701,,SPXBPF_L01,,,
H4TEST,EHN1,XBPF.X0220701.S,754.763483,5286.426258,451.948434,2451.029654,701.283301,1,-0.351570,0.271000,0.230500,Entry,0.002907618,-0.987566782,0.990474400,11-SEP-2026,,842519,57702824,57702824,XBPF.X0220701,,SPXBPF_L01,,,
H4TEST,EHN1,MQNEE.X0220703.E,755.014293,5287.301350,451.863290,2450.944120,702.192320,1,0.275320,0.075020,0.439170,Entry,0.024149545,0.584229545,-0.560080000,11-SEP-2026,,842520,56047878,56047878,MQNEE.X0220703,,PXMQNEETWC,,,
H4TEST,EHN1,MQNEE.X0220703.S,755.253789,5288.098906,451.694060,2450.774538,703.042150,1,0.275360,0.924850,0.439100,Entry,0.024149545,0.584229545,-0.560080000,11-SEP-2026,,842521,56047878,56047878,MQNEE.X0220703,,PXMQNEETWC,,,
H4TEST,EHN1,MQNEE.X0220704.E,755.511741,5288.962161,451.511027,2450.591123,703.961600,1,0.274860,0.074300,0.439470,Entry,0.025429545,0.585229545,-0.559800000,11-SEP-2026,,842522,56047887,56047887,MQNEE.X0220704,,PXMQNEETWC,,,
H4TEST,EHN1,MQNEE.X0220704.S,755.753263,5289.759579,451.341355,2450.421099,704.811960,1,0.276360,0.924660,0.438020,Entry,0.025429545,0.585229545,-0.559800000,11-SEP-2026,,842523,56047887,56047887,MQNEE.X0220704,,PXMQNEETWC,,,
H4TEST,EHN1,MBHGG.X0220706.E,756.045073,5290.767116,451.254741,2450.334037,705.857091,1,-0.001350,0.089800,0.640100,Entry,0.033482110,0.033442110,0.000040000,11-SEP-2026,,842524,57386582,57386582,MBHGG.X0220706,,PXMBHGGHWC,,,
H4TEST,EHN1,MBHGG.X0220706.S,756.287099,5291.533458,451.091958,2450.170917,706.677131,1,-0.001230,0.909840,0.640220,Entry,0.033482110,0.033442110,0.000040000,11-SEP-2026,,842525,57386582,57386582,MBHGG.X0220706,,PXMBHGGHWC,,,
H4TEST,EHN1,XBPF.X0220707.E,756.477912,5292.030349,450.648499,2449.727246,707.286333,1,0.000000,-0.119000,0.310500,Entry,0.001650138,0.001650138,0.000000000,11-SEP-2026,,842526,57702874,57702874,XBPF.X0220707,,SPXBPF_L01,,,
H4TEST,EHN1,XBPF.X0220707.S,756.598109,5292.393189,450.571197,2449.649786,707.676333,1,0.000000,0.271000,0.310500,Entry,0.001650138,0.001650138,0.000000000,11-SEP-2026,,842527,57702874,57702874,XBPF.X0220707,,SPXBPF_L01,,,
H4TEST,EHN1,XBPF.X0220716.E,759.118732,5300.003249,448.949932,2448.025192,715.855932,1,0.000000,-0.119000,0.310500,Entry,0.002650138,0.002650138,0.000000000,11-SEP-2026,,842528,57702918,57702918,XBPF.X0220716,,SPXBPF_L01,,,
H4TEST,EHN1,XBPF.X0220716.S,759.238928,5300.366089,448.872631,2447.947732,716.245932,1,0.000000,0.271000,0.310500,Entry,0.002650138,0.002650138,0.000000000,11-SEP-2026,,842529,57702918,57702918,XBPF.X0220716,,SPXBPF_L01,,,
