point,name,norm_mm,after_radial_sign_norm_mm,after_rigid_correction_norm_mm,after_seed_correction_norm_mm,tangent_roll_hypothesis_norm_mm,request_r_at_socket_mm,roll_difference_rad,socket_rst_changed,delta_r_mm,delta_s_mm,delta_t_mm,after_radial_sign_x_mm,after_radial_sign_y_mm,after_radial_sign_z_mm,after_rigid_correction_x_mm,after_rigid_correction_y_mm,after_rigid_correction_z_mm,after_seed_correction_x_mm,after_seed_correction_y_mm,after_seed_correction_z_mm,tangent_roll_hypothesis_x_mm,tangent_roll_hypothesis_y_mm,tangent_roll_hypothesis_z_mm
XTAX.X0220023.E,XTAX.X0220023,0.0009999999974752427,0.0009999999974752427,0.0009999999974752427,0.00040678158936948274,0.00040678158936948274,-0.0,0.0,False,-0.0009932157009593535,-0.00011628656185074132,-4.302602984819547e-08,-0.0009999999974752427,0.0,0.0,-0.0009999999974752427,0.0,0.0,0.0003736388407560298,-0.00016082685760920867,0.0,0.0003736388407560298,-0.00016082685760920867,0.0
XTAX.X0220023.S,XTAX.X0220023,0.0019999999949504854,0.0019999999949504854,0.0019999999949504854,0.0005600501386161637,0.0005600501386161637,-0.0,0.0,False,-0.001986431401918707,-0.00023257312370148265,-8.605205969639094e-08,-0.0019999999949504854,0.0,0.0,-0.0019999999949504854,0.0,0.0,-0.0005330648491508327,-0.00017174988897750154,0.0,-0.0005330648491508327,-0.00017174988897750154,0.0
XTAX.X0220025.E,XTAX.X0220025,0.0019999999949504854,0.0019999999949504854,0.0019999999949504854,0.0005520599667256942,0.0005520599667256942,-0.0,0.0,False,-0.001986431401918707,-0.00023257312370148265,-8.605205969639094e-08,-0.0019999999949504854,0.0,0.0,-0.0019999999949504854,0.0,0.0,-0.0005243281293587643,-0.0001727721610222943,0.0,-0.0005243281293587643,-0.0001727721610222943,0.0
XTAX.X0220025.S,XTAX.X0220025,0.0014142137999687712,0.0014142137999687712,0.0014142137999687712,0.0009950263921545276,0.0009950263921545276,-0.0,0.0,False,-0.0011095023104306676,0.0008769294098696325,3.244638964581333e-07,-0.0009999999974752427,0.0010000003385357559,0.0,-0.0009999999974752427,0.0010000003385357559,0.0,0.0005689682893716963,0.0008163042366504669,0.0,0.0005689682893716963,0.0008163042366504669,0.0
MSN.X0220027.E,MSN.X0220027,0.00223606812438118,0.00223606812438118,0.00223606812438118,0.0008913511954246753,0.0008913511954246753,-0.0,0.0,False,-0.0021038407019667235,0.0007575320972833153,2.8143786660993784e-07,-0.0019999999949504854,0.0010000003385357559,0.0,-0.0019999999949504854,0.0010000003385357559,0.0,-0.00037307938782760175,0.0008095175871858373,0.0,-0.00037307938782760175,0.0008095175871858373,0.0
MSN.X0220027.S,MSN.X0220027,0.002236067717642821,0.002236067717642821,0.002236067717642821,0.0008226546408620789,0.0008226546408620789,-0.0,0.0,False,-0.002103840594868804,0.000757531194116367,2.8143753237991e-07,-0.0019999999949504854,0.000999999429041054,0.0,-0.0019999999949504854,0.000999999429041054,0.0,-0.0002233321083622286,0.0007917597031337209,0.0,-0.0002233321083622286,0.0007917597031337209,0.0
MSN.X0220031.A,MSN.X0220031,0.0019999999949504854,0.0019999999949504854,0.0019999999949504854,0.0002798600823925899,0.0002798600823925899,-0.0,1.0000000000157452e-09,False,-0.0019853335425423805,-0.00024176579008020662,-8.605205969639094e-08,-0.0019999999949504854,0.0,0.0,-0.0019999999949504854,0.0,0.0,-0.00015343584891525097,-0.00023404936655424535,0.0,-0.00015343584891525097,-0.00023404936655424535,0.0
MSN.X0220031.E,MSN.X0220031,0.0019999999949504854,0.0019999999949504854,0.0019999999949504854,0.00026482723837419753,0.00026482723837419753,-0.0,1.0000000000157452e-09,False,-0.0019853335425423805,-0.00024176579008020662,-8.605205969639094e-08,-0.0019999999949504854,0.0,0.0,-0.0019999999949504854,0.0,0.0,-0.0001513153620180674,-0.0002173410393879749,0.0,-0.0001513153620180674,-0.0002173410393879749,0.0
MSN.X0220031.B,MSN.X0220031,0.00223606812438118,0.00223606812438118,0.00223606812438118,0.0007457537719666422,0.0007457537719666422,-0.0,1.0000000000157452e-09,False,-0.0021062164864558944,0.0007509012517286684,2.8143786660993784e-07,-0.0019999999949504854,0.0010000003385357559,0.0,-0.0019999999949504854,0.0010000003385357559,0.0,1.1526253729243763e-05,0.0007456646926584654,0.0,1.1526253729243763e-05,0.0007456646926584654,0.0
MSN.X0220031.S,MSN.X0220031,0.002236067717642821,0.002236067717642821,0.002236067717642821,0.0007626965172801857,0.0007626965172801857,-0.0,1.0000000000157452e-09,False,-0.002106216376513535,0.0007509003489035589,2.8143753237991e-07,-0.0019999999949504854,0.000999999429041054,0.0,-0.0019999999949504854,0.000999999429041054,0.0,1.377020453219302e-05,0.0007625721991644241,0.0,1.377020453219302e-05,0.0007625721991644241,0.0
QNL.X0220034.E,QNL.X0220034,2.7971101158177327,0.002233915388499134,0.0022349008446949123,0.0002674600090152342,0.0002674600090152342,1.3996655518394647,-2.9999999999930256e-09,False,2.7971101055311887,-0.00023979473559956367,-6.608743118885519e-06,-0.002233644441045589,3.417448985864463e-05,-6.525197489410065e-06,-0.002234628027508734,3.430432116147131e-05,-6.525169737869874e-06,-0.00016635704014333896,-0.00020932657207595184,-6.525169737869874e-06,-0.00016635704014333896,-0.00020932657207595184,-6.525169737869874e-06
QNL.X0220034.S,QNL.X0220034,2.80219503250214,0.0029301167261833834,0.002929990980146676,0.0008752849790159529,0.0008752849790159529,-1.3996655518394647,-2.9999999999930256e-09,False,-2.802194964004397,0.0006195501212695985,6.7611025568293375e-06,-0.0027663556600174624,0.0009658249391824095,6.525197489410065e-06,-0.0027659666557156015,0.0009665573088568635,6.524714990518987e-06,-0.0005237375262368005,0.0007012704372755252,6.524714990518987e-06,-0.0005237375262368005,0.0007012704372755252,6.524714990518987e-06
QNL.X0220041.E,QNL.X0220041,0.0019999999949504854,0.0019999999949504854,0.0019999999949504854,0.0005767676028935096,0.0005767676028935096,-0.0,0.0,False,-0.0019849267803309497,-0.0002450829433518249,-8.605205969639094e-08,-0.0019999999949504854,0.0,0.0,-0.0019999999949504854,0.0,0.0,0.0004947911520503112,-0.00029638249543495476,0.0,0.0004947911520503112,-0.00029638249543495476,0.0
QNL.X0220041.S,QNL.X0220041,0.002999999992425728,0.002999999992425728,0.002999999992425728,0.00045907539849747485,0.00045907539849747485,-0.0,0.0,False,-0.0029773901704964246,-0.00036762441502773737,-1.290780895445864e-07,-0.002999999992425728,0.0,0.0,-0.002999999992425728,0.0,0.0,-0.0003312292164991959,-0.00031786385079612955,0.0,-0.0003312292164991959,-0.00031786385079612955,0.0
QNL.X0220049.E,QNL.X0220049,5.595212685861549,0.0034679869436281623,0.003468124121689004,0.0005872090216429185,0.0005872090216429185,2.7993311036789295,2.0000000000314905e-09,False,5.595212674453922,-0.00035704708295166993,-1.3174459868801303e-05,-0.0034672887709290973,6.834988921199103e-05,-1.305039497882013e-05,-0.003467420810920885,6.861137080704793e-05,-1.3050794223090634e-05,-0.0005136510026204633,-0.00028426529752323404,-1.3050794223090634e-05,-0.0005136510026204633,-0.00028426529752323404,-1.3050794223090634e-05
QNL.X0220049.S,QNL.X0220049,5.602159940691908,0.0035333965708004315,0.00353424090413399,0.0006021006472893911,0.0006021006472893911,-2.7993311036789295,2.0000000000314905e-09,False,-5.602159918297911,-0.0005007432327110107,1.2873277654972473e-05,-0.0035327113250844394,-6.834988921199103e-05,1.305039497882013e-05,-0.0035335257280166843,-6.988830136833712e-05,1.3050794223090634e-05,-0.0004058197191625368,-0.0004445955710252747,1.3050794223090634e-05,-0.0004058197191625368,-0.0004445955710252747,1.3050794223090634e-05
MBNV.X0220053.E,MBNV.X0220053,12.000056041707872,0.002508401275640376,0.002508401416759437,0.0007228820436639824,0.0007228820436639824,-6.0,1.5707963269999998,True,-12.000055779668859,-3.468889379817366e-06,-0.0025077786096429247,-0.0024893245148302537,0.0003036954207207853,5.576298891390996e-05,-0.0024893246290957904,0.0003036957423319109,5.576248440775089e-05,0.0007162244628489134,-8.044571586651728e-05,5.576248440775089e-05,0.0007162244628489134,-8.044571586651728e-05,5.576248440775089e-05
MBNV.X0220053.S,MBNV.X0220053,12.001056661866928,0.003658176007810369,0.0036581759978990577,0.0010624785289966225,0.0010624785289966225,-6.0,1.5707963269999998,True,-12.00105615079537,-0.000122961222957041,-0.003500239668824143,-0.0034893245123054964,0.0003036954207207853,0.001055762872702315,-0.003489324626571033,0.0003036957423319109,0.0010557623681961559,-4.681498921854654e-05,-0.0001097032509278506,0.0010557623681961559,-4.681498921854654e-05,-0.0001097032509278506,0.0010557623681961559
MBNV.X0220059.E,MBNV.X0220059,4.0001981199946455,0.0031606134477712004,0.0031606136094348087,0.0004928536736618307,0.0004928536736618307,-2.0,1.570796327,True,-4.000196876216417,-0.00014227664506282124,-0.0031512655359254324,-0.0031451885696309025,0.0002430317736794424,0.00019545276840580994,-0.00314518865707214,0.00024303244572365656,0.0001954531398951076,0.00041304372189188143,-0.0001846556187956594,0.0001954531398951076,0.00041304372189188143,-0.0001846556187956594,0.0001954531398951076
MBNV.X0220059.S,MBNV.X0220059,4.002200144598081,0.004696984675094562,0.004696984960676778,0.0022334450336857882,0.0022334450336857882,-2.0,1.570796327,True,-4.002197991969483,-0.0002450419385602315,-0.0041437242655015935,-0.004145188680792983,0.00024303086418474062,0.00219545253598262,-0.00414518876823422,0.0002430315362289548,0.0021954529074719176,-0.0003500063030514866,-0.00021391315385699272,0.0021954529074719176,-0.0003500063030514866,-0.00021391315385699272,0.0021954529074719176
MBNV.X0220065.E,MBNV.X0220065,2.000288979070156,0.0041911596169574294,0.004191159618854259,0.00047835818604354246,0.00047835818604354246,1.0,1.570796327,True,2.000284608492648,0.00029491245733173887,-0.0041710722342388285,-0.004102918693557427,0.0008085015483325926,-0.0002796468759266868,-0.004102918637727271,0.000808501681603957,-0.000279647338174982,-0.0001920235490615596,0.0003372697392478585,-0.000279647338174982,-0.0001920235490615596,0.0003372697392478585,-0.000279647338174982
MBNV.X0220065.S,MBNV.X0220065,1.9982892680743967,0.004521861585239001,0.004521861382546641,0.0017482860916799273,0.0017482860916799273,1.0,1.570796327,True,1.9982848879172783,0.0003283565856268311,-0.004171067572269255,-0.004102918693557427,0.0008085015483325926,0.001720353346397474,-0.004102918637727271,0.000808501681603957,0.0017203528841491789,4.490493665798567e-05,0.0003080158421653323,0.0017203528841491789,4.490493665798567e-05,0.0003080158421653323,0.0017203528841491789
XCSH.X0220068.E,XCSH.X0220068,12.955690216991735,0.004448685885159822,0.004465018473629292,0.0011037773522429347,0.0011037773522429347,6.48,0.000656558,False,12.955690170055917,-0.00041419247229852914,-0.0010220648480976403,-0.004325569081390854,0.00013757445238701468,-0.0010302094432619656,-0.004342470901974593,0.00013318549463292584,-0.0010303388080501463,-0.0001256911446034792,-0.00037540394259849563,-0.0010303388080501463,-0.0001256911446034792,-0.00037540394259849563,-0.0010303388080501463
XCSH.X0220068.S,XCSH.X0220068,12.964622362340787,0.004676552668464619,0.004678216646277514,0.0007645331204048181,0.0007645331204048181,-6.480000000000001,0.000656558,False,-12.96462234289977,-0.0007085976848392097,4.450055072147878e-05,-0.004674431009571434,-0.0001375753618819333,3.0209559473560746e-05,-0.004676325602304132,-0.00012949021765962243,3.0366663850145414e-05,-0.00040915199406299507,-0.0006451227818615735,3.0366663850145414e-05,-0.00040915199406299507,-0.0006451227818615735,3.0366663850145414e-05
MBNV.X0220071.E,MBNV.X0220071,40.00010672474408,0.004635713449190056,0.004635713296265332,0.000374269459289712,0.000374269459289712,20.0,1.570796327,True,40.000106456263474,0.00023355960601439615,-0.004628601965756983,-0.0045647976613228365,0.0008014197074455911,-0.00010093535902228057,-0.004564797563944012,0.0008014194463612512,-0.0001009348125080578,-0.00022960318801779067,0.0002777987901936285,-0.0001009348125080578,-0.00022960318801779067,0.0002777987901936285,-0.0001009348125080578
MBNV.X0220071.S,MBNV.X0220071,39.99810728031736,0.005008602244564304,0.0050086023212576585,0.0019152746026312362,0.0019152746026312362,19.999999999999996,1.570796327,True,39.998107011521014,0.00028067427609553344,-0.0046285973051676714,-0.00456479777500966,0.0008014187979509977,0.0018990644085475905,-0.00456479767763085,0.0008014185368665494,0.0018990649550687522,7.29244220565306e-06,0.0002485476215952076,0.0018990649550687522,7.29244220565306e-06,0.0002485476215952076,0.0018990649550687522
MBNV.X0220077.E,MBNV.X0220077,200.0013861226483,0.004563244658416016,0.004563244327804426,0.001448562904969153,0.001448562904969153,100.0,1.5707963269999998,True,200.00138607539364,-0.00019299991296014424,-0.004343356749028182,-0.0043290967189256934,0.00038259281038600934,-0.0013913109473406848,-0.004329096555011347,0.00038259258872130886,-0.0013913104339735582,0.0003585164449759759,-0.00018454193195793778,-0.0013913104339735582,0.0003585164449759759,-0.00018454193195793778,-0.0013913104339735582
MBNV.X0220077.S,MBNV.X0220077,200.00341536599439,0.005670417280602314,0.005670416794384024,0.003531795868884441,0.003531795868884441,100.0,1.5707963269999998,True,200.00341531477216,0.0007382195696577221,-0.004465902933378286,-0.004329096832612531,0.0013825922394270634,-0.0033913111696648457,-0.004329096668698185,0.001382592017762363,-0.003391310656297719,0.0005953685331405723,0.0007862126949476078,-0.003391310656297719,0.0005953685331405723,0.0007862126949476078,-0.003391310656297719
MBNV.X0220083.E,MBNV.X0220083,0.005099019389239913,0.005099019389239913,0.005099019389239913,0.00039140505874953746,0.00039140505874953746,0.0,1.570796326,True,1.4124794423730117e-05,0.0003794926572706234,-0.005084858360377872,-0.0049999999873762135,0.000999999429041054,0.0,-0.0049999999873762135,0.000999999429041054,0.0,3.9939777707331814e-05,0.00038936195778660476,0.0,3.9939777707331814e-05,0.00038936195778660476,0.0
MBNV.X0220083.S,MBNV.X0220083,0.006999999966085727,0.006999999966085727,0.006999999966085727,0.003372395186067089,0.003372395186067089,0.0,1.570796326,True,0.0030444263726817377,0.001137135123856175,-0.006199870264498499,-0.005999999984851456,0.00199999976757681,-0.003000000106112566,-0.005999999984851456,0.00199999976757681,-0.003000000106112566,-0.0007232629286590964,0.0013601247701444663,-0.003000000106112566,-0.0007232629286590964,0.0013601247701444663,-0.003000000106112566
QNL.X0220087.E,QNL.X0220087,0.005099019567606479,0.005099019567606479,0.005099019567606479,0.000498958797241589,0.000498958797241589,-0.0,0.0,False,-0.0050848584718287005,0.0003794430552176114,-1.5422067072982984e-05,-0.0049999999873762135,0.0010000003385357559,0.0,-0.0049999999873762135,0.0010000003385357559,0.0,0.0003551782583599561,0.0003504401320242323,0.0,0.0003551782583599561,0.0003504401320242323,0.0
QNL.X0220087.S,QNL.X0220087,0.006082762571010733,0.006082762571010733,0.006082762571010733,0.0005745022886583255,0.0005745022886583255,-0.0,0.0,False,-0.006077321861994176,0.00025700291523209247,-1.0439472160267167e-05,-0.005999999984851456,0.0010000003385357559,0.0,-0.005999999984851456,0.0010000003385357559,0.0,-0.00047098581035243114,0.0003289760570623912,0.0,-0.00047098581035243114,0.0003289760570623912,0.0
QNL.X0220097.E,QNL.X0220097,0.006082762571010733,0.006082762571010733,0.006082762571010733,0.00027195426171185556,0.00027195426171185556,0.0,1.0000000000157452e-09,False,-0.006077321861994176,0.00025700291523209247,-1.0439472160267167e-05,-0.005999999984851456,0.0010000003385357559,0.0,-0.005999999984851456,0.0010000003385357559,0.0,-8.167262421920896e-06,0.00027183159545529634,0.0,-8.167262421920896e-06,0.00027183159545529634,0.0
QNL.X0220097.S,QNL.X0220097,0.007071067777934999,0.007071067777934999,0.007071067777934999,0.0015026830610398814,0.0015026830610398814,0.0,1.0000000000157452e-09,False,-0.006947246062142584,-0.0008977225884438027,-0.0009642955078153022,-0.006999999982326699,0.0,-0.000999999883788405,-0.006999999982326699,0.0,-0.000999999883788405,-0.0008343304216396064,-0.0007496328180423006,-0.000999999883788405,-0.0008343304216396064,-0.0007496328180423006,-0.000999999883788405
MBXHC.X0220117.E,MBXHC.X0220117,0.00824621128556186,0.00824621128556186,0.00824621128556186,0.001369094995060214,0.001369094995060214,0.0,0.0,False,-0.008183509944882822,0.00101414996437862,-4.08092867204479e-05,-0.00800000009348878,0.00199999976757681,0.0,-0.00800000009348878,0.00199999976757681,0.0,-0.0007860658115532715,0.0011209467629669234,0.0,-0.0007860658115532715,0.0011209467629669234,0.0
MBXHC.X0220117.S,MBXHC.X0220117,0.008062257770246663,0.008062257770246663,0.008062257770246663,0.0006560262945990306,0.0006560262945990306,0.0,0.0,False,-0.008062226770412706,2.2352436102756777e-05,-4.7428233483553737e-07,-0.007999999979801942,0.0010000003385357559,0.0,-0.007999999979801942,0.0010000003385357559,0.0,-0.00064772314090078,0.00010404437489341944,0.0,-0.00064772314090078,0.00010404437489341944,0.0
MBXHC.X0220120.E,MBXHC.X0220120,0.008062257770246663,0.008062257770246663,0.008062257770246663,0.0005880929885165163,0.0005880929885165163,0.0,-1.0000000000021927e-09,False,-0.008062144086347868,4.281191335480204e-05,-4.7428233483553737e-07,-0.007999999979801942,0.0010000003385357559,0.0,-0.007999999979801942,0.0010000003385357559,0.0,-0.0005802238547403249,9.588347893441096e-05,0.0,-0.0005802238547403249,9.588347893441096e-05,0.0
MBXHC.X0220120.S,MBXHC.X0220120,0.00905538516549323,0.00905538516549323,0.00905538516549323,0.0014440196470066682,0.0014440196470066682,0.0,-1.0000000000021927e-09,False,-0.009055066365754582,-7.585039219966179e-05,4.508349828829989e-06,-0.009000000090964022,0.000999999429041054,0.0,-0.009000000090964022,0.000999999429041054,0.0,-0.0014418388900594437,7.933067536214367e-05,0.0,-0.0014418388900594437,7.933067536214367e-05,0.0
MBXHC.X0220123.E,MBXHC.X0220123,0.008062257657437743,0.008062257657437743,0.008062257657437743,0.0003800552197654207,0.0003800552197654207,0.0,9.999999999996516e-10,False,-0.008062009376714842,6.327021231671635e-05,-4.742456503412926e-07,-0.007999999979801942,0.000999999429041054,0.0,-0.007999999979801942,0.000999999429041054,0.0,-0.00037332131341827335,7.12261680746451e-05,0.0,-0.00037332131341827335,7.12261680746451e-05,0.0
MBXHC.X0220123.S,MBXHC.X0220123,0.008124038356136998,0.008124038356136998,0.008124038356136998,0.0010286904059784918,0.0010286904059784918,0.0,9.999999999996516e-10,False,-0.00806174920612898,0.00010391100665058957,0.000998699880925605,-0.007999999979801942,0.000999999429041054,0.0010000003385357559,-0.007999999979801942,0.000999999429041054,0.0010000003385357559,-0.00023489462819270557,5.502533895196393e-05,0.0010000003385357559,-0.00023489462819270557,5.502533895196393e-05,0.0010000003385357559
MBXHC.X0220127.E,MBXHC.X0220127,0.008062257770246663,0.008062257770246663,0.008062257770246663,0.00016911693260398788,0.00016911693260398788,0.0,0.0,False,-0.00806182295956075,8.372990898223667e-05,-4.7428233483553737e-07,-0.007999999979801942,0.0010000003385357559,0.0,-0.007999999979801942,0.0010000003385357559,0.0,-0.00016255171431112103,4.666344466386363e-05,0.0,-0.00016255171431112103,4.666344466386363e-05,0.0
MBXHC.X0220127.S,MBXHC.X0220127,0.009110433581100176,0.009110433581100176,0.009110433581100176,0.0014316766445919946,0.0014316766445919946,0.0,0.0,False,-0.009055698002432421,-7.053046673985044e-05,-0.0009946653596264326,-0.008999999977277184,0.0010000003385357559,-0.000999999883788405,-0.008999999977277184,0.0010000003385357559,-0.000999999883788405,-0.0010240843266728916,3.081458999076858e-05,-0.000999999883788405,-0.0010240843266728916,3.081458999076858e-05,-0.000999999883788405
XSCI.X0220130.E,XSCI.X0220130,1.0005048727759953,1.0005048727759953,0.009257935225140212,0.0012656929161916218,0.0012656929161916218,0.0,-6.989999999998386e-07,False,-0.00924103570707189,0.010386569246051615,1.0004082780979318,-0.012999999967178155,-0.029000000722589903,1.0000000002037268,-0.00914067265966878,0.0014095485312282108,0.00041308703657705337,-0.0011146304359499482,0.0004346684363554232,0.00041308703657705337,-0.0011146304359499482,0.0004346684363554232,0.00041308703657705337
XCHV.X0220130.E,XCHV.X0220130,0.009055385152938605,0.009055385152938605,0.009055385152938605,0.0009328358205160033,0.0009328358205160033,0.0,0.0,False,-0.009055365335662563,-1.8400566827785653e-05,4.508312577880284e-06,-0.008999999977277184,0.0010000003385357559,0.0,-0.008999999977277184,0.0010000003385357559,0.0,-0.000932610419113189,2.050546754617244e-05,0.0,-0.000932610419113189,2.050546754617244e-05,0.0
XCHV.X0220130.S,XCHV.X0220130,0.008062257770246663,0.008062257770246663,0.008062257770246663,0.00010116485185687894,0.00010116485185687894,0.0,0.0,False,-0.00806171022886717,9.395911205149715e-05,-4.7428233483553737e-07,-0.007999999979801942,0.0010000003385357559,0.0,-0.007999999979801942,0.0010000003385357559,0.0,9.976486126106465e-05,1.677199179539457e-05,0.0,9.976486126106465e-05,1.677199179539457e-05,0.0
QNL.X0220132.E,QNL.X0220132,0.00905538505250173,0.00905538505250173,0.00905538505250173,0.0008571987207731342,0.0008571987207731342,0.0,0.0,False,-0.009055365233372296,-1.8401469807055572e-05,4.508349262374529e-06,-0.008999999977277184,0.000999999429041054,0.0,-0.008999999977277184,0.000999999429041054,0.0,-0.0008571159924031235,1.1908923625014722e-05,0.0,-0.0008571159924031235,1.1908923625014722e-05,0.0
QNL.X0220132.S,QNL.X0220132,0.009433981204644363,0.009433981204644363,0.009433981204644363,0.002334748265447834,0.002334748265447834,0.0,0.0,False,-0.00916866444975709,0.0008931569941377399,-0.0020341740734673075,-0.008999999977277184,0.0020000006770715117,-0.00199999976757681,-0.008999999977277184,0.0020000006770715117,-0.00199999976757681,-0.0006830570100646582,0.0009922114259097725,-0.00199999976757681,-0.0006830570100646582,0.0009922114259097725,-0.00199999976757681
LSX.X0220134.E,LSX.X0220134,0.00812403830016146,0.00812403830016146,0.00812403830016146,0.001061226501318858,0.001061226501318858,0.0,0.0,False,-0.00806212499637216,5.331871801211057e-05,-0.000999647917854654,-0.007999999979801942,0.000999999429041054,-0.000999999883788405,-0.007999999979801942,0.000999999429041054,-0.000999999883788405,0.00035504228890204104,-1.2119926395826042e-05,-0.000999999883788405,0.00035504228890204104,-1.2119926395826042e-05,-0.000999999883788405
LSX.X0220134.S,LSX.X0220134,0.009000000090964022,0.009000000090964022,0.009000000090964022,0.0011835836513060852,0.0011835836513060852,0.0,0.0,False,-0.008942896074124058,-0.001011237122687361,4.484335478089781e-05,-0.009000000090964022,0.0,0.0,-0.009000000090964022,0.0,0.0,-0.0006062933834982687,-0.0010165031198994257,0.0,-0.0006062933834982687,-0.0010165031198994257,0.0
MCXCA.X0220135.E,MCXCA.X0220135,746.7115834570328,746.7115834570328,746.7115834570328,746.7055820465068,746.7055820465068,-0.0,1.5707963269999998,False,-528.0002933339408,4.512840257736572e-05,-528.0093551332021,-527.2899999999936,38.08799999933399,527.3449999999684,-527.2899999999936,38.08799999933399,527.3449999999684,-527.2815748643325,38.086979967374646,527.3449999999684,-527.2815748643325,38.086979967374646,527.3449999999684
MCXCA.X0220135.S,MCXCA.X0220135,746.7115834570791,746.7115834570791,746.7115834570791,746.7055687234194,746.7055687234194,-0.0,1.5707963269999998,False,-528.0002933339042,4.512930555644612e-05,-528.0093551333043,-527.2899999999936,38.08800000024348,527.3449999999684,-527.2899999999936,38.08800000024348,527.3449999999684,-527.2815561498874,38.08697785007098,527.3449999999684,-527.2815561498874,38.08697785007098,527.3449999999684
MBXHC.X0220137.E,MBXHC.X0220137,0.009055385152938605,0.009055385152938605,0.009055385152938605,0.0005117661908789595,0.0005117661908789595,0.0,0.0,False,-0.009055381393761483,-6.910622045447851e-06,4.508312577880284e-06,-0.008999999977277184,0.0010000003385357559,0.0,-0.008999999977277184,0.0010000003385357559,0.0,-0.000511040752826375,-2.72393663180992e-05,0.0,-0.000511040752826375,-2.72393663180992e-05,0.0
MBXHC.X0220137.S,MBXHC.X0220137,0.00927361852111874,0.00927361852111874,0.00927361852111874,0.0014335737980224123,0.0014335737980224123,0.0,0.0,False,-0.009167057360678034,0.0009454279812710338,-0.001035000364012045,-0.009000000090964022,0.00199999976757681,-0.000999999883788405,-0.009000000090964022,0.00199999976757681,-0.000999999883788405,-0.00037253357731970027,0.000957263182499446,-0.000999999883788405,-0.00037253357731970027,0.000957263182499446,-0.000999999883788405
MBXHC.X0220141.E,MBXHC.X0220141,0.010049875742806821,0.010049875742806821,0.010049875742806821,0.0013061168873976555,0.0013061168873976555,0.0,0.0,False,-0.010049445496510762,-9.250719529242024e-05,9.49090805705156e-06,-0.010000000088439265,0.0010000003385357559,0.0,-0.010000000088439265,0.0010000003385357559,0.0,-0.001305152295572043,-5.0187736633233726e-05,0.0,-0.001305152295572043,-5.0187736633233726e-05,0.0
MBXHC.X0220141.S,MBXHC.X0220141,0.009110433593578939,0.009110433593578939,0.009110433593578939,0.001015886727184524,0.001015886727184524,0.0,0.0,False,-0.009055939350028512,-2.456925071318564e-05,-0.000994665322375483,-0.009000000090964022,0.000999999429041054,-0.000999999883788405,-0.009000000090964022,0.000999999429041054,-0.000999999883788405,-0.00016660612800478702,-6.53335519018583e-05,-0.000999999883788405,-0.00016660612800478702,-6.53335519018583e-05,-0.000999999883788405
MBXHC.X0220144.E,MBXHC.X0220144,0.010099504980403335,0.010099504980403335,0.010099504980403335,0.0014877908971655809,0.0014877908971655809,0.0,1.0000000000157452e-09,False,-0.010048975092558601,-2.6368302566840244e-05,0.0010086650340665425,-0.009999999974752427,0.0010000003385357559,0.0010000003385357559,-0.009999999974752427,0.0010000003385357559,0.0010000003385357559,-0.001099203473131638,-7.261405698955059e-05,0.0010000003385357559,-0.001099203473131638,-7.261405698955059e-05,0.0010000003385357559
MBXHC.X0220144.S,MBXHC.X0220144,0.010049875539186093,0.010049875539186093,0.010049875539186093,0.0009645878088135769,0.0009645878088135769,0.0,1.0000000000157452e-09,False,-0.010049647683847487,-6.70052658269175e-05,9.490944175090343e-06,-0.009999999974752427,0.000999999429041054,0.0,-0.009999999974752427,0.000999999429041054,0.0,-0.0009606193316358258,-8.740789780858904e-05,0.0,-0.0009606193316358258,-8.740789780858904e-05,0.0
MBXHC.X0220147.E,MBXHC.X0220147,0.010246950684615041,0.010246950684615041,0.010246950684615041,0.0016179565410302165,0.0016179565410302165,0.0,0.0,False,-0.010152656260620601,0.0009929285076441276,0.0009683295747428412,-0.009999999974752427,0.00199999976757681,0.000999999883788405,-0.009999999974752427,0.00199999976757681,0.000999999883788405,-0.0008932390755944652,0.0009054874681169167,0.000999999883788405,-0.0008932390755944652,0.0009054874681169167,0.000999999883788405
MBXHC.X0220147.S,MBXHC.X0220147,0.010198038956846353,0.010198038956846353,0.010198038956846353,0.0011676522798523977,0.0011676522798523977,0.0,0.0,False,-0.010153432068261949,0.0009522943044025733,-3.0844097461471725e-05,-0.009999999974752427,0.00199999976757681,0.0,-0.009999999974752427,0.00199999976757681,0.0,-0.0007546177585027181,0.0008910465112421662,0.0,-0.0007546177585027181,0.0008910465112421662,0.0
QNL.X0220167.E,QNL.X0220167,0.011045361020178578,0.011045361020178578,0.011045361020178578,0.000734647672678631,0.000734647672678631,0.0,0.0,False,-0.011044574465587582,-0.0001310170137786546,1.4473502403311914e-05,-0.01099999997222767,0.0010000003385357559,0.0,-0.01099999997222767,0.0010000003385357559,0.0,-0.0007017733878456056,-0.00021730465959990397,0.0,-0.0007017733878456056,-0.00021730465959990397,0.0
QNL.X0220167.S,QNL.X0220167,0.011180339818597465,0.011180339818597465,0.011180339818597465,0.000928972140568458,0.000928972140568458,0.0,0.0,False,-0.01114696001180586,0.000862909112944824,-2.586150254875591e-05,-0.01099999997222767,0.00199999976757681,0.0,-0.01099999997222767,0.00199999976757681,0.0,-0.0005273981287245988,0.0007647486199857667,0.0,-0.0005273981287245988,0.0007647486199857667,0.0
QNL.X0220177.E,QNL.X0220177,0.012041594690007866,0.012041594690007866,0.012041594690007866,0.0010998076189715092,0.0010998076189715092,0.0,0.0,False,-0.012039319017426945,-0.0002332846658117933,1.9456097882483187e-05,-0.01200000008338975,0.0010000003385357559,0.0,-0.01200000008338975,0.0010000003385357559,0.0,-0.0010627600204315968,-0.0002830511220963672,0.0,-0.0010627600204315968,-0.0002830511220963672,0.0
QNL.X0220177.S,QNL.X0220177,0.011224972233261795,0.011224972233261795,0.011224972233261795,0.0020255977379799576,0.0020255977379799576,0.0,0.0,False,-0.011042919753464083,-4.9751538608023225e-05,0.002012821338434521,-0.011000000085914508,0.000999999429041054,0.002000000222324161,-0.011000000085914508,0.000999999429041054,0.002000000222324161,0.00011155896117998054,-0.0003009981810464524,0.002000000222324161,0.00011155896117998054,-0.0003009981810464524,0.002000000222324161
XCSV.X0220179.E,XCSV.X0220179,200.01124617623114,0.011281814892227017,0.011281814836497735,0.0007757982087340812,0.0007757982087340812,-100.0,-1.5000000000019338e-08,False,-200.01124617422406,0.0007098742537334224,-0.0005468008166119483,-0.01111174764256706,0.001879064544761666,-0.0005268092890224217,-0.011111747653558268,0.0018790642570820637,-0.0005268088898446877,2.8502313398348633e-05,0.0005687907105311751,-0.0005268088898446877,2.8502313398348633e-05,0.0005687907105311751,-0.0005268088898446877
XCSV.X0220179.S,XCSV.X0220179,200.01124617634423,0.011281815004200087,0.011281814948470806,0.0007755070335731473,0.0007755070335731473,-100.0,-1.5000000000019338e-08,False,-200.01124617433715,0.0007098742421073057,-0.000546800816045561,-0.011111747756253898,0.001879064544761666,-0.0005268092890224217,-0.011111747767245106,0.0018790642570820637,-0.0005268088898446877,7.908693078206852e-05,0.0005635856723529287,-0.0005268088898446877,7.908693078206852e-05,0.0005635856723529287,-0.0005268088898446877
LSX.X0220195.E,LSX.X0220195,100.01263666658066,0.012659573247684245,0.012659573248391717,0.0008504315765686828,0.0008504315765686828,-50.0,-7.0000000000017965e-09,False,-100.01263666368345,0.00017666080673675588,0.0007404841163125724,-0.012555873803610229,0.0014395328963960619,0.0007365954666508696,-0.012555873809105833,0.0014395327525562607,0.0007365956662397366,-0.0004239547024553758,3.038258000742644e-05,0.0007365956662397366,-0.0004239547024553758,3.038258000742644e-05,0.0007365956662397366
LSX.X0220195.S,LSX.X0220195,100.01263666658066,0.012659573247684245,0.012659573248391717,0.0008316709293428109,0.0008316709293428109,-50.0,-7.0000000000017965e-09,False,-100.01263666368345,0.00017666080673675588,0.0007404841163125724,-0.012555873803610229,0.0014395328963960619,0.0007365954666508696,-0.012555873809105833,0.0014395327525562607,0.0007365956662397366,-0.000385235580324661,2.6398993213661015e-05,0.0007365956662397366,-0.000385235580324661,2.6398993213661015e-05,0.0007365956662397366
XCHV.X0220196.E,XCHV.X0220196,40.01331495890487,0.013346662288174877,0.013346662341474096,0.0013676764153395247,0.0013676764153395247,-20.0,-2.9999999999388155e-09,False,-40.01331494833909,0.00017723632056085292,-0.0009022927738581619,-0.013222349546211654,0.0015758129513973596,-0.000905361946734146,-0.013222349593888794,0.0015758132576593198,-0.0009053615031007212,-0.0010124650771103916,0.00016054218576755375,-0.0009053615031007212,-0.0010124650771103916,0.00016054218576755375,-0.0009053615031007212
XCHV.X0220196.S,XCHV.X0220196,40.01331495890487,0.013346662288174877,0.013346662341474096,0.0013434186428738799,0.0013434186428738799,-20.0,-2.9999999999388155e-09,False,-40.01331494833909,0.00017723632056085292,-0.0009022927738581619,-0.013222349546211654,0.0015758129513973596,-0.000905361946734146,-0.013222349593888794,0.0015758132576593198,-0.0009053615031007212,-0.0009799908866625628,0.00015720070223324,-0.0009053615031007212,-0.0009799908866625628,0.00015720070223324,-0.0009053615031007212
LSX.X0220197.E,LSX.X0220197,12.012143896963462,0.012144748703987544,0.012144748725766654,0.00023164566862122294,0.00023164566862122294,-6.0,-2.0000000000314905e-09,False,-12.012143896101485,0.0001274635253762247,-6.67952795409206e-05,-0.012066704934364167,0.0013727437353540373,-7.160828893941785e-05,-0.012066704925928207,0.0013727440091315657,-7.160815584938973e-05,0.0002147777422578656,-4.901539796264842e-05,-7.160815584938973e-05,0.0002147777422578656,-4.901539796264842e-05,-7.160815584938973e-05
LSX.X0220197.S,LSX.X0220197,12.012143896850374,0.012144748591031273,0.012144748612810384,0.00026869562382504506,0.00026869562382504506,-6.0,-2.0000000000314905e-09,False,-12.012143895988395,0.00012746353700277512,-6.679528010738236e-05,-0.01206670482067733,0.0013727437353540373,-7.160828893941785e-05,-0.012066704812241369,0.0013727440091315657,-7.160815584938973e-05,0.00025349697807541816,-5.299898475641385e-05,-7.160815584938973e-05,0.00025349697807541816,-5.299898475641385e-05,-7.160815584938973e-05
MCXCA.X0220198.E,MCXCA.X0220198,0.013152946620844179,0.013152946620844179,0.013152946620844179,0.0008650831041920447,0.0008650831041920447,-0.0,0.0,False,-0.013136449095514396,0.0006583747244760935,-1.5896348841363058e-05,-0.013000000080864993,0.0020000006770715117,0.0,-0.013000000080864993,0.0020000006770715117,0.0,-0.0006494077524621389,0.000571522832615301,0.0,-0.0006494077524621389,0.000571522832615301,0.0
MCXCA.X0220198.S,MCXCA.X0220198,0.013152946508479329,0.013152946508479329,0.013152946508479329,0.0008498153185655498,0.0008498153185655498,-0.0,0.0,False,-0.013136448982425048,0.000658374736102578,-1.5896349407818527e-05,-0.012999999967178155,0.0020000006770715117,0.0,-0.012999999967178155,0.0020000006770715117,0.0,-0.0006306726163529675,0.0005695947038475424,0.0,-0.0006306726163529675,0.0005695947038475424,0.0
XCSV.X0220213.E,XCSV.X0220213,1.9864010168874573,0.013609053808089447,0.013609053917560008,0.0004830402803972292,0.0004830402803972292,1.0,0.0,False,1.986400948386494,0.0003950058166909997,0.0003407508905303033,-0.01348888250970147,0.001771209751347605,0.000345268312584272,-0.013488882586898399,0.0017712100088829175,0.00034526829040260054,-0.00022807978439232102,0.0002491933628334664,0.00034526829040260054,-0.00022807978439232102,0.0002491933628334664,0.00034526829040260054
XCSV.X0220213.S,XCSV.X0220213,1.9853042588306498,0.014755559173474146,0.014755559297124007,0.001747334607848637,0.001747334607848637,1.0,0.0,False,1.9853038184011498,0.0012866642845300261,0.00030539802611931636,-0.014488882507176712,0.002771209180388659,0.00034526785783692114,-0.014488882584373641,0.0027712094379239716,0.00034526783565524966,-0.0011775276789194322,0.001243944097950589,0.00034526783565524966,-0.0011775276789194322,0.001243944097950589,0.00034526783565524966
QNL.X0220215.E,QNL.X0220215,11.985973385677926,0.014028178812951037,0.014028178788892636,0.0006031743224920381,0.0006031743224920381,6.0,0.0,False,11.98597338384912,0.00019535709656578505,7.533769629729193e-05,-0.013933295113678981,0.0016272554612638268,7.160828893941785e-05,-0.013933295122114941,0.0016272551874862984,7.160815584938973e-05,-0.0005909827223149478,9.711311577120796e-05,7.160815584938973e-05,-0.0005909827223149478,9.711311577120796e-05,7.160815584938973e-05
QNL.X0220215.S,QNL.X0220215,11.98487630313377,0.015162813186430004,0.015162813146672388,0.0017823977481305358,0.0017823977481305358,6.0,0.0,False,11.984876253771409,0.001087016505331483,3.9985703945079505e-05,-0.014933295111154224,0.0026272557997995827,7.160874368676874e-05,-0.014933295119590184,0.0026272555260220543,7.160861059674062e-05,-0.0014167464996717172,0.0010791864042403176,7.160861059674062e-05,-0.0014167464996717172,0.0010791864042403176,7.160861059674062e-05
QNL.X0220225.E,QNL.X0220225,39.98515495787499,0.014873699612108686,0.014873699508410264,0.0012182975428572677,0.0012182975428572677,20.0,2.0000000000314905e-09,False,39.9851549472292,-5.8950063833856925e-05,0.0009208003431889779,-0.014777650383095142,0.0014241871547152063,0.000905361946734146,-0.014777650335418002,0.001424186848453246,0.0009053615031007212,-0.0007971311788423918,-0.00017073762137442827,0.0009053615031007212,-0.0007971311788423918,-0.00017073762137442827,0.0009053615031007212
QNL.X0220225.S,QNL.X0220225,39.98515412004379,0.014846421019603304,0.014846420945595885,0.0006576849411655514,0.0006576849411655514,20.0,2.0000000000314905e-09,False,39.985154119842996,-9.958418405522917e-05,-7.837374613601763e-05,-0.01477765049678198,0.0014241862452205045,-9.46383918016099e-05,-0.01477765044910484,0.0014241859389585443,-9.463883543503471e-05,-0.0006228950724107563,-0.00018866558093577623,-9.463883543503471e-05,-0.0006228950724107563,-0.00018866558093577623,-9.463883543503471e-05
XSCI.X0220256.E,XSCI.X0220256,1.0006407948881488,1.0006407948881488,0.017102163075386898,0.0011492447237986371,0.0011492447237986371,0.0,-6.410000000000096e-07,False,-0.017093084742236746,0.00966169648049753,1.000448138820549,-0.020999999946980097,-0.0289999998130952,1.0000000002037268,-0.017039460203704948,0.0014017914509167895,0.00041923567550838925,-0.0009894786217046203,-0.00040735358197707683,0.00041923567550838925,-0.0009894786217046203,-0.00040735358197707683,0.00041923567550838925
XCON.X0220256.E,XCON.X0220256,0.017117242811748336,0.017117242811748336,0.017117242811748336,0.0009502505019135238,0.0009502505019135238,-0.0,-1.0000000000157452e-09,False,-0.01711542675739528,0.0002493032588784145,4.034067493994445e-06,-0.017000000070765964,0.00199999976757681,0.0,-0.017000000070765964,0.00199999976757681,0.0,-0.0009312801694250084,0.00018892660591518506,0.0,-0.0009312801694250084,0.00018892660591518506,0.0
XFFH.X0220258.E,XFFH.X0220258,99.98238561870495,0.017633006325245684,0.017633006337700284,0.0015701520992613478,0.0015701520992613478,50.00000000000001,8.000000000017542e-09,False,99.9823856154226,0.0007716503860159818,0.00024682727341136584,-0.01744412612066093,0.0025604675482539946,0.00026340441713752186,-0.017444126115151448,0.002560467692092061,0.0002634042175486684,-0.0013538672192225931,0.0007503595043090172,0.0002634042175486684,-0.0013538672192225931,0.0007503595043090172,0.0002634042175486684
XFFV.X0220257.E,XFFV.X0220257,199.98209143069178,0.01793107899330918,0.017931078988600403,0.001994946563794567,0.001994946563794567,100.0,1.5000000000019338e-08,False,199.98209142867503,-0.0006938556558928888,0.0005702905264840311,-0.017888252284214978,0.0011209355613508998,0.0005268088342750708,-0.01788825227322377,0.0011209358490305021,0.0005268084350973368,-0.0017976717572310008,-0.0006860473149572499,0.0005268084350973368,-0.0017976717572310008,-0.0006860473149572499,0.0005268084350973368
XFFH.X0220258.S,XFFH.X0220258,99.98248717648382,0.017529266092612263,0.01752926610833498,0.0015467269109600593,0.0015467269109600593,50.0,8.000000000017542e-09,False,99.98248717360295,-0.00026290892685132405,-0.0007120113938408295,-0.017444126120647052,0.0015604681192112058,-0.0007365954666508696,-0.017444126115151448,0.001560468263051007,-0.0007365956662397366,-0.0013366309303819435,-0.0002514134394004941,-0.0007365956662397366,-0.0013366309303819435,-0.0002514134394004941,-0.0007365956662397366
XFFV.X0220257.S,XFFV.X0220257,199.9820914305787,0.017931079106724486,0.01793107910201571,0.0019800439974266395,0.0019800439974266395,100.0,1.5000000000019338e-08,False,199.98209142856194,-0.0006938556675190055,0.0005702905270504183,-0.017888252397901816,0.0011209355613508998,0.0005268088342750708,-0.017888252386910608,0.0011209358490305021,0.0005268084350973368,-0.0017804355820771889,-0.0006878199201310053,0.0005268084350973368,-0.0017804355820771889,-0.0006878199201310053,0.0005268084350973368
QNL.X0220260.E,QNL.X0220260,0.017117242698840185,0.017117242698840185,0.017117242698840185,0.00088953680092303,0.00088953680092303,0.0,-1.0000000000157452e-09,False,-0.01711542664430593,0.0002493032705048993,4.034066927538992e-06,-0.016999999957079126,0.00199999976757681,0.0,-0.016999999957079126,0.00199999976757681,0.0,-0.0008705712843948277,0.00018270566215505823,0.0,-0.0008705712843948277,0.00018270566215505823,0.0
QNL.X0220260.S,QNL.X0220260,0.017117242811748336,0.017117242811748336,0.017117242811748336,0.000715565770101597,0.000715565770101597,0.0,-1.0000000000157452e-09,False,-0.01711542675739528,0.0002493032588784145,4.034067493994445e-06,-0.017000000070765964,0.00199999976757681,0.0,-0.017000000070765964,0.00199999976757681,0.0,-0.0006963351779631921,0.00016477770259371027,0.0,-0.0006963351779631921,0.00016477770259371027,0.0
XFFH.X0220262.E,XFFH.X0220262,0.018027756350722873,0.018027756350722873,0.018027756350722873,0.001861314441407241,0.001861314441407241,0.0,0.0,False,-0.01800778553683767,-0.0008468904966252334,4.935166679232264e-05,-0.01799999995455437,0.0010000003385357559,0.0,-0.01799999995455437,0.0010000003385357559,0.0,-0.0016615980484857573,-0.0008387987691094168,0.0,-0.0016615980484857573,-0.0008387987691094168,0.0
XFFH.X0220262.S,XFFH.X0220262,0.018027756350722873,0.018027756350722873,0.018027756350722873,0.0018519161228202593,0.0018519161228202593,0.0,0.0,False,-0.01800778553683767,-0.0008468904966252334,4.935166679232264e-05,-0.01799999995455437,0.0010000003385357559,0.0,-0.01799999995455437,0.0010000003385357559,0.0,-0.0016504819768670131,-0.0008399420039495453,0.0,-0.0016504819768670131,-0.0008399420039495453,0.0
QNL.X0220295.E,QNL.X0220295,0.020099751259368377,0.020099751259368377,0.020099751259368377,0.0017107496603934998,0.0017107496603934998,0.0,-1.0000000000157452e-09,False,-0.020099660053675136,-5.74987467440009e-05,1.89818149811922e-05,-0.019999999949504854,0.0020000006770715117,0.0,-0.019999999949504854,0.0020000006770715117,0.0,-0.001710291940071329,-3.9571204979438335e-05,0.0,-0.001710291940071329,-3.9571204979438335e-05,0.0
QNL.X0220295.S,QNL.X0220295,0.020223748494390032,0.020223748494390032,0.020223748494390032,0.0018021587019573025,0.0018021587019573025,0.0,-1.0000000000157452e-09,False,-0.020202045712982765,0.0009364273683529927,-2.135318940442017e-05,-0.020000000063191692,0.003000000106112566,0.0,-0.020000000063191692,0.003000000106112566,0.0,-0.0015360558336396934,0.0009425011739949696,0.0,-0.0015360558336396934,0.0009425011739949696,0.0
QNL.X0220305.E,QNL.X0220305,0.020248456691423354,0.020248456691423354,0.020248456691423354,0.001717014528714924,0.001717014528714924,0.0,-1.0000000000157452e-09,False,-0.02020121825362864,0.0009770596690049378,0.0009778209738560203,-0.020000000063191692,0.002999999196617864,0.0010000003385357559,-0.020000000063191692,0.002999999196617864,0.0010000003385357559,-0.0010713010851759464,0.000894679942575749,0.0010000003385357559,-0.0010713010851759464,0.000894679942575749,0.0010000003385357559
QNL.X0220305.S,QNL.X0220305,0.019235383888990442,0.019235383888990442,0.019235383888990442,0.0008827747727555962,0.0008827747727555962,0.0,-1.0000000000157452e-09,False,-0.01920730106802424,0.0010386941164150692,-2.633574819909719e-05,-0.01899999995202961,0.002999999196617864,0.0,-0.01899999995202961,0.002999999196617864,0.0,0.00010293524610460736,0.0008767528925091028,0.0,0.00010293524610460736,0.0008767528925091028,0.0
MBNV.X0220309.E,MBNV.X0220309,0.020223748494390032,0.020223748494390032,0.020223748494390032,0.0011896720726542972,0.0011896720726542972,0.0,1.570796342,True,1.814487704808336e-05,0.0009364950284625981,-0.020202045712982755,-0.020000000063191692,0.003000000106112566,0.0,-0.020000000063191692,0.003000000106112566,0.0,-0.0008194439260478248,0.0008624565452919342,0.0,-0.0008194439260478248,0.0008624565452919342,0.0
MBNV.X0220309.S,MBNV.X0220309,0.020223748381960987,0.020223748381960987,0.020223748381960987,0.0010203646809272334,0.0010203646809272334,0.0,1.570796342,True,1.814487757470333e-05,0.0009364950400909553,-0.020202045599893404,-0.019999999949504854,0.003000000106112566,0.0,-0.019999999949504854,0.003000000106112566,0.0,-0.0005821011654916219,0.0008380347935599275,0.0,-0.0005821011654916219,0.0008380347935599275,0.0
MBNV.X0220315.E,MBNV.X0220315,3.194533142491049,0.9795289534405025,0.02087748942400539,0.0014078105744586356,0.0014078105744586356,1.52,1.570796356,True,3.040652142737746,-0.9793064452604953,-0.02086699809145409,-0.12095098685968926,-0.9715572624149306,-0.030402553424329053,-0.020765746853612654,0.002049408976745326,-0.0006732348083460238,-0.0012307285714996397,-0.00011829069990199059,-0.0006732348083460238,-0.0012307285714996397,-0.00011829069990199059,-0.0006732348083460238
MBNV.X0220315.S,MBNV.X0220315,3.194016123862209,0.9794028096013917,0.020976110377937368,0.0010999866259665126,0.0010999866259665126,-1.5200000000000005,1.570796356,True,-3.0401495289534006,-0.9791781587688466,-0.020975568794287313,-0.12104901309775366,-0.971442736885879,-0.029597446424186376,-0.020863965232820192,0.0021620735424221493,0.0001326625351794064,-0.0010915438224401441,-3.0055161914788187e-05,0.0001326625351794064,-0.0010915438224401441,-3.0055161914788187e-05,0.0001326625351794064
MBNV.X0220321.E,MBNV.X0220321,31.937533561627983,9.792745455681656,0.021165748420153334,0.0016570686274128522,0.0016570686274128522,15.200000000000001,1.570796549,True,30.399147803295076,-9.792722609010895,-0.021136142064579335,-1.0231953025937375,-9.736442055863236,-0.2294145273114452,-0.02110088257722964,0.0014341940186568536,0.0008274951142084319,-0.0012117393453081604,-0.0007699454727116972,0.0008274951142084319,-0.0012117393453081604,-0.0007699454727116972,0.0008274951142084319
MBNV.X0220321.S,MBNV.X0220321,31.942831198850218,9.7928354151978,0.022239804873514915,0.004986310284001766,0.004986310284001766,-15.200000000000003,1.570796549,True,-30.404684860675776,-9.79281019144297,-0.02172730087785955,-1.0238046974676789,-9.73655794442594,-0.22558547256297523,-0.02170749132801575,0.0013452890925691463,0.004645851731766015,-0.0015808700482011773,-0.0008832903404254466,0.004645851731766015,-0.0015808700482011773,-0.0008832903404254466,0.004645851731766015
XFFH.X0220324.E,XFFH.X0220324,0.02222611072500736,0.02222611072500736,0.02222611072500736,0.0022008461703449662,0.0022008461703449662,-0.0,0.0,False,-0.022192361843252153,0.0007118844718566802,-0.0009961396875853526,-0.02199999994445534,0.003000000106112566,-0.000999999883788405,-0.02199999994445534,0.003000000106112566,-0.000999999883788405,-0.0018053788153338246,0.0007644157449249178,-0.000999999883788405,-0.0018053788153338246,0.0007644157449249178,-0.000999999883788405
XFFV.X0220323.E,XFFV.X0220323,0.02121320339811598,0.02121320339811598,0.02121320339811598,0.001108898355930725,0.001108898355930725,0.0,0.0,False,-0.021196790038643422,0.000834319999327568,7.786069645802324e-07,-0.020999999946980097,0.003000000106112566,0.0,-0.020999999946980097,0.003000000106112566,0.0,-0.0008035041219045524,0.000764222932048142,0.0,-0.0008035041219045524,0.000764222932048142,0.0
XFFH.X0220324.S,XFFH.X0220324,0.022113344419063794,0.022113344419063794,0.022113344419063794,0.002062463426632562,0.002062463426632562,0.0,0.0,False,-0.02208997631700406,-0.0002826616542167344,-0.0009762428486679611,-0.022000000058142177,0.00199999976757681,-0.000999999883788405,-0.022000000058142177,0.00199999976757681,-0.000999999883788405,-0.0017881319536172668,-0.0002373599272686988,-0.000999999883788405,-0.0017881319536172668,-0.0002373599272686988,-0.000999999883788405
XFFV.X0220323.S,XFFV.X0220323,0.021236760672516848,0.021236760672516848,0.021236760672516848,0.0014830804079890834,0.0014830804079890834,-0.0,0.0,False,-0.02119596278549781,0.0008544070747996379,0.0010005768376705824,-0.021000000060666935,0.003000000106112566,0.0010000003385357559,-0.021000000060666935,0.003000000106112566,0.0010000003385357559,-0.0007862572601879947,0.0007624475983902812,0.0010000003385357559,-0.0007862572601879947,0.0007624475983902812,0.0010000003385357559
MBNV.X0220327.E,MBNV.X0220327,3.1942360589696066,0.9803568713265013,0.026308520935739287,0.005939629203803567,0.0039181132231068325,1.52,1.570799792,True,3.0400730929711512,-0.9800249454192601,-0.025508746940616375,-0.12568761262173683,-0.9721278223470442,-0.016423038979685584,-0.026241577074870293,0.0018725213521975093,-0.00010756502888398245,-0.005926773155806586,-0.0003754794306587428,-0.00010756502888398245,-0.0038729011748728226,-0.000584183908358682,-0.00010477060641278513
MBNV.X0220327.S,MBNV.X0220327,3.196941194210638,0.9807687985097203,0.03908799810940341,0.018537249777572002,0.004359880191778348,-1.5200000000000005,1.570799792,True,-3.042783809722162,-0.9800208939173324,-0.03819337663920018,-0.13831238739384827,-0.9708721778632601,-0.01357696117194624,-0.0388662476780155,0.00312917836708948,0.0027376322577765677,-0.018313947521164664,0.0008569277269998565,0.0027376322577765677,-0.003308706595817057,-0.0006744767233612947,0.0027579153538681567
MBNV.X0220333.E,MBNV.X0220333,0.024083189191192164,0.024083189191192164,0.024083189191192164,0.0033434978253498496,0.0033434978253498496,0.0,1.570799068,True,-2.4509819684821387e-05,-0.00046754807712452186,-0.02407863782864536,-0.024000000053092663,0.00199999976757681,0.0,-0.024000000053092663,0.00199999976757681,0.0,-0.003331375751258747,-0.00028445265343179926,0.0,-0.003331375751258747,-0.00028445265343179926,0.0
MBNV.X0220333.S,MBNV.X0220333,0.02437211518036197,0.02437211518036197,0.02437211518036197,0.0043646151411381815,0.0043646151411381815,0.0,1.570799068,True,-0.003014690487796271,0.0005565809141721708,-0.02417854125694105,-0.023999999939405825,0.003000000106112566,0.003000000106112566,-0.023999999939405825,0.003000000106112566,0.003000000106112566,-0.0030938609825170715,0.0006912950993864797,0.003000000106112566,-0.0030938609825170715,0.0006912950993864797,0.003000000106112566
MBNV.X0220339.E,MBNV.X0220339,0.039115214454530825,0.039115214454530825,0.039115214454530825,0.017990247575789615,0.017990247575789615,0.0,1.570823742,True,-3.533621161105577e-05,-0.0010087053731150618,-0.03910219004923298,-0.0390000000152213,0.003000000106112566,0.0,-0.0390000000152213,0.003000000106112566,0.0,-0.017977457332563063,0.0006782593118259683,0.0,-0.017977457332563063,0.0006782593118259683,0.0
MBNV.X0220339.S,MBNV.X0220339,0.038327535770860684,0.038327535770860684,0.038327535770860684,0.01708686886718397,0.01708686886718397,0.0,1.570823742,True,-0.003031338031381579,9.729290328025111e-05,-0.03820734905874885,-0.03800000001774606,0.00399999953515362,0.003000000106112566,-0.03800000001774606,0.00399999953515362,0.003000000106112566,-0.016739763964324084,0.001655714186199475,0.003000000106112566,-0.016739763964324084,0.001655714186199475,0.003000000106112566
QNL.X0220343.E,QNL.X0220343,0.023086792796503993,0.023086792796503993,0.023086792796503993,0.0016987450745068573,0.0016987450745068573,0.0,0.0,False,-0.023083893389895357,-0.0003653892760994887,1.8928010091353926e-05,-0.02300000005561742,0.00199999976757681,0.0,-0.02300000005561742,0.00199999976757681,0.0,-0.0016616000948488363,-0.0003532986738719046,0.0,-0.0016616000948488363,-0.0003532986738719046,0.0
QNL.X0220343.S,QNL.X0220343,0.024186773197931048,0.024186773197931048,0.024186773197931048,0.0025654617982719804,0.0025654617982719804,0.0,0.0,False,-0.024181023374863646,0.0005269687763092335,2.0252931867439908e-05,-0.024000000053092663,0.002999999196617864,0.0,-0.024000000053092663,0.002999999196617864,0.0,-0.002487220399416401,0.0006287518772296607,0.0,-0.002487220399416401,0.0006287518772296607,0.0
QNL.X0220353.E,QNL.X0220353,0.023194827078361173,0.023194827078361173,0.023194827078361173,0.001176421367597169,0.001176421367597169,0.0,0.0,False,-0.023186279029232797,0.0006293556940714437,1.947778160788052e-05,-0.02300000005561742,0.003000000106112566,0.0,-0.02300000005561742,0.003000000106112566,0.0,-0.0010229576901110704,0.0005809688445879146,0.0,-0.0010229576901110704,0.0005809688445879146,0.0
QNL.X0220353.S,QNL.X0220353,0.023086792796503993,0.023086792796503993,0.023086792796503993,0.0009544824019838296,0.0009544824019838296,0.0,0.0,False,-0.023083893389895357,-0.0003653892760994887,1.8928010091353926e-05,-0.02300000005561742,0.00199999976757681,0.0,-0.02300000005561742,0.00199999976757681,0.0,-0.0008485781108902302,-0.00043698037188732997,0.0,-0.0008485781108902302,-0.00043698037188732997,0.0
QNL.X0220370.E,QNL.X0220370,0.025179356465639888,0.025179356465639888,0.025179356465639888,0.00203616110419911,0.00203616110419911,0.0,0.0,False,-0.02517576770052431,0.00042458277490193944,2.102808253888896e-05,-0.024999999936881068,0.002999999196617864,0.0,-0.024999999936881068,0.002999999196617864,0.0,-0.0019803048871835927,0.00047365028876811266,0.0,-0.0019803048871835927,0.00047365028876811266,0.0
QNL.X0220370.S,QNL.X0220370,0.02507987232651635,0.02507987232651635,0.02507987232651635,0.001886166896247212,0.001886166896247212,0.0,0.0,False,-0.02507338215430603,-0.0005701612905540193,2.0478311522376478e-05,-0.024999999936881068,0.00199999976757681,0.0,-0.024999999936881068,0.00199999976757681,0.0,-0.0018059253079627524,-0.0005442971087177284,0.0,-0.0018059253079627524,-0.0005442971087177284,0.0
MDSV.X0220372.E,MDSV.X0220372,568.3905339897794,568.3905339897794,568.3905339897794,568.3739913250241,568.3739913250241,-0.0,1.570796327,False,-401.90072078326386,0.0007283843978383997,-401.9248807458293,-400.12400000000525,41.37300000002142,401.56800000022486,-400.12400000000525,41.37300000002142,401.56800000022486,-400.10076373971515,41.370451356669946,401.56800000022486,-400.10076373971515,41.370451356669946,401.56800000022486
MDSV.X0220372.S,MDSV.X0220372,568.3898274901478,568.3898274901478,568.3898274901478,568.3732616827347,568.3732616827347,-0.0,1.570796327,False,-401.89972078383164,0.0007288519154810547,-401.92488157319514,-400.12400000000525,41.37300000002142,401.56700000034107,-400.12400000000525,41.37300000002142,401.56700000034107,-400.100731238922,41.37044801154843,401.56700000034107,-400.100731238922,41.37044801154843,401.56700000034107
XSCI.X0220374.E,XSCI.X0220374,2.974664519002324,1.0253961994305747,0.025367296268278928,0.0020341798420535004,0.0020341798420535004,2.0,-3.150000000002977e-07,False,2.974648954350584,0.009611996766068203,-0.00045662947781093037,-1.0189777650159533,0.11454241797189182,-0.0013094635971556147,-0.025265640601901396,0.0022179228835739195,-0.00047743378672748804,-0.0019480738728816505,-0.0003390468918951228,-0.00047743378672748804,-0.0019480738728816505,-0.0003390468918951228,-0.00047743378672748804
MBNH.X0220377.E,MBNH.X0220377,0.07642643524880124,0.07642643524880124,0.07642643524880124,0.05289578366307532,0.05289578366307532,0.0,0.00014403700000000007,False,-0.07641897418572202,-9.880831164091085e-05,0.0010633090607707514,-0.07600000003549212,0.007999999979801942,0.000999999883788405,-0.07600000003549212,0.007999999979801942,0.000999999883788405,-0.05260631610326527,0.005435019374999683,0.000999999883788405,-0.05260631610326527,0.005435019374999683,0.000999999883788405
MBNH.X0220377.S,MBNH.X0220377,0.07758221453041753,0.07758221453041753,0.07758221453041753,0.05383627893574975,0.05383627893574975,0.0,0.00014403700000000007,False,-0.0775176498389556,0.0007886682518378578,0.0030646333022634896,-0.07700000003296736,0.009000000318337698,0.003000000106112566,-0.07700000003296736,0.009000000318337698,0.003000000106112566,-0.05336909464404016,0.006409732122847345,0.003000000106112566,-0.05336909464404016,0.006409732122847345,0.003000000106112566
MBNH.X0220382.E,MBNH.X0220382,39.974493380129914,0.02552940560620343,0.025529405595062362,0.0019807811940240738,0.0019807811940240738,20.0,2.0000000000314905e-09,False,39.974493365593766,0.0007959763148098625,0.0007270306575468289,-0.02525344074236907,0.0036764987988071457,0.0007054345186298182,-0.02525344075365865,0.0036764986361959018,0.0007054345587675925,-0.0015069064147610334,0.001074750798579771,0.0007054345587675925,-0.0015069064147610334,0.001074750798579771,0.0007054345587675925
MBNH.X0220382.S,MBNH.X0220382,39.973499796718066,0.026519001325771348,0.026519001315478737,0.0025974681316566564,0.0025974681316566564,19.999999999999996,2.0000000000314905e-09,False,39.97349978425987,0.0006828589963073575,0.000727805353559256,-0.026253440739837375,0.0036764987988062783,0.0007054340638824742,-0.026253440751133894,0.0036764986361959018,0.0007054341040202416,-0.0022696777932651457,0.001047743353410624,0.0007054341040202416,-0.0022696777932651457,0.001047743353410624,0.0007054341040202416
XCSV.X0220386.E,XCSV.X0220386,0.026076809720641254,0.026076809720641254,0.026076809720641254,0.00204953475828124,0.00204953475828124,0.0,0.0,False,-0.026055747859659296,-0.001047643532269795,2.1253462870088525e-05,-0.026000000048043148,0.0020000006770715117,0.0,-0.026000000048043148,0.0020000006770715117,0.0,-0.0019477238311083056,-0.0006379377737175673,0.0,-0.0019477238311083056,-0.0006379377737175673,0.0
XCSV.X0220386.S,XCSV.X0220386,0.026076809537534214,0.026076809537534214,0.026076809537534214,0.0020034623701736167,0.0020034623701736167,0.0,0.0,False,-0.026055747640619197,-0.0010476444222846258,2.1253462281949975e-05,-0.02599999993435631,0.00199999976757681,0.0,-0.02599999993435631,0.00199999976757681,0.0,-0.0018971776398757356,-0.0006438776836148463,0.0,-0.0018971776398757356,-0.0006438776836148463,0.0
MCXCA.X0220387.E,MCXCA.X0220387,746.7230282380874,746.7230282380874,746.7230282380874,746.7058485450365,746.7058485450365,-0.0,1.570796327,False,-527.9996167467386,-0.0002662540463868601,-528.0262167887934,-524.8279999999568,61.90599999990809,527.5590000001102,-524.8279999999568,61.90599999990809,527.5590000001102,-524.8038687764165,61.90335279734427,527.5590000001102,-524.8038687764165,61.90335279734427,527.5590000001102
MCXCA.X0220387.S,MCXCA.X0220387,746.722325396994,746.722325396994,746.722325396994,746.7051323804048,746.7051323804048,-0.0,1.570796327,False,-527.9996159715885,-0.00014956160289403275,-528.0252236211135,-524.827000000073,61.906000000817585,527.5590000001102,-524.827000000073,61.906000000817585,527.5590000001102,-524.8028500558348,61.903350599095575,527.5590000001102,-524.8028500558348,61.903350599095575,527.5590000001102
MBXGD.X0220389.E,MBXGD.X0220389,3.9741818024807305,0.025828572590503026,0.02582857253296916,0.0016137919182774433,0.0016137919182774433,2.0,0.0,False,3.974181735500866,-0.0002502574108845246,0.000685384230816817,-0.025671605773261094,0.0027645920498644725,0.0006639652724186509,-0.02567160572652938,0.0027645919544738717,0.0006639652383455541,-0.0014668402172901551,0.00010887742973864079,0.0006639652383455541,-0.0014668402172901551,0.00010887742973864079,0.0006639652383455541
MBXGD.X0220389.S,MBXGD.X0220389,3.9751749647019197,0.02483489371050697,0.024834893652552797,0.000743720288178353,0.000743720288178353,2.0,0.0,False,3.975174903505914,-0.0001335667606915808,0.0006846090795572295,-0.02467160577578585,0.0027645911403697708,0.0006639652724186509,-0.024671605729054136,0.00276459104497917,0.0006639652383455541,-0.0003222221494070254,9.188534022541717e-05,0.0006639652383455541,-0.0003222221494070254,9.188534022541717e-05,0.0006639652383455541
MBNH.X0220394.E,MBNH.X0220394,11.974901460971823,0.025118669396201575,0.025118669281599948,0.0011742149893977797,0.0011742149893977797,6.0,0.0,False,11.974901418851374,0.00014855235043530028,0.0009933321499583406,-0.0248993102789051,0.0031664728036495064,0.0009722910337097187,-0.024899310233195138,0.003166472197335679,0.000972291218204191,-0.000448499577032635,0.0004819530659005977,0.000972291218204191,-0.000448499577032635,0.0004819530659005977,0.000972291218204191
MBNH.X0220394.S,MBNH.X0220394,11.973907841638303,0.02609217489188751,0.026092174772738966,0.0012937759081310682,0.0012937759081310682,6.0,0.0,False,11.973907841602365,2.874063108858349e-05,-5.8921315168317206e-06,-0.025899310276380344,0.0031664728036495064,-2.7708850078686276e-05,-0.02589931023067038,0.003166472197335679,-2.7708665584214032e-05,-0.0012114714991184883,0.00045323849917622283,-2.7708665584214032e-05,-0.0012114714991184883,0.00045323849917622283,-2.7708665584214032e-05
MBNH.X0220399.E,MBNH.X0220399,0.0274590605566151,0.0274590605566151,0.0274590605566151,0.003921559815754871,0.0024921252976459504,0.0,1.0999999999847937e-08,False,-0.0272920979541397,0.0005288075003300058,-0.0029768705952886837,-0.02700000004551839,0.004000000444648322,-0.003000000106112566,-0.02700000004551839,0.004000000444648322,-0.003000000106112566,-0.0021828943772561615,0.0012702766980510205,-0.003000000106112566,-0.002346044198020536,-1.3741555449087173e-05,-0.0008405809239775408
MBNH.X0220399.S,MBNH.X0220399,0.03163858390174025,0.03163858390174025,0.03163858390174025,0.016165533239605588,0.0021335325259674454,0.0,1.0999999999847937e-08,False,-0.027303003131951744,0.0005346115439787445,-0.015976864579169962,-0.026999999931831553,0.00399999953515362,-0.015999999959603883,-0.026999999931831553,0.00399999953515362,-0.015999999959603883,-0.0019460790099401493,0.0012398559192661196,-0.015999999959603883,-0.0021266099565764307,-3.5791344998870045e-05,-0.0001679586603131611
XFFV.X0220402.E,XFFV.X0220402,99.97336957912685,0.02665959938492134,0.02665959941483701,0.0015454549257873998,0.0015454549257873998,50.00000000000001,7.0000000000017965e-09,False,99.97336957135228,-0.0012465277873952713,-2.6035991248464465e-05,-0.026564265825923528,0.0022520500425563666,-4.7865436294779727e-05,-0.026564265795059328,0.002252050762763247,-4.7865341912256554e-05,-0.0014574669648936833,-0.0005117908585816622,-4.7865341912256554e-05,-0.0014574669648936833,-0.0005117908585816622,-4.7865341912256554e-05
XFFV.X0220402.S,XFFV.X0220402,99.97323859911621,0.02676262957279671,0.02676262962952212,0.0015207954333108246,0.0015207954333108246,50.0,7.0000000000017965e-09,False,99.97323859878743,-0.0002551416052824079,-2.548621973193821e-05,-0.02656426582590965,0.003252050381090388,-4.7865436294766174e-05,-0.026564265795059328,0.0032520511012990028,-4.7865341912256554e-05,-0.0014402747865460697,0.0004859384716837667,-4.7865341912256554e-05,-0.0014402747865460697,0.0004859384716837667,-4.7865341912256554e-05
XFFH.X0220403.E,XFFH.X0220403,3.9733081934831698,0.02670707359480437,0.02670707342413284,0.0015476037298035514,0.0015476037298035514,2.0,0.0,False,3.9733080915775623,-0.0006114545960665988,0.0006602484708635612,-0.026542570573252766,0.0028900820764873924,0.0006380853809323645,-0.02654257048106956,0.002890081304940395,0.0006380855666066054,-0.0014048966932023177,0.00011911924957530573,0.0006380855666066054,-0.0014048966932023177,0.00011911924957530573,0.0006380855666066054
XFFH.X0220403.S,XFFH.X0220403,3.9723168303170695,0.027701135734942813,0.027701135567068103,0.002474255307655951,0.002474255307655951,2.0,0.0,False,3.9723167059374065,-0.0007424275191688029,0.0006610236216231345,-0.02754257057072801,0.0028900820764873924,0.0006380853809323645,-0.027542570478544803,0.002890081304940395,0.0006380855666066054,-0.0023877045123299467,0.00011684733181027696,0.0006380855666066054,-0.0023877045123299467,0.00011684733181027696,0.0006380855666066054
XSCI.X0220408.E,XSCI.X0220408,0.027166155471370412,0.027166155471370412,0.027166155471370412,0.0016347315147544413,0.0016347315147544413,-0.0,0.0,False,-0.0271603299723034,-0.0005621112939742237,2.2578384646174503e-05,-0.02700000004551839,0.003000000106112566,0.0,-0.02700000004551839,0.003000000106112566,0.0,-0.0016227886590058915,0.00019724120647879317,0.0,-0.0016227886590058915,0.00019724120647879317,0.0
QNL.X0220423.E,QNL.X0220423,11.972129509947898,0.027870567194255746,0.027870567081320873,0.0015399807315934222,0.0015399807315934222,6.0,0.0,False,11.972129509768738,2.0185228022037704e-05,-6.23101484592495e-05,-0.027627711851045678,0.003670245446277991,-8.574362477971558e-05,-0.027627711801869737,0.003670244950626511,-8.574397725169547e-05,-0.001343358007943607,0.000748049387766514,-8.574397725169547e-05,-0.001343358007943607,0.000748049387766514,-8.574397725169547e-05
QNL.X0220423.S,QNL.X0220423,11.9721295098284,0.027870567315425185,0.0278705672024903,0.0013787663145552952,0.0013787663145552952,6.0,0.0,False,11.972129509649234,2.0186129883956183e-05,-6.231060270638094e-05,-0.027627711851045678,0.003670246355772693,-8.574407952706646e-05,-0.027627711801869737,0.003670245860121213,-8.574443199904636e-05,-0.001169567212855327,0.00072509101300966,-8.574443199904636e-05,-0.001169567212855327,0.00072509101300966,-8.574443199904636e-05
MBXHD.X0220432.E,MBXHD.X0220432,0.028160255734710912,0.028160255734710912,0.028160255734710912,0.0010764333088915258,0.0010764333088915258,0.0,1.570796327,True,-2.3353535405749722e-05,-0.0006930842170763986,-0.02815171561245855,-0.028000000042993634,0.003000000106112566,0.0,-0.028000000042993634,0.003000000106112566,0.0,-0.0010764101716631558,-7.057678885757923e-06,0.0,-0.0010764101716631558,-7.057678885757923e-06,0.0
MBXHD.X0220432.S,MBXHD.X0220432,0.028160255734710912,0.028160255734710912,0.028160255734710912,0.000998883915015837,0.000998883915015837,0.0,1.570796327,True,-2.3353535405749722e-05,-0.0006930842170763986,-0.02815171561245855,-0.028000000042993634,0.003000000106112566,0.0,-0.028000000042993634,0.003000000106112566,0.0,-0.0009987337534766993,-1.7319507605861872e-05,0.0,-0.0009987337534766993,-1.7319507605861872e-05,0.0
XFFH.X0220442.E,XFFH.X0220442,99.97026444397054,0.029742628265095102,0.029742628313011322,0.0019995692132419828,0.0019995692132419828,50.00000000000001,8.999999999924867e-09,False,99.97026444186734,-0.0006480603747926333,-2.3160312706068107e-05,-0.029564265818349256,0.0032520503810921225,-4.786498154742884e-05,-0.029564265787485056,0.0032520511012990028,-4.786488716490567e-05,-0.0019923766103602247,0.00016254671209026128,-4.786488716490567e-05,-0.0019923766103602247,0.00016254671209026128,-4.786488716490567e-05
XFFV.X0220441.E,XFFV.X0220441,0.029154759525399455,0.029154759525399455,0.029154759525399455,0.0014314003203946893,0.0014314003203946893,0.0,0.0,False,-0.029143101252613723,-0.0008240571401785738,2.41286861653215e-05,-0.029000000040468876,0.003000000106112566,0.0,-0.029000000040468876,0.003000000106112566,0.0,-0.0014283995142250205,-9.263749234378338e-05,0.0,-0.0014283995142250205,-9.263749234378338e-05,0.0
XFFH.X0220442.S,XFFH.X0220442,99.97125582884723,0.028748833100943425,0.028748833151603585,0.0009894261334507592,0.0009894261334507592,50.0,8.999999999924867e-09,False,99.97125582750712,-0.0005170874514872498,-2.3935918212793262e-05,-0.028564265820860135,0.003252050381090388,-4.7865436294766174e-05,-0.028564265790009813,0.0032520511012990028,-4.7865341912256554e-05,-0.0009751844345373684,0.00016027570381993428,-4.7865341912256554e-05,-0.0009751844345373684,0.00016027570381993428,-4.7865341912256554e-05
XFFV.X0220441.S,XFFV.X0220441,0.028160255734710912,0.028160255734710912,0.028160255734710912,0.00042201777823558525,0.00042201777823558525,-0.0,0.0,False,-0.028151715612458564,-0.0006930842170763986,2.3353535405748e-05,-0.028000000042993634,0.003000000106112566,0.0,-0.028000000042993634,0.003000000106112566,0.0,-0.00041120722471532645,-9.490850061411038e-05,0.0,-0.00041120722471532645,-9.490850061411038e-05,0.0
QNL.X0220444.E,QNL.X0220444,0.029154759525399455,0.029154759525399455,0.029154759525399455,0.0013777010670014227,0.0013777010670014227,-0.0,0.0,False,-0.029143101252613723,-0.0008240571401785738,2.41286861653215e-05,-0.029000000040468876,0.003000000106112566,0.0,-0.029000000040468876,0.003000000106112566,0.0,-0.0013740807389694965,-9.981158655136824e-05,0.0,-0.0013740807389694965,-9.981158655136824e-05,0.0
QNL.X0220444.S,QNL.X0220444,0.030149626911677076,0.030149626911677076,0.030149626911677076,0.002203712438761491,0.002203712438761491,-0.0,0.0,False,-0.03013448689276889,-0.0009550300632807495,2.4903836924894996e-05,-0.03000000003794412,0.003000000106112566,0.0,-0.03000000003794412,0.003000000106112566,0.0,-0.002200289941356459,-0.00012277087080292404,0.0,-0.002200289941356459,-0.00012277087080292404,0.0
XSCI.X0220446.E,XSCI.X0220446,3.9703341168678503,0.029690456542591077,0.029687180494535576,0.0018282443561940022,0.0018282443561940022,2.0,6.469999999994536e-07,False,3.970333934544389,-0.0010043733802631016,0.000662573923230406,-0.029542570679365332,0.0028900820764873924,0.0006380853809323645,-0.029539470006056945,0.0028881204343633726,0.0006380892045854125,-0.0016963438156381017,-0.00024028577172430232,0.0006380892045854125,-0.0016963438156381017,-0.00024028577172430232,0.0006380892045854125
XEMC.X0220447.E,XEMC.X0220447,0.029154759318729868,0.029154759318729868,0.029154759318729868,0.0011519291198260667,0.0011519291198260667,0.0,0.0,False,-0.02914310102078741,-0.0008240580269488513,2.412868557718295e-05,-0.02899999992678204,0.002999999196617864,0.0,-0.02899999992678204,0.002999999196617864,0.0,-0.0011445524705777643,-0.00013015505828661844,0.0,-0.0011445524705777643,-0.00013015505828661844,0.0
XEMC.X0220447.S,XEMC.X0220447,0.029154759525399455,0.029154759525399455,0.029154759525399455,0.001115997683202955,0.001115997683202955,0.0,0.0,False,-0.029143101252613723,-0.0008240571401785738,2.41286861653215e-05,-0.029000000040468876,0.003000000106112566,0.0,-0.029000000040468876,0.003000000106112566,0.0,-0.0011078010402343352,-0.00013500994100468233,0.0,-0.0011078010402343352,-0.00013500994100468233,0.0
XCIO.X0220450.E,XCIO.X0220450,0.02915475943181323,0.02915475943181323,0.02915475943181323,0.0009529802697217446,0.0009529802697217446,-0.0,0.0,False,-0.029143101133494907,-0.0008240580418387485,2.412868566530739e-05,-0.029000000040468876,0.002999999196617864,0.0,-0.029000000040468876,0.002999999196617864,0.0,-0.0009399273039889522,-0.0001571879693074152,0.0,-0.0009399273039889522,-0.0001571879693074152,0.0
XCIO.X0220450.S,XCIO.X0220450,0.03026549176432899,0.03026549176432899,0.03026549176432899,0.002036690484894276,0.002036690484894276,-0.0,0.0,False,-0.03026545922578436,3.6355232060500604e-05,2.545360785328304e-05,-0.02999999992425728,0.00399999953515362,0.0,-0.02999999992425728,0.00399999953515362,0.0,-0.0018589494175103027,0.0008321148925460875,0.0,-0.0018589494175103027,0.0008321148925460875,0.0
XCHV.X0220452.E,XCHV.X0220452,3.9693418850585562,0.03068113708977287,0.030681136923138105,0.0023953201661660946,0.0023953201661660946,2.0,1.0000000000157452e-09,False,3.969341708538387,-0.0011349027765721054,-0.00033665035833289143,-0.030542570563153737,0.0028900820764873924,-0.00036191450285604046,-0.03054257047097053,0.002890081304940395,-0.00036191431718179956,-0.0023506836441811174,-0.0002843644324457273,-0.00036191431718179956,-0.0023506836441811174,-0.0002843644324457273,-0.00036191431718179956
XCHV.X0220452.S,XCHV.X0220452,3.969211634704481,0.030795916996872154,0.030795916811834106,0.002507564128947921,0.002507564128947921,2.0,1.0000000000157452e-09,False,3.969211576571219,-0.00014396100802389292,0.0006638988449183675,-0.030542570563153737,0.0038900815055284465,0.0006380853809323645,-0.03054257047097053,0.003890080733981449,0.0006380855666066054,-0.002318360884601134,0.0007112857929314487,0.0006380855666066054,-0.002318360884601134,0.0007112857929314487,0.0006380855666066054
XSCI.X0220453.E,XSCI.X0220453,2.9704082209912777,1.0296463180429527,0.029617999095595763,0.0013130721304190685,0.0013130721304190685,2.0,8.679999999993554e-07,False,2.9703941823841467,0.009118280724305093,0.0005074915027416747,-1.019542570680966,0.14389008251630447,-0.00036191450285604046,-0.029462085763043433,0.0029963439374114387,0.00048300717025995255,-0.0012066668659826973,-0.00018659466149983928,0.00048300717025995255,-0.0012066668659826973,-0.00018659466149983928,0.00048300717025995255
XSCI.X0220466.E,XSCI.X0220466,0.031256999191816695,0.031256999191816695,0.031256999191816695,0.0020463241711644723,0.0020463241711644723,-0.0,1.0000000000157452e-09,False,-0.03125684497864702,-9.461770593157199e-05,2.6228758700980974e-05,-0.03100000003541936,0.00399999953515362,0.0,-0.03100000003541936,0.00399999953515362,0.0,-0.0019199233065592125,0.0007080516297719441,0.0,-0.0019199233065592125,0.0007080516297719441,0.0
QNL.X0220476.E,QNL.X0220476,11.968164855162644,0.03185308037087082,0.03185308025481501,0.002283303610525828,0.002283303610525828,6.0,9.99999999907325e-10,False,11.96816480756755,-0.0005041490746292895,0.0009407898873138043,-0.03162771184094665,0.003670246355772693,0.0009142562590086894,-0.03162771179177071,0.003670245860121213,0.0009142559065367095,-0.002068366939056432,0.00031538820621790364,0.0009142559065367095,-0.002068366939056432,0.00031538820621790364,0.0009142559065367095
QNL.X0220476.S,QNL.X0220476,11.967041614458985,0.03296037207843444,0.03296037196044153,0.0031711656906896605,0.0031711656906896605,6.0,9.99999999907325e-10,False,11.967041609002736,0.000356706794824458,-5.7885077892000954e-05,-0.03262771183842189,0.004670245784813747,-8.574407952706646e-05,-0.03262771178924595,0.004670245289162267,-8.574443199904636e-05,-0.0028945761414433946,0.0012924274415127002,-8.574443199904636e-05,-0.0028945761414433946,0.0012924274415127002,-8.574443199904636e-05
QNL.X0220479.E,QNL.X0220479,39.9683344285995,0.03166917220031653,0.03166917213439155,0.0017725839551526337,0.0017725839551526337,20.0,3.999999999954561e-09,False,39.968334425748814,-0.00024886732078073515,0.00040735764457960666,-0.03142570632332087,0.003900820486932126,0.00038085359709851517,-0.031425706310983514,0.003900820047419984,0.000380853634851519,-0.0016517168432983453,0.0005184938345337287,0.000380853634851519,-0.0016517168432983453,0.0005184938345337287,0.000380853634851519
QNL.X0220479.S,QNL.X0220479,39.968334428719004,0.03166917209375918,0.03166917202783422,0.0016046395013598776,0.0016046395013598776,20.0,3.999999999954561e-09,False,39.96833442586832,-0.000248868222643521,0.000407358098826738,-0.03142570632332087,0.003900819577437424,0.00038085405184586606,-0.031425706310983514,0.003900819137925282,0.0003808540895988699,-0.0014779260482100653,0.0004955327312927693,0.0003808540895988699,-0.0014779260482100653,0.0004955327312927693,0.0003808540895988699
XSCI.X0220481.E,XSCI.X0220481,3.9672279994063158,0.03277625099415071,0.032778827042691625,0.002632466898022891,0.002632466898022891,2.0,-1.6399999999998013e-07,False,3.9672279645805277,-0.0004054624555548418,-0.00033455028520909335,-0.03254257067179106,0.0038900824150231482,-0.00036191450285604046,-0.03254617899983714,0.003881815246131737,-0.0003595068847062066,-0.0025649275130490423,0.00047093908506212756,-0.0003595068847062066,-0.0025649275130490423,0.00047093908506212756,-0.0003595068847062066
MCXCA.X0220481.E,MCXCA.X0220481,0.03214031740263201,0.03214031740263201,0.03214031740263201,0.0020337438750728278,0.0020337438750728278,-0.0,0.0,False,-0.032117258173079206,-0.0012169759094850993,2.6454138444041985e-05,-0.032000000032894604,0.003000000106112566,0.0,-0.032000000032894604,0.003000000106112566,0.0,-0.0019910274886569823,-0.00041463681554887444,0.0,-0.0019910274886569823,-0.00041463681554887444,0.0
MCXCA.X0220481.S,MCXCA.X0220481,0.03224903096817769,0.03224903096817769,0.03224903096817769,0.0020566698839224232,0.0020566698839224232,-0.0,0.0,False,-0.032248230618802186,-0.00022559062903374728,2.7003909460554472e-05,-0.032000000032894604,0.00399999953515362,0.0,-0.032000000032894604,0.00399999953515362,0.0,-0.0019723403283933294,0.0005828933353768662,0.0,-0.0019723403283933294,0.0005828933353768662,0.0
MCXCA.X0220483.E,MCXCA.X0220483,746.7268889018479,746.7268889018479,746.7268889018479,746.7054835707407,746.7054835707407,-0.0,1.570796326,False,-528.0000370324772,-0.0008713146816829997,-528.0312561790033,-523.8920000000462,69.4469999998546,527.5560000000041,-523.8920000000462,69.4469999998546,527.5560000000041,-523.861943063821,69.44357902648335,527.5560000000041,-523.861943063821,69.44357902648335,527.5560000000041
MCXCA.X0220483.S,MCXCA.X0220483,746.7276834890735,746.7276834890735,746.7276834890735,746.7062647959283,746.7062647959283,-0.0,1.570796326,False,-528.0000383573993,-1.0901407776486849e-05,-528.0323785370957,-523.89299999993,69.44800000019313,527.5560000000041,-523.89299999993,69.44800000019313,527.5560000000041,-523.8629243764308,69.44457655754377,527.5560000000041,-523.8629243764308,69.44457655754377,527.5560000000041
XFFH.X0220483.E,XFFH.X0220483,0.03214031740263201,0.03214031740263201,0.03214031740263201,0.0019374747570440908,0.0019374747570440908,-0.0,0.0,False,-0.032117258173079206,-0.0012169759094850993,2.6454138444041985e-05,-0.032000000032894604,0.003000000106112566,0.0,-0.032000000032894604,0.003000000106112566,0.0,-0.0018896137135016033,-0.0004279818313079886,0.0,-0.0018896137135016033,-0.0004279818313079886,0.0
XFFV.X0220483.E,XFFV.X0220483,0.03214031740263201,0.03214031740263201,0.03214031740263201,0.0019374648702021554,0.0019374648702021554,0.0,0.0,False,-0.032117258173079206,-0.0012169759094850993,2.6454138444041985e-05,-0.032000000032894604,0.003000000106112566,0.0,-0.032000000032894604,0.003000000106112566,0.0,-0.0018896099618359585,-0.00042795363697223365,0.0,-0.0018896099618359585,-0.00042795363697223365,0.0
XFFH.X0220483.S,XFFH.X0220483,0.032249031080986625,0.032249031080986625,0.032249031080986625,0.0019571850080596603,0.0019571850080596603,0.0,0.0,False,-0.032248230737921,-0.00022558972737357256,2.700390996056858e-05,-0.032000000032894604,0.004000000444648322,0.0,-0.032000000032894604,0.004000000444648322,0.0,-0.001872421421467152,0.0005697465894627385,0.0,-0.001872421421467152,0.0005697465894627385,0.0
XFFV.X0220483.S,XFFV.X0220483,0.03224903096817769,0.03224903096817769,0.03224903096817769,0.0019571894705834075,0.0019571894705834075,-0.0,0.0,False,-0.032248230618802186,-0.00022559062903374728,2.7003909460554472e-05,-0.032000000032894604,0.00399999953515362,0.0,-0.032000000032894604,0.00399999953515362,0.0,-0.0018724177834883449,0.0005697738743037917,0.0,-0.0018724177834883449,0.0005697738743037917,0.0
XDWC.X0220483.E,XDWC.X0220483,3.1323570996580923,1.4376823134686108,0.031940425550917806,0.001695675177876265,0.001695675177876265,2.0,-2.629999999999126e-07,False,2.9680913206647515,0.032468029040335855,1.0005202342098185,-1.0195425705672791,0.1678900824557103,0.9996380852461235,-0.03176582845298981,0.003296124305052217,0.0005084207259642426,-0.00161179320912197,-0.0001376420186716132,0.0005084207259642426,-0.00161179320912197,-0.0001376420186716132,0.0005084207259642426
MBHHE.X0220496.E,MBHHE.X0220496,3.9672279996382325,0.03277625077333013,0.032776250588182135,0.001767484078316941,0.001767484078316941,2.0,0.0,False,3.9672279648123534,-0.0004054633423250997,-0.0003345502857972319,-0.03254257055810422,0.0038900815055284465,-0.00036191450285604046,-0.03254257046592102,0.003890080733981449,-0.00036191431718179956,-0.0016912414366743178,0.0003643081072368659,-0.00036191431718179956,-0.0016912414366743178,0.0003643081072368659,-0.00036191431718179956
MBHHE.X0220496.S,MBHHE.X0220496,3.9672279995255266,0.03277625088620643,0.03277625070105843,0.0016639328022575912,0.0016639328022575912,2.0,0.0,False,3.9672279646996467,-0.00040546335721499023,-0.0003345502857091074,-0.03254257067179106,0.0038900815055284465,-0.00036191450285604046,-0.032542570579607855,0.003890080733981449,-0.00036191431718179956,-0.0015858530559853534,0.00035037191992159933,-0.00036191431718179956,-0.0015858530559853534,0.00035037191992159933,-0.00036191431718179956
XDWC.X0220496.E,XDWC.X0220496,3.1322436048597377,1.4377994347030845,0.03204373006913172,0.001190277196190615,0.001190277196190615,2.0,-2.010000000000206e-07,False,2.9679603482190284,0.03345941432078721,1.000520783980835,-1.0195425705672791,0.16889008188475135,0.9996380852461235,-0.03175050107984134,0.004296844963391777,0.0004933976924803574,-0.0007769082230879576,0.0007548060239059851,0.0004933976924803574,-0.0007769082230879576,0.0007548060239059851,0.0004933976924803574
XDWC.X0220500.E,XDWC.X0220500,3.13130308341423,1.4385087068101086,0.033045033313942124,0.0017757166502058548,0.0017757166502058548,2.0,-1.9000000000060635e-07,False,2.9669689625788735,0.03332844139768506,1.0005215591315946,-1.0205425705647544,0.16889008188475135,0.9996380852461235,-0.03276122902207135,0.0042921774365822785,0.0005033016350353137,-0.0015441422647199943,0.0007179705789894797,0.0005033016350353137,-0.0015441422647199943,0.0007179705789894797,0.0005033016350353137
QNL.X0220526.E,QNL.X0220526,0.03424908765526798,0.03424908765526798,0.03424908765526798,0.0016347792900774144,0.0016347792900774144,0.0,9.999999994736442e-10,False,-0.034231842496785896,-0.000487092061674759,-0.0009714452207550306,-0.03400000002784509,0.004000000444648322,-0.000999999883788405,-0.03400000002784509,0.004000000444648322,-0.000999999883788405,-0.0012732692766803666,0.00022647054720437154,-0.000999999883788405,-0.0012732692766803666,0.00022647054720437154,-0.000999999883788405
QNL.X0220526.S,QNL.X0220526,0.03522782987031037,0.03522782987031037,0.03522782987031037,0.0021093190176489462,0.0021093190176489462,0.0,9.999999994736442e-10,False,-0.03522238754567898,-0.0006185084817902011,2.932936215116463e-05,-0.034999999911633495,0.004000000444648322,0.0,-0.034999999911633495,0.004000000444648322,0.0,-0.0020994784790673293,0.00020351126295281574,0.0,-0.0020994784790673293,0.00020351126295281574,0.0
QNL.X0220538.E,QNL.X0220538,0.03522782998326195,0.03522782998326195,0.03522782998326195,0.0015317547117152212,0.0015317547117152212,0.0,0.0,False,-0.03522238765838648,-0.0006185084966800985,2.9329362239289068e-05,-0.03500000002532033,0.004000000444648322,0.0,-0.03500000002532033,0.004000000444648322,0.0,-0.0015264291732819402,0.00012761847756337374,0.0,-0.0015264291732819402,0.00012761847756337374,0.0
QNL.X0220538.S,QNL.X0220538,0.03622154062430902,0.03622154062430902,0.03622154062430902,0.0023549651533334194,0.0023549651533334194,0.0,0.0,False,-0.03621377329854164,-0.0007494814197822737,3.0104512998862565e-05,-0.036000000022795575,0.004000000444648322,0.0,-0.036000000022795575,0.004000000444648322,0.0,-0.002352638375668903,0.00010465919331181794,0.0,-0.002352638375668903,0.00010465919331181794,0.0
XSCI.X0220540.E,XSCI.X0220540,1.0007602112383,1.0007602112383,0.036815176931800954,0.0029217341645401554,0.0029217341645401554,0.0,-3.1599999999998817e-07,False,-0.036813992263793914,0.009712250120347793,1.0000357006471963,-0.036000000022795575,0.014999999621068127,1.0000000002037268,-0.03653525527624879,0.004531260856310837,7.0335772761609405e-06,-0.0028527128961286508,0.0006312766345217824,7.0335772761609405e-06,-0.0028527128961286508,0.0006312766345217824,7.0335772761609405e-06
XSCI.X0220596.E,XSCI.X0220596,1.000888105383341,1.000888105383341,0.03992030447169372,0.0025178345303284336,0.0025178345303284336,0.0,-5.159999999998846e-07,False,-0.03991912174948339,0.010310717533354477,1.0000385754162444,-0.0390000000152213,0.015999999959603883,0.9999999997489795,-0.039535262430945295,0.005531160240934696,-1.3460521586239338e-07,-0.002237995886389399,0.0011536312740645371,-1.3460521586239338e-07,-0.002237995886389399,0.0011536312740645371,-1.3460521586239338e-07
XWCM.X0220596.E,XWCM.X0220596,0.03931920650171053,0.03931920650171053,0.03931920650171053,0.001797493318900661,0.001797493318900661,-0.0,0.0,False,-0.03931890266473011,-0.0001510149086374484,3.297973629409554e-05,-0.0390000000152213,0.004999999873689376,0.0,-0.0390000000152213,0.004999999873689376,0.0,-0.0016870357057996443,0.0006203972588991746,0.0,-0.0016870357057996443,0.0006203972588991746,0.0
XCIO.X0220634.E,XCIO.X0220634,0.04219004626922727,0.04219004626922727,0.04219004626922727,0.0026492784956078682,0.0026492784956078682,-0.0,0.0,False,-0.04216208713947261,-0.0015353189583953246,3.475541755630355e-05,-0.04200000000764703,0.004000000444648322,0.0,-0.04200000000764703,0.004000000444648322,0.0,-0.002565791305642051,-0.0006598420441150665,0.0,-0.002565791305642051,-0.0006598420441150665,0.0
MBHHE.X0220635.E,MBHHE.X0220635,0.04275511665659657,0.04275511665659657,0.04275511665659657,0.004175636322523459,0.0034055604773097865,0.0,4.099999999988661e-08,False,-0.04270151590732127,0.0021399004417748707,3.69545026223817e-05,-0.04200000000764703,0.007999999979801942,0.0,-0.04200000000764703,0.007999999979801942,0.0,-0.0025147880933218403,0.003333433596708346,0.0,-0.00308634992052248,-0.0009821897037909366,0.0010524208846618421
MBHHE.X0220635.S,MBHHE.X0220635,0.04440720661775577,0.04440720661775577,0.04440720661775577,0.012681482150307717,0.003203931666909365,0.0,4.099999999988661e-08,False,-0.04271163760884432,0.0021451538784723776,-0.011963040048436012,-0.04200000000764703,0.007999999979801942,-0.011999999969702912,-0.04200000000764703,0.007999999979801942,-0.011999999969702912,-0.0024094938453345094,0.0033187843655468896,-0.011999999969702912,-0.0029956946718812105,-0.0009898913049255498,0.0005577694537350908
MBHHE.X0220652.E,MBHHE.X0220652,0.04394314515300618,0.04394314515300618,0.04394314515300618,0.004887259531463664,0.0030116443916297308,0.0,4.6999999999981085e-08,False,-0.04386719456766916,0.002396735556526619,-0.0009617200073362645,-0.043000000005122274,0.009000000318337698,-0.000999999883788405,-0.043000000005122274,0.009000000318337698,-0.000999999883788405,-0.0023536812250313233,0.004164791789662559,-0.000999999883788405,-0.0029833612416041433,-0.00014313718565972522,-0.0003860950528178364
MBHHE.X0220652.S,MBHHE.X0220652,0.04554119020670698,0.04554119020670698,0.04554119020670698,0.012892713174705037,0.0030549179519359306,0.0,4.6999999999981085e-08,False,-0.04387653742803282,0.00240142457938985,-0.011961715126159912,-0.043000000005122274,0.009000000318337698,-0.011999999969702912,-0.043000000005122274,0.009000000318337698,-0.011999999969702912,-0.002240646608697716,0.004147475920035504,-0.011999999969702912,-0.0028860441716460628,-0.0001527632775832899,0.0009899172255245503
XSCI.X0220680.E,XSCI.X0220680,1.0010799171013267,1.0010799171013267,0.0450370803209995,0.002415520423930198,0.002415520423930198,0.0,-1.1159999999997908e-06,False,-0.044964174324579095,0.0074443258658883115,1.0000419018537727,-0.04400000000259752,0.01500000053056283,1.0000000002037268,-0.044804596086578385,0.004570200871967245,6.111349648563191e-06,-0.0023512940288128448,-0.0005532792783924378,6.111349648563191e-06,-0.0023512940288128448,-0.0005532792783924378,6.111349648563191e-06
MQNFB.X0220683.E,MQNFB.X0220683,0.04539823787938525,0.04539823787938525,0.04539823787938525,0.002598392673534344,0.002598392673534344,0.0,-1.000000082740371e-09,False,-0.03795617427690896,-0.0011801858836294377,0.024878424349107146,-0.04500000000007276,0.006000000212225132,0.0,-0.04500000000007276,0.006000000212225132,0.0,-0.00245129137965705,0.0008618671927251853,0.0,-0.00245129137965705,0.0008618671927251853,0.0
MQNFB.X0220683.S,MQNFB.X0220683,0.04539823787938525,0.04539823787938525,0.04539823787938525,0.002484120269814545,0.002484120269814545,0.0,-1.000000082740371e-09,False,-0.03795617427690896,-0.0011801858836294377,0.024878424349107146,-0.04500000000007276,0.006000000212225132,0.0,-0.04500000000007276,0.006000000212225132,0.0,-0.002336537477276579,0.0008434726623818278,0.0,-0.002336537477276579,0.0008434726623818278,0.0
MQNFB.X0220686.E,MQNFB.X0220686,0.04528796748045797,0.04528796748045797,0.04528796748045797,0.0024946037243688554,0.0024946037243688554,0.0,0.0,False,-0.03727615460041547,-0.002168063756602862,0.025627871473539305,-0.04500000000007276,0.004999999873689376,0.000999999883788405,-0.04500000000007276,0.004999999873689376,0.000999999883788405,-0.002279382101733063,-0.00016572630556765944,0.000999999883788405,-0.002279382101733063,-0.00016572630556765944,0.000999999883788405
MQNFB.X0220686.S,MQNFB.X0220686,0.04539823787938525,0.04539823787938525,0.04539823787938525,0.0023133338656355757,0.0023133338656355757,0.0,0.0,False,-0.03795617427690896,-0.0011801858836294377,0.024878424349107146,-0.04500000000007276,0.006000000212225132,0.0,-0.04500000000007276,0.006000000212225132,0.0,-0.0021646494587912457,0.0008159695426002145,0.0,-0.0021646494587912457,0.0008159695426002145,0.0
XBTF.X0220687.E,XBTF.X0220687,3.9758118667655395,0.045419441253053756,0.04541944143677061,0.0023248380621195748,0.0023248380621195748,2.0,0.0,False,3.9756271342837426,-0.0015822831494318249,-0.038293412495518195,-0.04506836695128153,0.005603468077838066,-0.0006075274355003477,-0.045068367057865544,0.005603468707704451,-0.0006075274541217368,-0.002205425857937371,0.00041458315536146984,-0.0006075274541217368,-0.002205425857937371,0.00041458315536146984,-0.0006075274541217368
XBTF.X0220687.S,XBTF.X0220687,3.9758118666873044,0.04541944136525956,0.045419441548976425,0.002301203129174045,0.002301203129174045,2.0,0.0,False,3.975627134204707,-0.0015822822513448273,-0.03829341261540882,-0.04506836695128153,0.005603468987332768,-0.0006075274355003477,-0.045068367057865544,0.005603469617199153,-0.0006075274541217368,-0.00218122886508354,0.00041071507439482957,-0.0006075274541217368,-0.00218122886508354,0.00041071507439482957,-0.0006075274541217368
MQNEE.X0220689.E,MQNEE.X0220689,3.9618552471253925,0.045883349027739447,0.045883349001912606,0.0026692057572151166,0.0026692057572151166,2.0,9.999999717180685e-10,False,3.9617739646821266,-0.001977897709584415,0.02530098540627021,-0.04557754367769769,0.005284588360534052,0.00020580614331494607,-0.0455775436876138,0.005284588041831739,0.00020580637283273973,-0.002659814640537661,8.76880221767351e-05,0.00020580637283273973,-0.002659814640537661,8.76880221767351e-05,0.00020580637283273973
MQNEE.X0220689.S,MQNEE.X0220689,3.961855247470598,0.045883348916850045,0.045883348891023204,0.0026164192187115207,0.0026164192187115207,2.0,9.999999717180685e-10,False,3.961773965025312,-0.001977897691825942,0.025300985725062324,-0.04557754356401085,0.005284588360534052,0.00020580659806229695,-0.04557754357392696,0.005284588041831739,0.0002058068275800906,-0.002607108967822569,7.922062650322914e-05,0.0002058068275800906,-0.002607108967822569,7.922062650322914e-05,0.0002058068275800906
MBHHE.X0220692.E,MBHHE.X0220692,3.973309703733336,0.07274450762566505,0.07274450790660823,0.041420783800197813,0.0032259778665248763,2.0,1.1070000000001912e-06,False,3.9727372797989746,0.030613305946193374,-0.06009436725672141,-0.05828449334675323,0.041916799158668194,-0.011732995069656856,-0.05828449309319694,0.04191680000076303,-0.011732995062629925,-0.015207137948891614,0.03669824400276411,-0.011732995062629925,-0.0028701373366857297,0.0014708584785694256,-7.629023457411677e-05
MBHHE.X0220692.S,MBHHE.X0220692,3.9781819967104113,0.16188683043183513,0.1618868304943775,0.12521653304953342,0.002701195418936603,2.0,1.1070000000001912e-06,False,3.974965581635446,0.030145647966044294,-0.15707279736835866,-0.13728449337467108,0.053916798673623756,-0.0667329945897347,-0.1372844931211148,0.053916799515718594,-0.06673299458270776,-0.0941076286835596,0.0486789667775156,-0.06673299458270776,-0.0017700668877296266,0.0006954705895623192,-0.001918238922371529
XCSH.X0220694.E,XCSH.X0220694,3.9751218851113435,0.04610670755594221,0.046106707289919995,0.002602124927332402,0.002602124927332402,2.0,0.0,False,3.9749335216261903,-0.004991742228997861,-0.03837424465841204,-0.045792205974600014,0.005358863759724456,0.00043003817702235575,-0.0457922058103577,0.005358862836146727,0.0004300386535760481,-0.0025642095806688303,0.00010464282240718603,0.0004300386535760481,-0.0025642095806688303,0.00010464282240718603,0.0004300386535760481
XCSH.X0220694.S,XCSH.X0220694,3.975121884730626,0.04610670756018365,0.04610670729416144,0.0025530187208493023,0.0025530187208493023,2.0,0.0,False,3.974933521247791,-0.004991742274735038,-0.03837424441038442,-0.045792205974600014,0.005358863759724456,0.00043003863176970664,-0.0457922058103577,0.005358862836146727,0.000430039108323399,-0.0025148060558422003,9.338873496744782e-05,0.000430039108323399,-0.0025148060558422003,9.338873496744782e-05,0.000430039108323399
MQNFB.X0220696.E,MQNFB.X0220696,3.96180829939723,0.045892858998210814,0.04589285894349856,0.002316317766766041,0.002316317766766041,2.0,0.0,False,3.9617273558332187,-0.004276200341617425,0.024961436780577034,-0.04549540498358659,0.006017998365986975,0.00032607986150817725,-0.04549540494735993,0.006017998202878516,0.0003260802259319462,-0.0021700017214243417,0.0007416820153594017,0.0003260802259319462,-0.0021700017214243417,0.0007416820153594017,0.0003260802259319462
MQNFB.X0220696.S,MQNFB.X0220696,3.9611166353464045,0.04676654067715292,0.04676654062617587,0.0030877346752954996,0.0030877346752954996,2.0,0.0,False,3.9610322361863903,-0.005467716209886855,0.025273044726000966,-0.04649540509474867,0.005017998027451219,0.00032607940676082636,-0.04649540505852201,0.00501799786434276,0.0003260797711845953,-0.003057300091313664,-0.00028406611818354577,0.0003260797711845953,-0.003057300091313664,-0.00028406611818354577,0.0003260797711845953
XBPF.X0220697.E,XBPF.X0220697,0.04638965404399043,0.04638965404399043,0.04638965404399043,0.0026278195090458254,0.0026278195090458254,-0.0,-9.999999717180685e-10,False,-0.024946648706493543,-0.004372665602514539,-0.03886572418165534,-0.045999999997548,0.006000000212225132,0.0,-0.045999999997548,0.006000000212225132,0.0,-0.0025353451746923383,0.0006909849616931751,0.0,-0.0025353451746923383,0.0006909849616931751,0.0
XBPF.X0220697.S,XBPF.X0220697,0.046400431054988006,0.046400431054988006,0.046400431054988006,0.0027889078985233063,0.0027889078985233063,-0.0,-9.999999717180685e-10,False,-0.024114541293590377,-0.00427208840977739,-0.03941114259834984,-0.045999999997548,0.006000000212225132,-0.000999999883788405,-0.045999999997548,0.006000000212225132,-0.000999999883788405,-0.0025115772359640687,0.0006855561878182925,-0.000999999883788405,-0.0025115772359640687,0.0006855561878182925,-0.000999999883788405
MBHHE.X0220699.E,MBHHE.X0220699,0.07067531358899966,0.07067531358899966,0.07067531358899966,0.039236139488953096,0.003328243853436558,0.0,-3.992000000008211e-06,False,-0.026429952147170536,0.02516668602677865,-0.06052351191752888,-0.05699999996977567,0.03899999956047395,-0.014999999621068127,-0.05699999996977567,0.03899999956047395,-0.014999999621068127,-0.013438127439258096,0.03367330373293953,-0.014999999621068127,-0.00315506895276485,-0.0010551420928095467,-9.70680957834702e-05
MBHHE.X0220699.S,MBHHE.X0220699,0.16145277936600572,0.16145277936600572,0.16145277936600572,0.12438598291974641,0.00301266521763622,0.0,-3.992000000008211e-06,False,-0.02733693495175184,0.026197572370457754,-0.1569502441997031,-0.13699999999516876,0.052999999752501026,-0.0669999999445281,-0.13699999999516876,0.052999999752501026,-0.0669999999445281,-0.09334112792203086,0.04764773439092096,-0.0669999999445281,-0.002908723899963661,9.733048500493169e-05,0.0007784624358464498
XBPF.X0220701.E,XBPF.X0220701,0.04638965404399043,0.04638965404399043,0.04638965404399043,0.002396089252274813,0.002396089252274813,-0.0,0.0,False,-0.02386414048404669,-0.007328767389652381,-0.039099769434450246,-0.045999999997548,0.006000000212225132,0.0,-0.045999999997548,0.006000000212225132,0.0,-0.0023109806761567597,0.0006329391908366233,0.0,-0.0023109806761567597,0.0006329391908366233,0.0
XBPF.X0220701.S,XBPF.X0220701,0.04638965392635713,0.04638965392635713,0.04638965392635713,0.002372084308101975,0.002372084308101975,-0.0,0.0,False,-0.02386414019530446,-0.007328768243232422,-0.039099769311122856,-0.045999999997548,0.00599999930273043,0.0,-0.045999999997548,0.00599999930273043,0.0,-0.0022879827383803786,0.0006260343070607632,0.0,-0.0022879827383803786,0.0006260343070607632,0.0
MQNEE.X0220703.E,MQNEE.X0220703,0.04638965404399043,0.04638965404399043,0.04638965404399043,0.0023148914375712665,0.0023148914375712665,0.0,0.0,False,-0.039099769434450246,-0.007328767389652381,0.023864140484046687,-0.045999999997548,0.006000000212225132,0.0,-0.045999999997548,0.006000000212225132,0.0,-0.0022329991224978585,0.0006102764018578455,0.0,-0.0022329991224978585,0.0006102764018578455,0.0
MQNEE.X0220703.S,MQNEE.X0220703,0.047391982463771895,0.047391982463771895,0.047391982463771895,0.0033889625831178254,0.0033889625831178254,0.0,0.0,False,-0.039394605689803644,-0.0078100094556987085,0.02516085842520581,-0.046999999995023245,0.006000000212225132,0.000999999883788405,-0.046999999995023245,0.006000000212225132,0.000999999883788405,-0.00318288709877379,0.0005952288120170124,0.000999999883788405,-0.00318288709877379,0.0005952288120170124,0.000999999883788405
MQNEE.X0220704.E,MQNEE.X0220704,0.046281745852856306,0.046281745852856306,0.046281745852856306,0.002389218286082297,0.002389218286082297,0.0,0.0,False,-0.03950164151270937,-0.008067783572212973,0.022727322438459572,-0.045999999997548,0.004999999873689376,-0.0010000003385357559,-0.045999999997548,0.004999999873689376,-0.0010000003385357559,-0.00212864733839524,-0.00042097963159903884,-0.0010000003385357559,-0.00212864733839524,-0.00042097963159903884,-0.0010000003385357559
MQNEE.X0220704.S,MQNEE.X0220704,0.04738143098386631,0.04738143098386631,0.04738143098386631,0.0031297531778934303,0.0031297531778934303,0.0,0.0,False,-0.039932077475251675,-0.007610504229776437,0.024341516303590036,-0.046999999995023245,0.006000000212225132,0.0,-0.046999999995023245,0.006000000212225132,0.0,-0.003078543954870838,0.0005638457878376357,0.0,-0.003078543954870838,0.0005638457878376357,0.0
MBHGG.X0220706.E,MBHGG.X0220706,3.953640980076303,0.04637024759787419,0.04637024761793115,0.008467094363011496,0.0028009991177748448,2.0,2.8500000000264425e-07,False,3.953640849934554,8.824974423861202e-05,-0.0010105837322882199,-0.04427912797937529,0.013539773779555099,-0.002496640477267953,-0.04427912790561095,0.013539774045057129,-0.0024966407181636896,-0.00029436603199428646,0.008085284207481891,-0.0024966407181636896,-0.002757592937996378,1.1629708751570433e-05,0.0004910621100862045
MBHGG.X0220706.S,MBHGG.X0220706,3.953866588392179,0.0479995848222688,0.04799958489080671,0.015718112368384263,0.0024349520182577085,2.0,2.8500000000264425e-07,False,3.9538446298326138,0.0006081431653676139,-0.013163286432798522,-0.04427912797937529,0.011539774011978289,-0.014496640446970865,-0.04427912790561095,0.01153977427748032,-0.014496640687866602,-0.00024621544980618637,0.006070077688491438,-0.014496640687866602,-0.002390095119153557,0.00026384168450022116,-0.0003831764843198471
XBPF.X0220707.E,XBPF.X0220707,0.04638965404399043,0.04638965404399043,0.04638965404399043,0.002004053981427057,0.002004053981427057,-0.0,9.99999999907325e-10,False,-0.04555320962528709,-0.008594843811531722,-0.001741767783358488,-0.045999999997548,0.006000000212225132,0.0,-0.045999999997548,0.006000000212225132,0.0,-0.0019358673171154805,0.0005183146640774794,0.0,-0.0019358673171154805,0.0005183146640774794,0.0
XBPF.X0220707.S,XBPF.X0220707,0.04738143086869529,0.04738143086869529,0.04738143086869529,0.0029575074244580233,0.0029575074244580233,-0.0,9.99999999907325e-10,False,-0.046502479926341475,-0.008903040236311346,-0.0018042246023656134,-0.046999999995023245,0.00599999930273043,0.0,-0.046999999995023245,0.00599999930273043,0.0,-0.0029130693519618944,0.0005107613105792552,0.0,-0.0029130693519618944,0.0005107613105792552,0.0
XBPF.X0220716.E,XBPF.X0220716,0.048383881517300754,0.048383881517300754,0.048383881517300754,0.003594832221975156,0.003594832221975156,-0.0,1.0000000003410059e-09,False,-0.04745175051351326,-0.009012620539328928,-0.0028467586651417065,-0.04799999999249849,0.00599999930273043,-0.000999999883788405,-0.04799999999249849,0.00599999930273043,-0.000999999883788405,-0.003434915242905845,0.00035238645068602636,-0.000999999883788405,-0.003434915242905845,0.00035238645068602636,-0.000999999883788405
XBPF.X0220716.S,XBPF.X0220716,0.048383881630085585,0.048383881630085585,0.048383881630085585,0.0035723179059760045,0.0035723179059760045,-0.0,1.0000000003410059e-09,False,-0.04745175079951333,-0.009012619693172554,-0.002846758493665883,-0.04799999999249849,0.006000000212225132,-0.000999999883788405,-0.04799999999249849,0.006000000212225132,-0.000999999883788405,-0.003412117280277016,0.00034483491617720574,-0.000999999883788405,-0.003412117280277016,0.00034483491617720574,-0.000999999883788405
