point,name,norm_mm,after_missing_exit_norm_mm,after_seed_correction_norm_mm,tangent_roll_hypothesis_norm_mm,geometric_r_at_socket_mm,single_point,origin,roll_difference_rad,socket_rst_changed,delta_r_mm,delta_s_mm,delta_t_mm,delta_x_mm,delta_y_mm,delta_z_mm,after_missing_exit_x_mm,after_missing_exit_y_mm,after_missing_exit_z_mm,after_seed_correction_x_mm,after_seed_correction_y_mm,after_seed_correction_z_mm,tangent_roll_hypothesis_x_mm,tangent_roll_hypothesis_y_mm,tangent_roll_hypothesis_z_mm
XTAX.X0220023.E,XTAX.X0220023,0.0009999999974752427,0.0009999999974752427,0.00040678158936948274,0.00040678158936948274,0.0,False,Entry,0.0,False,-0.0009932157009593535,-0.00011628656185074132,-4.302602984819547e-08,-0.0009999999974752427,0.0,0.0,-0.0009999999974752427,0.0,0.0,0.0003736388407560298,-0.00016082685760920867,0.0,0.0003736388407560298,-0.00016082685760920867,0.0
XTAX.X0220023.S,XTAX.X0220023,0.0019999999949504854,0.0019999999949504854,0.0005600501386161637,0.0005600501386161637,0.0,False,Entry,0.0,False,-0.001986431401918707,-0.00023257312370148265,-8.605205969639094e-08,-0.0019999999949504854,0.0,0.0,-0.0019999999949504854,0.0,0.0,-0.0005330648491508327,-0.00017174988897750154,0.0,-0.0005330648491508327,-0.00017174988897750154,0.0
XTAX.X0220025.E,XTAX.X0220025,0.0019999999949504854,0.0019999999949504854,0.0005520599667256942,0.0005520599667256942,0.0,False,Entry,0.0,False,-0.001986431401918707,-0.00023257312370148265,-8.605205969639094e-08,-0.0019999999949504854,0.0,0.0,-0.0019999999949504854,0.0,0.0,-0.0005243281293587643,-0.0001727721610222943,0.0,-0.0005243281293587643,-0.0001727721610222943,0.0
XTAX.X0220025.S,XTAX.X0220025,0.0014142137999687712,0.0014142137999687712,0.0009950263921545276,0.0009950263921545276,0.0,False,Entry,0.0,False,-0.0011095023104306676,0.0008769294098696325,3.244638964581333e-07,-0.0009999999974752427,0.0010000003385357559,0.0,-0.0009999999974752427,0.0010000003385357559,0.0,0.0005689682893716963,0.0008163042366504669,0.0,0.0005689682893716963,0.0008163042366504669,0.0
MSN.X0220027.E,MSN.X0220027,0.00223606812438118,0.00223606812438118,0.0008913511954246753,0.0008913511954246753,0.0,False,Entry,0.0,False,-0.0021038407019667235,0.0007575320972833153,2.8143786660993784e-07,-0.0019999999949504854,0.0010000003385357559,0.0,-0.0019999999949504854,0.0010000003385357559,0.0,-0.00037307938782760175,0.0008095175871858373,0.0,-0.00037307938782760175,0.0008095175871858373,0.0
MSN.X0220027.S,MSN.X0220027,0.002236067717642821,0.002236067717642821,0.0008226546408620789,0.0008226546408620789,0.0,False,Entry,0.0,False,-0.002103840594868804,0.000757531194116367,2.8143753237991e-07,-0.0019999999949504854,0.000999999429041054,0.0,-0.0019999999949504854,0.000999999429041054,0.0,-0.0002233321083622286,0.0007917597031337209,0.0,-0.0002233321083622286,0.0007917597031337209,0.0
MSN.X0220031.A,MSN.X0220031,0.0019999999949504854,0.0019999999949504854,0.0002798600823925899,0.0002798600823925899,0.0,False,Entry,1.0000000000157452e-09,False,-0.0019853335425423805,-0.00024176579008020662,-8.605205969639094e-08,-0.0019999999949504854,0.0,0.0,-0.0019999999949504854,0.0,0.0,-0.00015343584891525097,-0.00023404936655424535,0.0,-0.00015343584891525097,-0.00023404936655424535,0.0
MSN.X0220031.E,MSN.X0220031,0.0019999999949504854,0.0019999999949504854,0.00026482723837419753,0.00026482723837419753,0.0,False,Entry,1.0000000000157452e-09,False,-0.0019853335425423805,-0.00024176579008020662,-8.605205969639094e-08,-0.0019999999949504854,0.0,0.0,-0.0019999999949504854,0.0,0.0,-0.0001513153620180674,-0.0002173410393879749,0.0,-0.0001513153620180674,-0.0002173410393879749,0.0
MSN.X0220031.B,MSN.X0220031,0.00223606812438118,0.00223606812438118,0.0007457537719666422,0.0007457537719666422,0.0,False,Entry,1.0000000000157452e-09,False,-0.0021062164864558944,0.0007509012517286684,2.8143786660993784e-07,-0.0019999999949504854,0.0010000003385357559,0.0,-0.0019999999949504854,0.0010000003385357559,0.0,1.1526253729243763e-05,0.0007456646926584654,0.0,1.1526253729243763e-05,0.0007456646926584654,0.0
MSN.X0220031.S,MSN.X0220031,0.002236067717642821,0.002236067717642821,0.0007626965172801857,0.0007626965172801857,0.0,False,Entry,1.0000000000157452e-09,False,-0.002106216376513535,0.0007509003489035589,2.8143753237991e-07,-0.0019999999949504854,0.000999999429041054,0.0,-0.0019999999949504854,0.000999999429041054,0.0,1.377020453219302e-05,0.0007625721991644241,0.0,1.377020453219302e-05,0.0007625721991644241,0.0
QNL.X0220034.E,QNL.X0220034,0.0022360678193274323,0.0022360678193274323,0.0007594434082662415,0.0007594434082662415,-1.3996655518394647,False,Entry,-1.0000000000157452e-09,False,-0.0021074683027114717,0.0007473798006978016,2.8143752748841676e-07,-0.002000000108637323,0.000999999429041054,0.0,-0.002000000108637323,0.000999999429041054,0.0,6.827099241490941e-05,0.000756368535803631,0.0,6.827099241490941e-05,0.000756368535803631,0.0
QNL.X0220034.S,QNL.X0220034,0.00223606812438118,0.00223606812438118,0.0007736141364650189,0.0007736141364650189,1.3996655518394647,False,Entry,-1.0000000000157452e-09,False,-0.002107468301332273,0.0007473807172692894,2.8143786660993784e-07,-0.0019999999949504854,0.0010000003385357559,0.0,-0.0019999999949504854,0.0010000003385357559,0.0,0.00024222913452831563,0.0007347134669544175,0.0,0.00024222913452831563,0.0007347134669544175,0.0
QNL.X0220041.E,QNL.X0220041,0.0019999999949504854,0.0019999999949504854,0.0005767676028935096,0.0005767676028935096,0.0,False,Entry,0.0,False,-0.0019849267803309497,-0.0002450829433518249,-8.605205969639094e-08,-0.0019999999949504854,0.0,0.0,-0.0019999999949504854,0.0,0.0,0.0004947911520503112,-0.00029638249543495476,0.0,0.0004947911520503112,-0.00029638249543495476,0.0
QNL.X0220041.S,QNL.X0220041,0.002999999992425728,0.002999999992425728,0.00045907539849747485,0.00045907539849747485,0.0,False,Entry,0.0,False,-0.0029773901704964246,-0.00036762441502773737,-1.290780895445864e-07,-0.002999999992425728,0.0,0.0,-0.002999999992425728,0.0,0.0,-0.0003312292164991959,-0.00031786385079612955,0.0,-0.0003312292164991959,-0.00031786385079612955,0.0
QNL.X0220049.E,QNL.X0220049,0.002999999992425728,0.002999999992425728,0.00035589208051899605,0.00035589208051899605,-2.7993311036789295,False,Entry,-9.999999999615351e-10,False,-0.0029773901704964246,-0.00036762441502773737,-1.290780895445864e-07,-0.002999999992425728,0.0,0.0,-0.002999999992425728,0.0,0.0,-4.623018412530655e-05,-0.00035287666833028197,0.0,-4.623018412530655e-05,-0.00035287666833028197,0.0
QNL.X0220049.S,QNL.X0220049,0.003999999989900971,0.003999999989900971,0.0009493694366811441,0.0009493694366811441,2.7993311036789295,False,Entry,-9.999999999615351e-10,False,-0.0039698535606618995,-0.0004901658867036498,-1.7210411939278188e-07,-0.003999999989900971,0.0,0.0,-0.003999999989900971,0.0,0.0,-0.0008722939810468233,-0.00037470726965693757,0.0,-0.0008722939810468233,-0.00037470726965693757,0.0
MBNV.X0220053.E,MBNV.X0220053,0.0031622774724297683,0.0031622774724297683,0.0006492545874307903,0.0006492545874307903,6.0,False,Entry,1.5707963269999998,True,1.8976373906943952e-06,0.0006248355068631511,-0.0030999315800469217,-0.002999999992425728,0.000999999429041054,0.0,-0.002999999992425728,0.000999999429041054,0.0,0.00020554921320581343,0.000615857970842626,0.0,0.00020554921320581343,0.000615857970842626,0.0
MBNV.X0220053.S,MBNV.X0220053,0.003162277616233463,0.003162277616233463,0.0011690651312301695,0.0011690651312301695,6.0,False,Entry,1.5707963269999998,True,-0.0010011229057514778,-0.000364574139011494,-0.0029773878395121683,-0.002999999992425728,0.0,0.000999999883788405,-0.002999999992425728,0.0,0.000999999883788405,0.0004425096449267585,-0.0004133989932597615,0.000999999883788405,0.0004425096449267585,-0.0004133989932597615,0.000999999883788405
MBNV.X0220059.E,MBNV.X0220059,0.003162277616233463,0.003162277616233463,0.0012225139040065518,0.0012225139040065518,2.0,False,Entry,1.570796327,True,-0.0010035921291267705,-0.00035772085990482894,-0.0029773878395121683,-0.002999999992425728,0.0,0.000999999883788405,-0.002999999992425728,0.0,0.000999999883788405,0.0005582323865382932,-0.00042768806451931596,0.000999999883788405,0.0005582323865382932,-0.00042768806451931596,0.000999999883788405
MBNV.X0220059.S,MBNV.X0220059,0.0044721358420239275,0.0044721358420239275,0.0020617341580661513,0.0020617341580661513,2.0,False,Entry,1.570796327,True,-0.002004756852554584,-0.0004703707826740532,-0.003969848898693387,-0.003999999989900971,0.0,0.00199999976757681,-0.003999999989900971,0.0,0.00199999976757681,-0.0002048175247182371,-0.0004569446900859475,0.00199999976757681,-0.0002048175247182371,-0.0004569446900859475,0.00199999976757681
MBNV.X0220065.E,MBNV.X0220065,0.004123105697927157,0.004123105697927157,0.0005362235543339667,0.0005362235543339667,-1.0,False,Entry,1.570796327,True,8.389917321083342e-06,0.0005022277383273441,-0.004092395081663223,-0.003999999989900971,0.0010000003385357559,0.0,-0.003999999989900971,0.0010000003385357559,0.0,-8.91049012352596e-05,0.0005287683961796574,0.0,-8.91049012352596e-05,0.0005287683961796574,0.0
MBNV.X0220065.S,MBNV.X0220065,0.004582575857045477,0.004582575857045477,0.002066728679879082,0.002066728679879082,-1.0,False,Entry,1.570796327,True,-0.0019913306580487708,0.0005356718666224356,-0.00409239041969365,-0.003999999989900971,0.0010000003385357559,0.002000000222324161,-0.003999999989900971,0.0010000003385357559,0.002000000222324161,0.00014782358448428567,0.0004995144990971312,0.002000000222324161,0.00014782358448428567,0.0004995144990971312,0.002000000222324161
XCSH.X0220068.E,XCSH.X0220068,0.004242640515630215,0.004242640515630215,0.0011351110361993674,0.0011351110361993674,-6.48,False,Entry,-7.0000000000017965e-09,False,-0.004092397301196654,0.0004820551753118351,-0.0010099037983790585,-0.003999999989900971,0.000999999429041054,-0.000999999883788405,-0.003999999989900971,0.000999999429041054,-0.000999999883788405,0.000216779881156981,0.0004914099918096326,-0.000999999883788405,0.000216779881156981,0.0004914099918096326,-0.000999999883788405
XCSH.X0220068.S,XCSH.X0220068,0.003999999989900971,0.003999999989900971,0.0005807397727058618,0.0005807397727058618,6.480000000000001,False,Entry,-7.0000000000017965e-09,False,-0.003969853560661901,-0.000490066309464712,9.881216293568741e-06,-0.003999999989900971,0.0,0.0,-0.003999999989900971,0.0,0.0,0.0002671736183401663,-0.000515632564201951,0.0,0.0002671736183401663,-0.000515632564201951,0.0
MBNV.X0220071.E,MBNV.X0220071,0.005099019567606479,0.005099019567606479,0.000817865577456688,0.000817865577456688,-20.0,False,Entry,1.570796327,True,8.934372752605323e-06,0.0003796512205817286,-0.005084858471828698,-0.0049999999873762135,0.0010000003385357559,0.0,-0.0049999999873762135,0.0010000003385357559,0.0,-0.0006648056114499923,0.0004763796823681332,0.0,-0.0006648056114499923,0.0004763796823681332,0.0
MBNV.X0220071.S,MBNV.X0220071,0.0054772253744164905,0.0054772253744164905,0.0020935686835809944,0.0020935686835809944,-19.999999999999996,False,Entry,1.570796327,True,-0.0019905103693785954,0.0004267659045903464,-0.005084853698409359,-0.0049999999873762135,0.000999999429041054,0.00199999976757681,-0.0049999999873762135,0.000999999429041054,0.00199999976757681,-0.00042790986753971083,0.0004471285137697123,0.00199999976757681,-0.00042790986753971083,0.0004471285137697123,0.00199999976757681
MBNV.X0220077.E,MBNV.X0220077,0.005099019478423177,0.005099019478423177,0.0011913131250904647,0.0011913131250904647,-100.0,False,Entry,1.5707963269999998,True,0.0009809046999145494,-0.000642816425105181,-0.004962319281811631,-0.0049999999873762135,0.0,-0.000999999883788405,-0.0049999999873762135,0.0,-0.000999999883788405,-0.0003123869873888907,-0.0005671345206792466,-0.000999999883788405,-0.0003123869873888907,-0.0005671345206792466,-0.000999999883788405
MBNV.X0220077.S,MBNV.X0220077,0.005916079883462458,0.005916079883462458,0.003027972272331417,0.003027972272331417,-100.0,False,Entry,1.5707963269999998,True,0.003010144106275959,0.0002884039736606412,-0.005084865464782528,-0.0049999999873762135,0.0010000003385357559,-0.003000000106112566,-0.0049999999873762135,0.0010000003385357559,-0.003000000106112566,-7.553489922429435e-05,0.00040362101572100073,-0.003000000106112566,-7.553489922429435e-05,0.00040362101572100073,-0.003000000106112566
MBNV.X0220083.E,MBNV.X0220083,0.005099019389239913,0.005099019389239913,0.00039140505874953746,0.00039140505874953746,-0.0,False,Entry,1.570796326,True,1.4124794423730117e-05,0.0003794926572706234,-0.005084858360377872,-0.0049999999873762135,0.000999999429041054,0.0,-0.0049999999873762135,0.000999999429041054,0.0,3.9939777707331814e-05,0.00038936195778660476,0.0,3.9939777707331814e-05,0.00038936195778660476,0.0
MBNV.X0220083.S,MBNV.X0220083,0.006999999966085727,0.006999999966085727,0.003372395186067089,0.003372395186067089,-0.0,False,Entry,1.570796326,True,0.0030444263726817377,0.001137135123856175,-0.006199870264498499,-0.005999999984851456,0.00199999976757681,-0.003000000106112566,-0.005999999984851456,0.00199999976757681,-0.003000000106112566,-0.0007232629286590964,0.0013601247701444663,-0.003000000106112566,-0.0007232629286590964,0.0013601247701444663,-0.003000000106112566
QNL.X0220087.E,QNL.X0220087,0.005099019567606479,0.005099019567606479,0.000498958797241589,0.000498958797241589,0.0,False,Entry,0.0,False,-0.0050848584718287005,0.0003794430552176114,-1.5422067072982984e-05,-0.0049999999873762135,0.0010000003385357559,0.0,-0.0049999999873762135,0.0010000003385357559,0.0,0.0003551782583599561,0.0003504401320242323,0.0,0.0003551782583599561,0.0003504401320242323,0.0
QNL.X0220087.S,QNL.X0220087,0.006082762571010733,0.006082762571010733,0.0005745022886583255,0.0005745022886583255,0.0,False,Entry,0.0,False,-0.006077321861994176,0.00025700291523209247,-1.0439472160267167e-05,-0.005999999984851456,0.0010000003385357559,0.0,-0.005999999984851456,0.0010000003385357559,0.0,-0.00047098581035243114,0.0003289760570623912,0.0,-0.00047098581035243114,0.0003289760570623912,0.0
QNL.X0220097.E,QNL.X0220097,0.006082762571010733,0.006082762571010733,0.00027195426171185556,0.00027195426171185556,-0.0,False,Entry,1.0000000000157452e-09,False,-0.006077321861994176,0.00025700291523209247,-1.0439472160267167e-05,-0.005999999984851456,0.0010000003385357559,0.0,-0.005999999984851456,0.0010000003385357559,0.0,-8.167262421920896e-06,0.00027183159545529634,0.0,-8.167262421920896e-06,0.00027183159545529634,0.0
QNL.X0220097.S,QNL.X0220097,0.007071067777934999,0.007071067777934999,0.0015026830610398814,0.0015026830610398814,-0.0,False,Entry,1.0000000000157452e-09,False,-0.006947246062142584,-0.0008977225884438027,-0.0009642955078153022,-0.006999999982326699,0.0,-0.000999999883788405,-0.006999999982326699,0.0,-0.000999999883788405,-0.0008343304216396064,-0.0007496328180423006,-0.000999999883788405,-0.0008343304216396064,-0.0007496328180423006,-0.000999999883788405
MBXHC.X0220117.E,MBXHC.X0220117,0.00824621128556186,0.00824621128556186,0.001369094995060214,0.001369094995060214,-0.0,False,Centre,0.0,False,-0.008183509944882822,0.00101414996437862,-4.08092867204479e-05,-0.00800000009348878,0.00199999976757681,0.0,-0.00800000009348878,0.00199999976757681,0.0,-0.0007860658115532715,0.0011209467629669234,0.0,-0.0007860658115532715,0.0011209467629669234,0.0
MBXHC.X0220117.S,MBXHC.X0220117,0.008062257770246663,0.008062257770246663,0.0006560262945990306,0.0006560262945990306,-0.0,False,Centre,0.0,False,-0.008062226770412706,2.2352436102756777e-05,-4.7428233483553737e-07,-0.007999999979801942,0.0010000003385357559,0.0,-0.007999999979801942,0.0010000003385357559,0.0,-0.00064772314090078,0.00010404437489341944,0.0,-0.00064772314090078,0.00010404437489341944,0.0
MBXHC.X0220120.E,MBXHC.X0220120,0.008062257770246663,0.008062257770246663,0.0005880929885165163,0.0005880929885165163,-0.0,False,Centre,-1.0000000000021927e-09,False,-0.008062144086347868,4.281191335480204e-05,-4.7428233483553737e-07,-0.007999999979801942,0.0010000003385357559,0.0,-0.007999999979801942,0.0010000003385357559,0.0,-0.0005802238547403249,9.588347893441096e-05,0.0,-0.0005802238547403249,9.588347893441096e-05,0.0
MBXHC.X0220120.S,MBXHC.X0220120,0.00905538516549323,0.00905538516549323,0.0014440196470066682,0.0014440196470066682,-0.0,False,Centre,-1.0000000000021927e-09,False,-0.009055066365754582,-7.585039219966179e-05,4.508349828829989e-06,-0.009000000090964022,0.000999999429041054,0.0,-0.009000000090964022,0.000999999429041054,0.0,-0.0014418388900594437,7.933067536214367e-05,0.0,-0.0014418388900594437,7.933067536214367e-05,0.0
MBXHC.X0220123.E,MBXHC.X0220123,0.008062257657437743,0.008062257657437743,0.0003800552197654207,0.0003800552197654207,-0.0,False,Centre,9.999999999996516e-10,False,-0.008062009376714842,6.327021231671635e-05,-4.742456503412926e-07,-0.007999999979801942,0.000999999429041054,0.0,-0.007999999979801942,0.000999999429041054,0.0,-0.00037332131341827335,7.12261680746451e-05,0.0,-0.00037332131341827335,7.12261680746451e-05,0.0
MBXHC.X0220123.S,MBXHC.X0220123,0.008124038356136998,0.008124038356136998,0.0010286904059784918,0.0010286904059784918,-0.0,False,Centre,9.999999999996516e-10,False,-0.00806174920612898,0.00010391100665058957,0.000998699880925605,-0.007999999979801942,0.000999999429041054,0.0010000003385357559,-0.007999999979801942,0.000999999429041054,0.0010000003385357559,-0.00023489462819270557,5.502533895196393e-05,0.0010000003385357559,-0.00023489462819270557,5.502533895196393e-05,0.0010000003385357559
MBXHC.X0220127.E,MBXHC.X0220127,0.008062257770246663,0.008062257770246663,0.00016911693260398788,0.00016911693260398788,-0.0,False,Centre,0.0,False,-0.00806182295956075,8.372990898223667e-05,-4.7428233483553737e-07,-0.007999999979801942,0.0010000003385357559,0.0,-0.007999999979801942,0.0010000003385357559,0.0,-0.00016255171431112103,4.666344466386363e-05,0.0,-0.00016255171431112103,4.666344466386363e-05,0.0
MBXHC.X0220127.S,MBXHC.X0220127,0.009110433581100176,0.009110433581100176,0.0014316766445919946,0.0014316766445919946,-0.0,False,Centre,0.0,False,-0.009055698002432421,-7.053046673985044e-05,-0.0009946653596264326,-0.008999999977277184,0.0010000003385357559,-0.000999999883788405,-0.008999999977277184,0.0010000003385357559,-0.000999999883788405,-0.0010240843266728916,3.081458999076858e-05,-0.000999999883788405,-0.0010240843266728916,3.081458999076858e-05,-0.000999999883788405
XSCI.X0220130.E,XSCI.X0220130,1.0005048727759953,0.009257935225140212,0.0012656929161916218,0.0012656929161916218,0.0,True,Centre,-6.989999999998386e-07,False,-0.00924103570707189,0.010386569246051615,1.0004082780979318,-0.012999999967178155,-0.029000000722589903,1.0000000002037268,-0.00914067265966878,0.0014095485312282108,0.00041308703657705337,-0.0011146304359499482,0.0004346684363554232,0.00041308703657705337,-0.0011146304359499482,0.0004346684363554232,0.00041308703657705337
XCHV.X0220130.E,XCHV.X0220130,0.009055385152938605,0.009055385152938605,0.0009328358205160033,0.0009328358205160033,-0.0,False,Entry,0.0,False,-0.009055365335662563,-1.8400566827785653e-05,4.508312577880284e-06,-0.008999999977277184,0.0010000003385357559,0.0,-0.008999999977277184,0.0010000003385357559,0.0,-0.000932610419113189,2.050546754617244e-05,0.0,-0.000932610419113189,2.050546754617244e-05,0.0
XCHV.X0220130.S,XCHV.X0220130,0.008062257770246663,0.008062257770246663,0.00010116485185687894,0.00010116485185687894,-0.0,False,Entry,0.0,False,-0.00806171022886717,9.395911205149715e-05,-4.7428233483553737e-07,-0.007999999979801942,0.0010000003385357559,0.0,-0.007999999979801942,0.0010000003385357559,0.0,9.976486126106465e-05,1.677199179539457e-05,0.0,9.976486126106465e-05,1.677199179539457e-05,0.0
QNL.X0220132.E,QNL.X0220132,0.00905538505250173,0.00905538505250173,0.0008571987207731342,0.0008571987207731342,-0.0,False,Entry,0.0,False,-0.009055365233372296,-1.8401469807055572e-05,4.508349262374529e-06,-0.008999999977277184,0.000999999429041054,0.0,-0.008999999977277184,0.000999999429041054,0.0,-0.0008571159924031235,1.1908923625014722e-05,0.0,-0.0008571159924031235,1.1908923625014722e-05,0.0
QNL.X0220132.S,QNL.X0220132,0.009433981204644363,0.009433981204644363,0.002334748265447834,0.002334748265447834,-0.0,False,Entry,0.0,False,-0.00916866444975709,0.0008931569941377399,-0.0020341740734673075,-0.008999999977277184,0.0020000006770715117,-0.00199999976757681,-0.008999999977277184,0.0020000006770715117,-0.00199999976757681,-0.0006830570100646582,0.0009922114259097725,-0.00199999976757681,-0.0006830570100646582,0.0009922114259097725,-0.00199999976757681
LSX.X0220134.E,LSX.X0220134,0.00812403830016146,0.00812403830016146,0.001061226501318858,0.001061226501318858,-0.0,False,Entry,0.0,False,-0.00806212499637216,5.331871801211057e-05,-0.000999647917854654,-0.007999999979801942,0.000999999429041054,-0.000999999883788405,-0.007999999979801942,0.000999999429041054,-0.000999999883788405,0.00035504228890204104,-1.2119926395826042e-05,-0.000999999883788405,0.00035504228890204104,-1.2119926395826042e-05,-0.000999999883788405
LSX.X0220134.S,LSX.X0220134,0.009000000090964022,0.009000000090964022,0.0011835836513060852,0.0011835836513060852,-0.0,False,Entry,0.0,False,-0.008942896074124058,-0.001011237122687361,4.484335478089781e-05,-0.009000000090964022,0.0,0.0,-0.009000000090964022,0.0,0.0,-0.0006062933834982687,-0.0010165031198994257,0.0,-0.0006062933834982687,-0.0010165031198994257,0.0
MCXCA.X0220135.E,MCXCA.X0220135,746.7115834570328,746.7115834570328,746.7055820465068,746.7055820465068,0.0,False,Entry,1.5707963269999998,False,-528.0002933339408,4.512840257736572e-05,-528.0093551332021,-527.2899999999936,38.08799999933399,527.3449999999684,-527.2899999999936,38.08799999933399,527.3449999999684,-527.2815748643325,38.086979967374646,527.3449999999684,-527.2815748643325,38.086979967374646,527.3449999999684
MCXCA.X0220135.S,MCXCA.X0220135,746.7115834570791,746.7115834570791,746.7055687234194,746.7055687234194,0.0,False,Entry,1.5707963269999998,False,-528.0002933339042,4.512930555644612e-05,-528.0093551333043,-527.2899999999936,38.08800000024348,527.3449999999684,-527.2899999999936,38.08800000024348,527.3449999999684,-527.2815561498874,38.08697785007098,527.3449999999684,-527.2815561498874,38.08697785007098,527.3449999999684
MBXHC.X0220137.E,MBXHC.X0220137,0.009055385152938605,0.009055385152938605,0.0005117661908789595,0.0005117661908789595,-0.0,False,Centre,0.0,False,-0.009055381393761483,-6.910622045447851e-06,4.508312577880284e-06,-0.008999999977277184,0.0010000003385357559,0.0,-0.008999999977277184,0.0010000003385357559,0.0,-0.000511040752826375,-2.72393663180992e-05,0.0,-0.000511040752826375,-2.72393663180992e-05,0.0
MBXHC.X0220137.S,MBXHC.X0220137,0.00927361852111874,0.00927361852111874,0.0014335737980224123,0.0014335737980224123,-0.0,False,Centre,0.0,False,-0.009167057360678034,0.0009454279812710338,-0.001035000364012045,-0.009000000090964022,0.00199999976757681,-0.000999999883788405,-0.009000000090964022,0.00199999976757681,-0.000999999883788405,-0.00037253357731970027,0.000957263182499446,-0.000999999883788405,-0.00037253357731970027,0.000957263182499446,-0.000999999883788405
MBXHC.X0220141.E,MBXHC.X0220141,0.010049875742806821,0.010049875742806821,0.0013061168873976555,0.0013061168873976555,-0.0,False,Centre,0.0,False,-0.010049445496510762,-9.250719529242024e-05,9.49090805705156e-06,-0.010000000088439265,0.0010000003385357559,0.0,-0.010000000088439265,0.0010000003385357559,0.0,-0.001305152295572043,-5.0187736633233726e-05,0.0,-0.001305152295572043,-5.0187736633233726e-05,0.0
MBXHC.X0220141.S,MBXHC.X0220141,0.009110433593578939,0.009110433593578939,0.001015886727184524,0.001015886727184524,-0.0,False,Centre,0.0,False,-0.009055939350028512,-2.456925071318564e-05,-0.000994665322375483,-0.009000000090964022,0.000999999429041054,-0.000999999883788405,-0.009000000090964022,0.000999999429041054,-0.000999999883788405,-0.00016660612800478702,-6.53335519018583e-05,-0.000999999883788405,-0.00016660612800478702,-6.53335519018583e-05,-0.000999999883788405
MBXHC.X0220144.E,MBXHC.X0220144,0.010099504980403335,0.010099504980403335,0.0014877908971655809,0.0014877908971655809,-0.0,False,Centre,1.0000000000157452e-09,False,-0.010048975092558601,-2.6368302566840244e-05,0.0010086650340665425,-0.009999999974752427,0.0010000003385357559,0.0010000003385357559,-0.009999999974752427,0.0010000003385357559,0.0010000003385357559,-0.001099203473131638,-7.261405698955059e-05,0.0010000003385357559,-0.001099203473131638,-7.261405698955059e-05,0.0010000003385357559
MBXHC.X0220144.S,MBXHC.X0220144,0.010049875539186093,0.010049875539186093,0.0009645878088135769,0.0009645878088135769,-0.0,False,Centre,1.0000000000157452e-09,False,-0.010049647683847487,-6.70052658269175e-05,9.490944175090343e-06,-0.009999999974752427,0.000999999429041054,0.0,-0.009999999974752427,0.000999999429041054,0.0,-0.0009606193316358258,-8.740789780858904e-05,0.0,-0.0009606193316358258,-8.740789780858904e-05,0.0
MBXHC.X0220147.E,MBXHC.X0220147,0.010246950684615041,0.010246950684615041,0.0016179565410302165,0.0016179565410302165,-0.0,False,Centre,0.0,False,-0.010152656260620601,0.0009929285076441276,0.0009683295747428412,-0.009999999974752427,0.00199999976757681,0.000999999883788405,-0.009999999974752427,0.00199999976757681,0.000999999883788405,-0.0008932390755944652,0.0009054874681169167,0.000999999883788405,-0.0008932390755944652,0.0009054874681169167,0.000999999883788405
MBXHC.X0220147.S,MBXHC.X0220147,0.010198038956846353,0.010198038956846353,0.0011676522798523977,0.0011676522798523977,-0.0,False,Centre,0.0,False,-0.010153432068261949,0.0009522943044025733,-3.0844097461471725e-05,-0.009999999974752427,0.00199999976757681,0.0,-0.009999999974752427,0.00199999976757681,0.0,-0.0007546177585027181,0.0008910465112421662,0.0,-0.0007546177585027181,0.0008910465112421662,0.0
QNL.X0220167.E,QNL.X0220167,0.011045361020178578,0.011045361020178578,0.000734647672678631,0.000734647672678631,-0.0,False,Entry,0.0,False,-0.011044574465587582,-0.0001310170137786546,1.4473502403311914e-05,-0.01099999997222767,0.0010000003385357559,0.0,-0.01099999997222767,0.0010000003385357559,0.0,-0.0007017733878456056,-0.00021730465959990397,0.0,-0.0007017733878456056,-0.00021730465959990397,0.0
QNL.X0220167.S,QNL.X0220167,0.011180339818597465,0.011180339818597465,0.000928972140568458,0.000928972140568458,-0.0,False,Entry,0.0,False,-0.01114696001180586,0.000862909112944824,-2.586150254875591e-05,-0.01099999997222767,0.00199999976757681,0.0,-0.01099999997222767,0.00199999976757681,0.0,-0.0005273981287245988,0.0007647486199857667,0.0,-0.0005273981287245988,0.0007647486199857667,0.0
QNL.X0220177.E,QNL.X0220177,0.012041594690007866,0.012041594690007866,0.0010998076189715092,0.0010998076189715092,-0.0,False,Entry,0.0,False,-0.012039319017426945,-0.0002332846658117933,1.9456097882483187e-05,-0.01200000008338975,0.0010000003385357559,0.0,-0.01200000008338975,0.0010000003385357559,0.0,-0.0010627600204315968,-0.0002830511220963672,0.0,-0.0010627600204315968,-0.0002830511220963672,0.0
QNL.X0220177.S,QNL.X0220177,0.011224972233261795,0.011224972233261795,0.0020255977379799576,0.0020255977379799576,-0.0,False,Entry,0.0,False,-0.011042919753464083,-4.9751538608023225e-05,0.002012821338434521,-0.011000000085914508,0.000999999429041054,0.002000000222324161,-0.011000000085914508,0.000999999429041054,0.002000000222324161,0.00011155896117998054,-0.0003009981810464524,0.002000000222324161,0.00011155896117998054,-0.0003009981810464524,0.002000000222324161
XCSV.X0220179.E,XCSV.X0220179,0.011224972081341354,0.011224972081341354,0.0012228622655304077,0.0012228622655304077,100.0,False,Entry,1.6000000000035083e-08,False,-0.011147787377664581,0.0008222759267996528,-0.0010250351747530689,-0.01099999997222767,0.00199999976757681,-0.000999999883788405,-0.01099999997222767,0.00199999976757681,-0.000999999883788405,0.00014025010841578478,0.0006897262210259214,-0.000999999883788405,0.00014025010841578478,0.0006897262210259214,-0.000999999883788405
XCSV.X0220179.S,XCSV.X0220179,0.011180339818597465,0.011180339818597465,0.000710624504030756,0.000710624504030756,100.0,False,Entry,1.6000000000035083e-08,False,-0.01114696001180586,0.000862909112944824,-2.586150254875591e-05,-0.01099999997222767,0.00199999976757681,0.0,-0.01099999997222767,0.00199999976757681,0.0,0.0001908348394863424,0.0006845211828476749,0.0,0.0001908348394863424,0.0006845211828476749,0.0
LSX.X0220195.E,LSX.X0220195,0.013038404803644642,0.013038404803644642,0.0009596707597334819,0.0009596707597334819,50.0,False,Entry,8.000000000017542e-09,False,-0.013034063343087607,-0.00033555229459196294,2.4438692228743543e-05,-0.012999999967178155,0.0010000003385357559,0.0,-0.012999999967178155,0.0010000003385357559,0.0,-0.000868080860527698,-0.00040914983401307836,0.0,-0.000868080860527698,-0.00040914983401307836,0.0
LSX.X0220195.S,LSX.X0220195,0.013190906054247758,0.013190906054247758,0.0014255715868777428,0.0014255715868777428,50.0,False,Entry,8.000000000017542e-09,False,-0.013135621616190085,0.0006990079407255852,0.0009832777771681277,-0.012999999967178155,0.0020000006770715117,0.0010000003385357559,-0.012999999967178155,0.0020000006770715117,0.0010000003385357559,-0.0008293617383969831,0.0005868669177289121,0.0010000003385357559,-0.0008293617383969831,0.0005868669177289121,0.0010000003385357559
XCHV.X0220196.E,XCHV.X0220196,0.013190906028392013,0.013190906028392013,0.0014022092388761257,0.0014022092388761257,20.0,False,Entry,3.0000000000472357e-09,False,-0.013137276368630197,0.000617740615882024,-0.0010150704387328151,-0.013000000080864993,0.00199999976757681,-0.0010000003385357559,-0.013000000080864993,0.00199999976757681,-0.0010000003385357559,-0.0007901154503997532,0.0005847286956850439,-0.0010000003385357559,-0.0007901154503997532,0.0005847286956850439,-0.0010000003385357559
XCHV.X0220196.S,XCHV.X0220196,0.013076696928014286,0.013076696928014286,0.0013225945738418426,0.0013225945738418426,20.0,False,Entry,3.0000000000472357e-09,False,-0.013034890822035678,-0.00037618549236361875,-0.0009747349794091138,-0.013000000080864993,0.0010000003385357559,-0.000999999883788405,-0.013000000080864993,0.0010000003385357559,-0.000999999883788405,-0.0007576413736387622,-0.0004186122168903239,-0.000999999883788405,-0.0007576413736387622,-0.0004186122168903239,-0.000999999883788405
LSX.X0220197.E,LSX.X0220197,0.012165524992501441,0.012165524992501441,0.0006431130725124501,0.0006431130725124501,6.0,False,Entry,0.0,False,-0.012141704450555872,0.0007606414725381699,-2.087890763604009e-05,-0.011999999969702912,0.00199999976757681,0.0,-0.011999999969702912,0.00199999976757681,0.0,0.00028148269848315977,0.0005782403604825959,0.0,0.00028148269848315977,0.0005782403604825959,0.0
LSX.X0220197.S,LSX.X0220197,0.012041594576713732,0.012041594576713732,0.0005327156976388083,0.0005327156976388083,6.0,False,Entry,0.0,False,-0.012039318904337593,-0.00023328465418530876,1.9456097316027735e-05,-0.011999999969702912,0.0010000003385357559,0.0,-0.011999999969702912,0.0010000003385357559,0.0,0.0003202018206138746,-0.00042574265535222366,0.0,0.0003202018206138746,-0.00042574265535222366,0.0
MCXCA.X0220198.E,MCXCA.X0220198,0.013152946620844179,0.013152946620844179,0.0008650831041920447,0.0008650831041920447,0.0,False,Entry,0.0,False,-0.013136449095514396,0.0006583747244760935,-1.5896348841363058e-05,-0.013000000080864993,0.0020000006770715117,0.0,-0.013000000080864993,0.0020000006770715117,0.0,-0.0006494077524621389,0.000571522832615301,0.0,-0.0006494077524621389,0.000571522832615301,0.0
MCXCA.X0220198.S,MCXCA.X0220198,0.013152946508479329,0.013152946508479329,0.0008498153185655498,0.0008498153185655498,0.0,False,Entry,0.0,False,-0.013136448982425048,0.000658374736102578,-1.5896349407818527e-05,-0.012999999967178155,0.0020000006770715117,0.0,-0.012999999967178155,0.0020000006770715117,0.0,-0.0006306726163529675,0.0005695947038475424,0.0,-0.0006306726163529675,0.0005695947038475424,0.0
XCSV.X0220213.E,XCSV.X0220213,0.014142135684491988,0.014142135684491988,0.0008802733543841652,0.0008802733543841652,-1.0,False,Entry,0.0,False,-0.01413119342117506,0.0005561070956959239,-1.0913754495102704e-05,-0.013999999964653398,0.0020000006770715117,0.0,-0.013999999964653398,0.0020000006770715117,0.0,-0.0007391971621473203,0.00047798403102206066,0.0,-0.0007391971621473203,0.00047798403102206066,0.0
XCSV.X0220213.S,XCSV.X0220213,0.014142135555869998,0.014142135555869998,0.0008352902828364486,0.0008352902828364486,-1.0,False,Entry,0.0,False,-0.014131193328055897,0.0005561061917248616,-1.0913717810608459e-05,-0.013999999964653398,0.00199999976757681,0.0,-0.013999999964653398,0.00199999976757681,0.0,-0.0006886450591991888,0.0004727344276034273,0.0,-0.0006886450591991888,0.0004727344276034273,0.0
QNL.X0220215.E,QNL.X0220215,0.014142135668414227,0.014142135668414227,0.0008082817187491851,0.0008082817187491851,-6.0,False,Entry,-2.0000000000314905e-09,False,-0.014131193441145247,0.000556106180098377,-1.0913717244153005e-05,-0.014000000078340236,0.00199999976757681,0.0,-0.014000000078340236,0.00199999976757681,0.0,-0.0006576876785402419,0.00046985769586171955,0.0,-0.0006576876785402419,0.00046985769586171955,0.0
QNL.X0220215.S,QNL.X0220215,0.014142135555869998,0.014142135555869998,0.0006617903832292859,0.0006617903832292859,-6.0,False,Entry,-2.0000000000314905e-09,False,-0.014131193328055897,0.0005561061917248616,-1.0913717810608459e-05,-0.013999999964653398,0.00199999976757681,0.0,-0.013999999964653398,0.00199999976757681,0.0,-0.0004834513447349309,0.00045193064579507336,0.0,-0.0004834513447349309,0.00045193064579507336,0.0
QNL.X0220225.E,QNL.X0220225,0.015066519150371384,0.015066519150371384,0.001547021526179039,0.001547021526179039,-20.0,False,Entry,-3.999999999954561e-09,False,-0.01502272485472891,-0.0004994543892600999,0.0010335775542584882,-0.01499999996212864,0.0010000003385357559,0.000999999883788405,-0.01499999996212864,0.0010000003385357559,0.000999999883788405,-0.0010194808055530302,-0.0005949241312919185,0.000999999883788405,-0.0010194808055530302,-0.0005949241312919185,0.000999999883788405
QNL.X0220225.S,QNL.X0220225,0.015132745994854062,0.015132745994854062,0.0009296893927954858,0.0009296893927954858,-20.0,False,Entry,-3.999999999954561e-09,False,-0.015125937879895258,0.0004538385396917228,-5.931122331437184e-06,-0.015000000075815478,0.00199999976757681,0.0,-0.015000000075815478,0.00199999976757681,0.0,-0.0008452446991213947,0.00038714824768248945,0.0,-0.0008452446991213947,0.00038714824768248945,0.0
XSCI.X0220256.E,XSCI.X0220256,1.0006407948881488,0.017102163075386898,0.0011492447237986371,0.0011492447237986371,0.0,True,Centre,-6.410000000000096e-07,False,-0.017093084742236746,0.00966169648049753,1.000448138820549,-0.020999999946980097,-0.0289999998130952,1.0000000002037268,-0.017039460203704948,0.0014017914509167895,0.00041923567550838925,-0.0009894786217046203,-0.00040735358197707683,0.00041923567550838925,-0.0009894786217046203,-0.00040735358197707683,0.00041923567550838925
XCON.X0220256.E,XCON.X0220256,0.017117242811748336,0.017117242811748336,0.0009502505019135238,0.0009502505019135238,0.0,False,Entry,-1.0000000000157452e-09,False,-0.01711542675739528,0.0002493032588784145,4.034067493994445e-06,-0.017000000070765964,0.00199999976757681,0.0,-0.017000000070765964,0.00199999976757681,0.0,-0.0009312801694250084,0.00018892660591518506,0.0,-0.0009312801694250084,0.00018892660591518506,0.0
XFFH.X0220258.E,XFFH.X0220258,0.01711724280510669,0.01711724280510669,0.0009293481348940191,0.0009293481348940191,-50.00000000000001,False,Entry,-8.000000000017542e-09,False,-0.0171154267374251,0.00024930417447596156,4.034030243044747e-06,-0.016999999957079126,0.0020000006770715117,0.0,-0.016999999957079126,0.0020000006770715117,0.0,-0.000909741061150271,0.00018989248928846791,0.0,-0.000909741061150271,0.00018989248928846791,0.0
XFFV.X0220257.E,XFFV.X0220257,0.01705872219278722,0.01705872219278722,0.0015742506073542373,0.0015742506073542373,-100.0,False,Entry,-1.6000000000035083e-08,False,-0.017012213845318286,-0.0007039896816998928,0.0010435427446503754,-0.017000000070765964,0.0010000003385357559,0.000999999883788405,-0.017000000070765964,0.0010000003385357559,0.000999999883788405,-0.0009094195547731942,-0.0008069828254519962,0.000999999883788405,-0.0009094195547731942,-0.0008069828254519962,0.000999999883788405
XFFH.X0220258.S,XFFH.X0220258,0.01711724280510669,0.01711724280510669,0.0009121148596572327,0.0009121148596572327,-50.0,False,Entry,-8.000000000017542e-09,False,-0.0171154267374251,0.00024930417447596156,4.034030243044747e-06,-0.016999999957079126,0.0020000006770715117,0.0,-0.016999999957079126,0.0020000006770715117,0.0,-0.0008925047723096213,0.0001881189746200107,0.0,-0.0008925047723096213,0.0001881189746200107,0.0
XFFV.X0220257.S,XFFV.X0220257,0.01802775646423467,0.01802775646423467,0.0020577761901837597,0.0020577761901837597,-100.0,False,Entry,-1.6000000000035083e-08,False,-0.018007785649927017,-0.0008468905082517183,4.935166735877809e-05,-0.018000000068241206,0.0010000003385357559,0.0,-0.018000000068241206,0.0010000003385357559,0.0,-0.0018921832634077873,-0.0008087554306257516,0.0,-0.0018921832634077873,-0.0008087554306257516,0.0
QNL.X0220260.E,QNL.X0220260,0.017117242698840185,0.017117242698840185,0.00088953680092303,0.00088953680092303,-0.0,False,Entry,-1.0000000000157452e-09,False,-0.01711542664430593,0.0002493032705048993,4.034066927538992e-06,-0.016999999957079126,0.00199999976757681,0.0,-0.016999999957079126,0.00199999976757681,0.0,-0.0008705712843948277,0.00018270566215505823,0.0,-0.0008705712843948277,0.00018270566215505823,0.0
QNL.X0220260.S,QNL.X0220260,0.017117242811748336,0.017117242811748336,0.000715565770101597,0.000715565770101597,-0.0,False,Entry,-1.0000000000157452e-09,False,-0.01711542675739528,0.0002493032588784145,4.034067493994445e-06,-0.017000000070765964,0.00199999976757681,0.0,-0.017000000070765964,0.00199999976757681,0.0,-0.0006963351779631921,0.00016477770259371027,0.0,-0.0006963351779631921,0.00016477770259371027,0.0
XFFH.X0220262.E,XFFH.X0220262,0.018027756350722873,0.018027756350722873,0.001861314441407241,0.001861314441407241,-0.0,False,Entry,0.0,False,-0.01800778553683767,-0.0008468904966252334,4.935166679232264e-05,-0.01799999995455437,0.0010000003385357559,0.0,-0.01799999995455437,0.0010000003385357559,0.0,-0.0016615980484857573,-0.0008387987691094168,0.0,-0.0016615980484857573,-0.0008387987691094168,0.0
XFFH.X0220262.S,XFFH.X0220262,0.018027756350722873,0.018027756350722873,0.0018519161228202593,0.0018519161228202593,-0.0,False,Entry,0.0,False,-0.01800778553683767,-0.0008468904966252334,4.935166679232264e-05,-0.01799999995455437,0.0010000003385357559,0.0,-0.01799999995455437,0.0010000003385357559,0.0,-0.0016504819768670131,-0.0008399420039495453,0.0,-0.0016504819768670131,-0.0008399420039495453,0.0
QNL.X0220295.E,QNL.X0220295,0.020099751259368377,0.020099751259368377,0.0017107496603934998,0.0017107496603934998,-0.0,False,Entry,-1.0000000000157452e-09,False,-0.020099660053675136,-5.74987467440009e-05,1.89818149811922e-05,-0.019999999949504854,0.0020000006770715117,0.0,-0.019999999949504854,0.0020000006770715117,0.0,-0.001710291940071329,-3.9571204979438335e-05,0.0,-0.001710291940071329,-3.9571204979438335e-05,0.0
QNL.X0220295.S,QNL.X0220295,0.020223748494390032,0.020223748494390032,0.0018021587019573025,0.0018021587019573025,-0.0,False,Entry,-1.0000000000157452e-09,False,-0.020202045712982765,0.0009364273683529927,-2.135318940442017e-05,-0.020000000063191692,0.003000000106112566,0.0,-0.020000000063191692,0.003000000106112566,0.0,-0.0015360558336396934,0.0009425011739949696,0.0,-0.0015360558336396934,0.0009425011739949696,0.0
QNL.X0220305.E,QNL.X0220305,0.020248456691423354,0.020248456691423354,0.001717014528714924,0.001717014528714924,-0.0,False,Entry,-1.0000000000157452e-09,False,-0.02020121825362864,0.0009770596690049378,0.0009778209738560203,-0.020000000063191692,0.002999999196617864,0.0010000003385357559,-0.020000000063191692,0.002999999196617864,0.0010000003385357559,-0.0010713010851759464,0.000894679942575749,0.0010000003385357559,-0.0010713010851759464,0.000894679942575749,0.0010000003385357559
QNL.X0220305.S,QNL.X0220305,0.019235383888990442,0.019235383888990442,0.0008827747727555962,0.0008827747727555962,-0.0,False,Entry,-1.0000000000157452e-09,False,-0.01920730106802424,0.0010386941164150692,-2.633574819909719e-05,-0.01899999995202961,0.002999999196617864,0.0,-0.01899999995202961,0.002999999196617864,0.0,0.00010293524610460736,0.0008767528925091028,0.0,0.00010293524610460736,0.0008767528925091028,0.0
MBNV.X0220309.E,MBNV.X0220309,0.020223748494390032,0.020223748494390032,0.0011896720726542972,0.0011896720726542972,-0.0,False,Entry,1.570796342,True,1.814487704808336e-05,0.0009364950284625981,-0.020202045712982755,-0.020000000063191692,0.003000000106112566,0.0,-0.020000000063191692,0.003000000106112566,0.0,-0.0008194439260478248,0.0008624565452919342,0.0,-0.0008194439260478248,0.0008624565452919342,0.0
MBNV.X0220309.S,MBNV.X0220309,0.020223748381960987,0.020223748381960987,0.0010203646809272334,0.0010203646809272334,-0.0,False,Entry,1.570796342,True,1.814487757470333e-05,0.0009364950400909553,-0.020202045599893404,-0.019999999949504854,0.003000000106112566,0.0,-0.019999999949504854,0.003000000106112566,0.0,-0.0005821011654916219,0.0008380347935599275,0.0,-0.0005821011654916219,0.0008380347935599275,0.0
MBNV.X0220315.E,MBNV.X0220315,0.02109502303491208,0.02109502303491208,0.001474548926926124,0.001474548926926124,-1.52,False,Entry,1.570796327,True,-2.2321125022609343e-05,-0.00016000515426043554,-0.021094404399305974,-0.020999999946980097,0.00199999976757681,0.0,-0.020999999946980097,0.00199999976757681,0.0,-0.0014649816648670821,-0.0001676999090705067,0.0,-0.0014649816648670821,-0.0001676999090705067,0.0
MBNV.X0220315.S,MBNV.X0220315,0.021095023148086815,0.021095023148086815,0.0012425227848940044,0.0012425227848940044,1.5200000000000005,False,Entry,1.570796327,True,-2.2321125469540243e-05,-0.00016000516589212787,-0.02109440451239532,-0.021000000060666935,0.00199999976757681,0.0,-0.021000000060666935,0.00199999976757681,0.0,-0.0012275786502868868,-0.00019212893676012754,0.0,-0.0012275786502868868,-0.00019212893676012754,0.0
MBNV.X0220321.E,MBNV.X0220321,0.021095023148086815,0.021095023148086815,0.0011294582421675344,0.0011294582421675344,-15.200000000000001,False,Entry,1.5707963269999998,True,-2.122425700862891e-05,-0.00016015435263777914,-0.02109440451239532,-0.021000000060666935,0.00199999976757681,0.0,-0.021000000060666935,0.00199999976757681,0.0,-0.0011108568287454545,-0.00020413972379174083,0.0,-0.0011108568287454545,-0.00020413972379174083,0.0
MBNV.X0220321.S,MBNV.X0220321,0.02211334430595967,0.02211334430595967,0.0021358361482451214,0.0021358361482451214,15.200000000000003,False,Entry,1.5707963269999998,True,-0.0010241774554246481,-0.0002389800715294595,-0.02208832147219727,-0.02199999994445534,0.00199999976757681,0.000999999883788405,-0.02199999994445534,0.00199999976757681,0.000999999883788405,-0.001873378664640768,-0.00022857966541778296,0.000999999883788405,-0.001873378664640768,-0.00022857966541778296,0.000999999883788405
XFFH.X0220324.E,XFFH.X0220324,0.02222611072500736,0.02222611072500736,0.0022008461703449662,0.0022008461703449662,0.0,False,Entry,0.0,False,-0.022192361843252153,0.0007118844718566802,-0.0009961396875853526,-0.02199999994445534,0.003000000106112566,-0.000999999883788405,-0.02199999994445534,0.003000000106112566,-0.000999999883788405,-0.0018053788153338246,0.0007644157449249178,-0.000999999883788405,-0.0018053788153338246,0.0007644157449249178,-0.000999999883788405
XFFV.X0220323.E,XFFV.X0220323,0.02121320339811598,0.02121320339811598,0.001108898355930725,0.001108898355930725,-0.0,False,Entry,0.0,False,-0.021196790038643422,0.000834319999327568,7.786069645802324e-07,-0.020999999946980097,0.003000000106112566,0.0,-0.020999999946980097,0.003000000106112566,0.0,-0.0008035041219045524,0.000764222932048142,0.0,-0.0008035041219045524,0.000764222932048142,0.0
XFFH.X0220324.S,XFFH.X0220324,0.022113344419063794,0.022113344419063794,0.002062463426632562,0.002062463426632562,-0.0,False,Entry,0.0,False,-0.02208997631700406,-0.0002826616542167344,-0.0009762428486679611,-0.022000000058142177,0.00199999976757681,-0.000999999883788405,-0.022000000058142177,0.00199999976757681,-0.000999999883788405,-0.0017881319536172668,-0.0002373599272686988,-0.000999999883788405,-0.0017881319536172668,-0.0002373599272686988,-0.000999999883788405
XFFV.X0220323.S,XFFV.X0220323,0.021236760672516848,0.021236760672516848,0.0014830804079890834,0.0014830804079890834,0.0,False,Entry,0.0,False,-0.02119596278549781,0.0008544070747996379,0.0010005768376705824,-0.021000000060666935,0.003000000106112566,0.0010000003385357559,-0.021000000060666935,0.003000000106112566,0.0010000003385357559,-0.0007862572601879947,0.0007624475983902812,0.0010000003385357559,-0.0007862572601879947,0.0007624475983902812,0.0010000003385357559
MBNV.X0220327.E,MBNV.X0220327,0.026076809537534214,0.026076809537534214,0.005690602625019475,0.0036599317360256284,-1.52,False,Entry,1.570799781,True,-3.277049139547547e-05,-0.0006720845781105154,-0.026068126593056032,-0.02599999993435631,0.00199999976757681,0.0,-0.02599999993435631,0.00199999976757681,0.0,-0.005685196015292604,-0.00024800101527944207,0.0,-0.0036313236932983273,-0.000456706402474083,2.794422471197322e-06
MBNV.X0220327.S,MBNV.X0220327,0.0392300904102073,0.0392300904102073,0.01870420396039277,0.004649569636976187,1.5200000000000005,False,Entry,1.570799781,True,-0.003048738363030022,-0.0009581414065343298,-0.03909970783819123,-0.038999999901534466,0.003000000106112566,0.003000000106112566,-0.038999999901534466,0.003000000106112566,0.003000000106112566,-0.018447699744683632,0.0007277494660229422,0.003000000106112566,-0.003442459274083376,-0.000803654984338209,0.003020283202204155
MBNV.X0220333.E,MBNV.X0220333,0.024083189191192164,0.024083189191192164,0.0033434978253498496,0.0033434978253498496,-0.0,False,Entry,1.570799068,True,-2.4509819684821387e-05,-0.00046754807712452186,-0.02407863782864536,-0.024000000053092663,0.00199999976757681,0.0,-0.024000000053092663,0.00199999976757681,0.0,-0.003331375751258747,-0.00028445265343179926,0.0,-0.003331375751258747,-0.00028445265343179926,0.0
MBNV.X0220333.S,MBNV.X0220333,0.02437211518036197,0.02437211518036197,0.0043646151411381815,0.0043646151411381815,-0.0,False,Entry,1.570799068,True,-0.003014690487796271,0.0005565809141721708,-0.02417854125694105,-0.023999999939405825,0.003000000106112566,0.003000000106112566,-0.023999999939405825,0.003000000106112566,0.003000000106112566,-0.0030938609825170715,0.0006912950993864797,0.003000000106112566,-0.0030938609825170715,0.0006912950993864797,0.003000000106112566
MBNV.X0220339.E,MBNV.X0220339,0.039115214454530825,0.039115214454530825,0.017990247575789615,0.017990247575789615,-0.0,False,Entry,1.570823742,True,-3.533621161105577e-05,-0.0010087053731150618,-0.03910219004923298,-0.0390000000152213,0.003000000106112566,0.0,-0.0390000000152213,0.003000000106112566,0.0,-0.017977457332563063,0.0006782593118259683,0.0,-0.017977457332563063,0.0006782593118259683,0.0
MBNV.X0220339.S,MBNV.X0220339,0.038327535770860684,0.038327535770860684,0.01708686886718397,0.01708686886718397,-0.0,False,Entry,1.570823742,True,-0.003031338031381579,9.729290328025111e-05,-0.03820734905874885,-0.03800000001774606,0.00399999953515362,0.003000000106112566,-0.03800000001774606,0.00399999953515362,0.003000000106112566,-0.016739763964324084,0.001655714186199475,0.003000000106112566,-0.016739763964324084,0.001655714186199475,0.003000000106112566
QNL.X0220343.E,QNL.X0220343,0.023086792796503993,0.023086792796503993,0.0016987450745068573,0.0016987450745068573,-0.0,False,Entry,0.0,False,-0.023083893389895357,-0.0003653892760994887,1.8928010091353926e-05,-0.02300000005561742,0.00199999976757681,0.0,-0.02300000005561742,0.00199999976757681,0.0,-0.0016616000948488363,-0.0003532986738719046,0.0,-0.0016616000948488363,-0.0003532986738719046,0.0
QNL.X0220343.S,QNL.X0220343,0.024186773197931048,0.024186773197931048,0.0025654617982719804,0.0025654617982719804,-0.0,False,Entry,0.0,False,-0.024181023374863646,0.0005269687763092335,2.0252931867439908e-05,-0.024000000053092663,0.002999999196617864,0.0,-0.024000000053092663,0.002999999196617864,0.0,-0.002487220399416401,0.0006287518772296607,0.0,-0.002487220399416401,0.0006287518772296607,0.0
QNL.X0220353.E,QNL.X0220353,0.023194827078361173,0.023194827078361173,0.001176421367597169,0.001176421367597169,-0.0,False,Entry,0.0,False,-0.023186279029232797,0.0006293556940714437,1.947778160788052e-05,-0.02300000005561742,0.003000000106112566,0.0,-0.02300000005561742,0.003000000106112566,0.0,-0.0010229576901110704,0.0005809688445879146,0.0,-0.0010229576901110704,0.0005809688445879146,0.0
QNL.X0220353.S,QNL.X0220353,0.023086792796503993,0.023086792796503993,0.0009544824019838296,0.0009544824019838296,-0.0,False,Entry,0.0,False,-0.023083893389895357,-0.0003653892760994887,1.8928010091353926e-05,-0.02300000005561742,0.00199999976757681,0.0,-0.02300000005561742,0.00199999976757681,0.0,-0.0008485781108902302,-0.00043698037188732997,0.0,-0.0008485781108902302,-0.00043698037188732997,0.0
QNL.X0220370.E,QNL.X0220370,0.025179356465639888,0.025179356465639888,0.00203616110419911,0.00203616110419911,-0.0,False,Entry,0.0,False,-0.02517576770052431,0.00042458277490193944,2.102808253888896e-05,-0.024999999936881068,0.002999999196617864,0.0,-0.024999999936881068,0.002999999196617864,0.0,-0.0019803048871835927,0.00047365028876811266,0.0,-0.0019803048871835927,0.00047365028876811266,0.0
QNL.X0220370.S,QNL.X0220370,0.02507987232651635,0.02507987232651635,0.001886166896247212,0.001886166896247212,-0.0,False,Entry,0.0,False,-0.02507338215430603,-0.0005701612905540193,2.0478311522376478e-05,-0.024999999936881068,0.00199999976757681,0.0,-0.024999999936881068,0.00199999976757681,0.0,-0.0018059253079627524,-0.0005442971087177284,0.0,-0.0018059253079627524,-0.0005442971087177284,0.0
MDSV.X0220372.E,MDSV.X0220372,568.3905339897794,568.3905339897794,568.3739913250241,568.3739913250241,0.0,False,Entry,1.570796327,False,-401.90072078326386,0.0007283843978383997,-401.9248807458293,-400.12400000000525,41.37300000002142,401.56800000022486,-400.12400000000525,41.37300000002142,401.56800000022486,-400.10076373971515,41.370451356669946,401.56800000022486,-400.10076373971515,41.370451356669946,401.56800000022486
MDSV.X0220372.S,MDSV.X0220372,568.3898274901478,568.3898274901478,568.3732616827347,568.3732616827347,0.0,False,Entry,1.570796327,False,-401.89972078383164,0.0007288519154810547,-401.92488157319514,-400.12400000000525,41.37300000002142,401.56700000034107,-400.12400000000525,41.37300000002142,401.56700000034107,-400.100731238922,41.37044801154843,401.56700000034107,-400.100731238922,41.37044801154843,401.56700000034107
XSCI.X0220374.E,XSCI.X0220374,1.0254691608299003,0.025420508159898592,0.0019719224711549077,0.0019719224711549077,-1.0,True,Centre,-3.150000000002977e-07,False,-1.025419757459769,0.010064752633341844,-0.0001468971033906646,-1.0189999999283827,0.11499999982333975,-0.000999999883788405,-0.025278723001065373,0.002675852556421887,-0.00016796320778666995,-0.00196115615835879,0.00011888278095284477,-0.00016796320778666995,-0.00196115615835879,0.00011888278095284477,-0.00016796320778666995
MBNH.X0220377.E,MBNH.X0220377,0.07642643524880124,0.07642643524880124,0.05289578366307532,0.05289578366307532,-0.0,False,Entry,0.00014403700000000007,False,-0.07641897418572202,-9.880831164091085e-05,0.0010633090607707514,-0.07600000003549212,0.007999999979801942,0.000999999883788405,-0.07600000003549212,0.007999999979801942,0.000999999883788405,-0.05260631610326527,0.005435019374999683,0.000999999883788405,-0.05260631610326527,0.005435019374999683,0.000999999883788405
MBNH.X0220377.S,MBNH.X0220377,0.07758221453041753,0.07758221453041753,0.05383627893574975,0.05383627893574975,-0.0,False,Entry,0.00014403700000000007,False,-0.0775176498389556,0.0007886682518378578,0.0030646333022634896,-0.07700000003296736,0.009000000318337698,0.003000000106112566,-0.07700000003296736,0.009000000318337698,0.003000000106112566,-0.05336909464404016,0.006409732122847345,0.003000000106112566,-0.05336909464404016,0.006409732122847345,0.003000000106112566
MBNH.X0220382.E,MBNH.X0220382,0.026191601667333655,0.026191601667333655,0.00249734113335567,0.00249734113335567,-20.0,False,Entry,-4.999999999970306e-09,False,-0.02617163305623468,3.923585660515721e-05,0.0010218031207803685,-0.02599999993435631,0.003000000106112566,0.0010000003385357559,-0.02599999993435631,0.003000000106112566,0.0010000003385357559,-0.0022534655954586924,0.00039825226849643514,0.0010000003385357559,-0.0022534655954586924,0.00039825226849643514,0.0010000003385357559
MBNH.X0220382.S,MBNH.X0220382,0.026191601649971318,0.026191601649971318,0.002281016109153783,0.002281016109153783,-19.999999999999996,False,Entry,-4.999999999970306e-09,False,-0.026171633056613193,3.9235856813686135e-05,0.001021802666033223,-0.02599999993435631,0.003000000106112566,0.000999999883788405,-0.02599999993435631,0.003000000106112566,0.000999999883788405,-0.0020162370901743998,0.00037124482332728803,0.000999999883788405,-0.0020162370901743998,0.00037124482332728803,0.000999999883788405
XCSV.X0220386.E,XCSV.X0220386,0.026076809720641254,0.026076809720641254,0.00204953475828124,0.00204953475828124,-0.0,False,Entry,0.0,False,-0.026055747859659296,-0.001047643532269795,2.1253462870088525e-05,-0.026000000048043148,0.0020000006770715117,0.0,-0.026000000048043148,0.0020000006770715117,0.0,-0.0019477238311083056,-0.0006379377737175673,0.0,-0.0019477238311083056,-0.0006379377737175673,0.0
XCSV.X0220386.S,XCSV.X0220386,0.026076809537534214,0.026076809537534214,0.0020034623701736167,0.0020034623701736167,-0.0,False,Entry,0.0,False,-0.026055747640619197,-0.0010476444222846258,2.1253462281949975e-05,-0.02599999993435631,0.00199999976757681,0.0,-0.02599999993435631,0.00199999976757681,0.0,-0.0018971776398757356,-0.0006438776836148463,0.0,-0.0018971776398757356,-0.0006438776836148463,0.0
MCXCA.X0220387.E,MCXCA.X0220387,746.7230282380874,746.7230282380874,746.7058485450365,746.7058485450365,0.0,False,Entry,1.570796327,False,-527.9996167467386,-0.0002662540463868601,-528.0262167887934,-524.8279999999568,61.90599999990809,527.5590000001102,-524.8279999999568,61.90599999990809,527.5590000001102,-524.8038687764165,61.90335279734427,527.5590000001102,-524.8038687764165,61.90335279734427,527.5590000001102
MCXCA.X0220387.S,MCXCA.X0220387,746.722325396994,746.722325396994,746.7051323804048,746.7051323804048,0.0,False,Entry,1.570796327,False,-527.9996159715885,-0.00014956160289403275,-528.0252236211135,-524.827000000073,61.906000000817585,527.5590000001102,-524.827000000073,61.906000000817585,527.5590000001102,-524.8028500558348,61.903350599095575,527.5590000001102,-524.8028500558348,61.903350599095575,527.5590000001102
MBXGD.X0220389.E,MBXGD.X0220389,0.026172504716494353,0.026172504716494353,0.0018279495646376215,0.0018279495646376215,-2.0,False,Entry,-1.0000000000157452e-09,False,-0.026172438940980407,-5.447599988949592e-05,2.180323388660101e-05,-0.026000000048043148,0.003000000106112566,0.0,-0.026000000048043148,0.003000000106112566,0.0,-0.0017952345388039248,0.0003442855813773349,0.0,-0.0017952345388039248,0.0003442855813773349,0.0
MBXGD.X0220389.S,MBXGD.X0220389,0.025199206286621013,0.025199206286621013,0.0012371024976237243,0.0012371024976237243,-2.0,False,Entry,-1.0000000000157452e-09,False,-0.02517843692735079,6.175908835012088e-05,0.0010210275148617599,-0.025000000050567905,0.002999999196617864,0.000999999883788405,-0.025000000050567905,0.002999999196617864,0.000999999883788405,-0.0006506164709207951,0.0003272934918641113,0.000999999883788405,-0.0006506164709207951,0.0003272934918641113,0.000999999883788405
MBNH.X0220394.E,MBNH.X0220394,0.025199206394897585,0.025199206394897585,0.0011836963309428867,0.0011836963309428867,-6.0,False,Entry,-2.0000000000314905e-09,False,-0.025178496268585614,-2.8833978953634007e-05,0.001021027515361774,-0.025000000050567905,0.003000000106112566,0.000999999883788405,-0.025000000050567905,0.003000000106112566,0.000999999883788405,-0.0005491893944054027,0.0003154809746774845,0.000999999883788405,-0.0005491893944054027,0.0003154809746774845,0.000999999883788405
MBNH.X0220394.S,MBNH.X0220394,0.026172504716494353,0.026172504716494353,0.0013431315249171972,0.0013431315249171972,-6.0,False,Entry,-2.0000000000314905e-09,False,-0.026172073517592917,-0.00014864569830036478,2.180323388660101e-05,-0.026000000048043148,0.003000000106112566,0.0,-0.026000000048043148,0.003000000106112566,0.0,-0.001312161316491256,0.0002867664079531096,0.0,-0.001312161316491256,0.0002867664079531096,0.0
MBNH.X0220399.E,MBNH.X0220399,0.0274590605566151,0.0274590605566151,0.003921559815754871,0.0024921252976459504,-0.0,False,Entry,1.0999999999847937e-08,False,-0.0272920979541397,0.0005288075003300058,-0.0029768705952886837,-0.02700000004551839,0.004000000444648322,-0.003000000106112566,-0.02700000004551839,0.004000000444648322,-0.003000000106112566,-0.0021828943772561615,0.0012702766980510205,-0.003000000106112566,-0.002346044198020536,-1.3741555449087173e-05,-0.0008405809239775408
MBNH.X0220399.S,MBNH.X0220399,0.03163858390174025,0.03163858390174025,0.016165533239605588,0.0021335325259674454,-0.0,False,Entry,1.0999999999847937e-08,False,-0.027303003131951744,0.0005346115439787445,-0.015976864579169962,-0.026999999931831553,0.00399999953515362,-0.015999999959603883,-0.026999999931831553,0.00399999953515362,-0.015999999959603883,-0.0019460790099401493,0.0012398559192661196,-0.015999999959603883,-0.0021266099565764307,-3.5791344998870045e-05,-0.0001679586603131611
XFFV.X0220402.E,XFFV.X0220402,0.026172504612244345,0.026172504612244345,0.0009238932925271499,0.0009238932925271499,-50.00000000000001,False,Entry,-8.000000000017542e-09,False,-0.026168944213029427,-0.0004311392725322231,2.1803233386586896e-05,-0.026000000048043148,0.002999999196617864,0.0,-0.026000000048043148,0.002999999196617864,0.0,-0.000893201217877504,0.000236157575272955,0.0,-0.000893201217877504,0.000236157575272955,0.0
XFFV.X0220402.S,XFFV.X0220402,0.027166155358378914,0.027166155358378914,0.0018905324202541883,0.0018905324202541883,-50.0,False,Entry,-8.000000000017542e-09,False,-0.027160329859595905,-0.000562111279084326,2.2578384558050066e-05,-0.026999999931831553,0.003000000106112566,0.0,-0.026999999931831553,0.003000000106112566,0.0,-0.0018760089233182953,0.00023388747649732977,0.0,-0.0018760089233182953,0.00023388747649732977,0.0
XFFH.X0220403.E,XFFH.X0220403,0.027166155358378914,0.027166155358378914,0.0018763574007057346,0.0018763574007057346,-2.0,False,Entry,-1.0000000000157452e-09,False,-0.027160329859595905,-0.000562111279084326,2.2578384558050066e-05,-0.026999999931831553,0.003000000106112566,0.0,-0.026999999931831553,0.003000000106112566,0.0,-0.0018623261439643102,0.00022903805074747652,0.0,-0.0018623261439643102,0.00022903805074747652,0.0
XFFH.X0220403.S,XFFH.X0220403,0.027184554377866047,0.027184554377866047,0.002110910229668006,0.002110910229668006,-2.0,False,Entry,-1.0000000000157452e-09,False,-0.027159489381041336,-0.0005625547909874901,0.0010225778167927966,-0.026999999931831553,0.003000000106112566,0.000999999883788405,-0.026999999931831553,0.003000000106112566,0.000999999883788405,-0.0018451339656166965,0.00022676613298244774,0.000999999883788405,-0.0018451339656166965,0.00022676613298244774,0.000999999883788405
XSCI.X0220408.E,XSCI.X0220408,0.027166155471370412,0.027166155471370412,0.0016347315147544413,0.0016347315147544413,0.0,False,Centre,0.0,False,-0.0271603299723034,-0.0005621112939742237,2.2578384646174503e-05,-0.02700000004551839,0.003000000106112566,0.0,-0.02700000004551839,0.003000000106112566,0.0,-0.0016227886590058915,0.00019724120647879317,0.0,-0.0016227886590058915,0.00019724120647879317,0.0
QNL.X0220423.E,QNL.X0220423,0.028284271224284226,0.028284271224284226,0.00202610548951216,0.00202610548951216,-6.0,False,Entry,-1.0000000000157452e-09,False,-0.02828268805818154,0.00029830106337495345,2.3903306422260488e-05,-0.028000000042993634,0.00399999953515362,0.0,-0.028000000042993634,0.00399999953515362,0.0,-0.001715646249067504,0.0010778039722936228,0.0,-0.001715646249067504,0.0010778039722936228,0.0
QNL.X0220423.S,QNL.X0220423,0.02816025562167105,0.02816025562167105,0.0015428304809093703,0.0015428304809093703,-6.0,False,Entry,-1.0000000000157452e-09,False,-0.028151715499751068,-0.0006930842021865012,2.3353535317623564e-05,-0.027999999929306796,0.003000000106112566,0.0,-0.027999999929306796,0.003000000106112566,0.0,-0.0015418553402923862,5.484525900101289e-05,0.0,-0.0015418553402923862,5.484525900101289e-05,0.0
MBXHD.X0220432.E,MBXHD.X0220432,0.028160255734710912,0.028160255734710912,0.0010764333088915258,0.0010764333088915258,-0.0,False,Entry,1.570796327,True,-2.3353535405749722e-05,-0.0006930842170763986,-0.02815171561245855,-0.028000000042993634,0.003000000106112566,0.0,-0.028000000042993634,0.003000000106112566,0.0,-0.0010764101716631558,-7.057678885757923e-06,0.0,-0.0010764101716631558,-7.057678885757923e-06,0.0
MBXHD.X0220432.S,MBXHD.X0220432,0.028160255734710912,0.028160255734710912,0.000998883915015837,0.000998883915015837,-0.0,False,Entry,1.570796327,True,-2.3353535405749722e-05,-0.0006930842170763986,-0.02815171561245855,-0.028000000042993634,0.003000000106112566,0.0,-0.028000000042993634,0.003000000106112566,0.0,-0.0009987337534766993,-1.7319507605861872e-05,0.0,-0.0009987337534766993,-1.7319507605861872e-05,0.0
XFFH.X0220442.E,XFFH.X0220442,0.02927456243745381,0.02927456243745381,0.0016936657595205465,0.0016936657595205465,-50.00000000000001,False,Entry,-7.0000000000017965e-09,False,-0.029274073817455514,0.00016732904193295287,2.4678457681848092e-05,-0.029000000040468876,0.004000000444648322,0.0,-0.029000000040468876,0.004000000444648322,0.0,-0.0014281108633440454,0.0009104960554395802,0.0,-0.0014281108633440454,0.0009104960554395802,0.0
XFFV.X0220441.E,XFFV.X0220441,0.029154759525399455,0.029154759525399455,0.0014314003203946893,0.0014314003203946893,-0.0,False,Entry,0.0,False,-0.029143101252613723,-0.0008240571401785738,2.41286861653215e-05,-0.029000000040468876,0.003000000106112566,0.0,-0.029000000040468876,0.003000000106112566,0.0,-0.0014283995142250205,-9.263749234378338e-05,0.0,-0.0014283995142250205,-9.263749234378338e-05,0.0
XFFH.X0220442.S,XFFH.X0220442,0.02915475941231609,0.02915475941231609,0.0014139002507149196,0.0014139002507149196,-50.0,False,Entry,-7.0000000000017965e-09,False,-0.029143101139906227,-0.0008240571252886766,2.4128686077197058e-05,-0.02899999992678204,0.003000000106112566,0.0,-0.02899999992678204,0.003000000106112566,0.0,-0.001410918571309594,-9.177529136650264e-05,0.0,-0.001410918571309594,-9.177529136650264e-05,0.0
XFFV.X0220441.S,XFFV.X0220441,0.028160255734710912,0.028160255734710912,0.00042201777823558525,0.00042201777823558525,0.0,False,Entry,0.0,False,-0.028151715612458564,-0.0006930842170763986,2.3353535405748e-05,-0.028000000042993634,0.003000000106112566,0.0,-0.028000000042993634,0.003000000106112566,0.0,-0.00041120722471532645,-9.490850061411038e-05,0.0,-0.00041120722471532645,-9.490850061411038e-05,0.0
QNL.X0220444.E,QNL.X0220444,0.029154759525399455,0.029154759525399455,0.0013777010670014227,0.0013777010670014227,0.0,False,Entry,0.0,False,-0.029143101252613723,-0.0008240571401785738,2.41286861653215e-05,-0.029000000040468876,0.003000000106112566,0.0,-0.029000000040468876,0.003000000106112566,0.0,-0.0013740807389694965,-9.981158655136824e-05,0.0,-0.0013740807389694965,-9.981158655136824e-05,0.0
QNL.X0220444.S,QNL.X0220444,0.030149626911677076,0.030149626911677076,0.002203712438761491,0.002203712438761491,0.0,False,Entry,0.0,False,-0.03013448689276889,-0.0009550300632807495,2.4903836924894996e-05,-0.03000000003794412,0.003000000106112566,0.0,-0.03000000003794412,0.003000000106112566,0.0,-0.002200289941356459,-0.00012277087080292404,0.0,-0.002200289941356459,-0.00012277087080292404,0.0
XSCI.X0220446.E,XSCI.X0220446,0.030166206302432188,0.03016156249560394,0.002375626083212372,0.002375626083212372,-2.0,True,Entry,6.459999999999799e-07,False,-0.03013364641421432,-0.0009554735751839137,0.0010249032691596414,-0.03000000003794412,0.003000000106112566,0.000999999883788405,-0.02999461355557287,0.0030071596484049223,0.0010000003385357559,-0.0021514873651540256,-0.00012124655768275261,0.0010000003385357559,-0.0021514873651540256,-0.00012124655768275261,0.0010000003385357559
XEMC.X0220447.E,XEMC.X0220447,0.029154759318729868,0.029154759318729868,0.0011519291198260667,0.0011519291198260667,-0.0,False,Entry,0.0,False,-0.02914310102078741,-0.0008240580269488513,2.412868557718295e-05,-0.02899999992678204,0.002999999196617864,0.0,-0.02899999992678204,0.002999999196617864,0.0,-0.0011445524705777643,-0.00013015505828661844,0.0,-0.0011445524705777643,-0.00013015505828661844,0.0
XEMC.X0220447.S,XEMC.X0220447,0.029154759525399455,0.029154759525399455,0.001115997683202955,0.001115997683202955,-0.0,False,Entry,0.0,False,-0.029143101252613723,-0.0008240571401785738,2.41286861653215e-05,-0.029000000040468876,0.003000000106112566,0.0,-0.029000000040468876,0.003000000106112566,0.0,-0.0011078010402343352,-0.00013500994100468233,0.0,-0.0011078010402343352,-0.00013500994100468233,0.0
XCIO.X0220450.E,XCIO.X0220450,0.02915475943181323,0.02915475943181323,0.0009529802697217446,0.0009529802697217446,0.0,False,Entry,0.0,False,-0.029143101133494907,-0.0008240580418387485,2.412868566530739e-05,-0.029000000040468876,0.002999999196617864,0.0,-0.029000000040468876,0.002999999196617864,0.0,-0.0009399273039889522,-0.0001571879693074152,0.0,-0.0009399273039889522,-0.0001571879693074152,0.0
XCIO.X0220450.S,XCIO.X0220450,0.03026549176432899,0.03026549176432899,0.002036690484894276,0.002036690484894276,0.0,False,Entry,0.0,False,-0.03026545922578436,3.6355232060500604e-05,2.545360785328304e-05,-0.02999999992425728,0.00399999953515362,0.0,-0.02999999992425728,0.00399999953515362,0.0,-0.0018589494175103027,0.0008321148925460875,0.0,-0.0018589494175103027,0.0008321148925460875,0.0
XCHV.X0220452.E,XCHV.X0220452,0.030149626798554444,0.030149626798554444,0.0018165088958826646,0.0018165088958826646,-2.0,False,Entry,0.0,False,-0.030134486780061386,-0.0009550300483908514,2.4903836836770552e-05,-0.02999999992425728,0.003000000106112566,0.0,-0.02999999992425728,0.003000000106112566,0.0,-0.0018081130974678672,-0.00017444654076825827,0.0,-0.0018081130974678672,-0.00017444654076825827,0.0
XCHV.X0220452.S,XCHV.X0220452,0.03028200771917613,0.03028200771917613,0.002197227361264573,0.002197227361264573,-2.0,False,Entry,0.0,False,-0.030264618747229792,3.591172015733648e-05,0.0010254530400880294,-0.02999999992425728,0.00399999953515362,0.000999999883788405,-0.02999999992425728,0.00399999953515362,0.000999999883788405,-0.0017757903378878837,0.0008212045941036195,0.000999999883788405,-0.0017757903378878837,0.0008212045941036195,0.000999999883788405
XSCI.X0220453.E,XSCI.X0220453,1.0301145568517607,0.030090864303443616,0.0018654930751543345,0.0018654930751543345,-1.0,True,Centre,8.669999999998818e-07,False,-1.0300733985744575,0.009167180529384195,0.0008698208486709098,-1.0200000000395448,0.14400000054592965,0.0,-0.029917229312559357,0.00311538406094769,0.0008449183042102959,-0.0016618104154986213,-6.755453796358779e-05,0.0008449183042102959,-0.0016618104154986213,-6.755453796358779e-05,0.0008449183042102959
XSCI.X0220466.E,XSCI.X0220466,0.031256999191816695,0.031256999191816695,0.0020463241711644723,0.0020463241711644723,0.0,False,Centre,1.0000000000157452e-09,False,-0.03125684497864702,-9.461770593157199e-05,2.6228758700980974e-05,-0.03100000003541936,0.00399999953515362,0.0,-0.03100000003541936,0.00399999953515362,0.0,-0.0019199233065592125,0.0007080516297719441,0.0,-0.0019199233065592125,0.0007080516297719441,0.0
QNL.X0220476.E,QNL.X0220476,0.03226453169395176,0.03226453169395176,0.002715328101089841,0.002715328101089841,-6.0,False,Entry,-1.0000000000157452e-09,False,-0.032247390259366425,-0.00022603323927673668,0.0010270033421953151,-0.032000000032894604,0.004000000444648322,0.000999999883788405,-0.032000000032894604,0.004000000444648322,0.000999999883788405,-0.002440655180180329,0.0006451427907450125,0.000999999883788405,-0.002440655180180329,0.0006451427907450125,0.000999999883788405
QNL.X0220476.S,QNL.X0220476,0.032388269382080156,0.032388269382080156,0.0027874984547358677,0.0027874984547358677,-6.0,False,Entry,-1.0000000000157452e-09,False,-0.03237920307093648,0.0007657955679676759,2.7553680888956628e-05,-0.03199999991920777,0.004999999873689376,0.0,-0.03199999991920777,0.004999999873689376,0.0,-0.0022668641577183735,0.001622182026039809,0.0,-0.0022668641577183735,0.001622182026039809,0.0
QNL.X0220479.E,QNL.X0220479,0.03125699930820595,0.03125699930820595,0.0013728158539217036,0.0013728158539217036,-20.0,False,Entry,-2.0000000000314905e-09,False,-0.031256845097765835,-9.461680427139729e-05,2.6228759200995084e-05,-0.03100000003541936,0.004000000444648322,0.0,-0.03100000003541936,0.004000000444648322,0.0,-0.0012260105677341926,0.0006176742317620665,0.0,-0.0012260105677341926,0.0006176742317620665,0.0
QNL.X0220479.S,QNL.X0220479,0.032264531581197034,0.032264531581197034,0.0023590865727413047,0.0023590865727413047,-20.0,False,Entry,-2.0000000000314905e-09,False,-0.03224739014024761,-0.0002260341409369114,0.001027003341695301,-0.032000000032894604,0.00399999953515362,0.000999999883788405,-0.032000000032894604,0.00399999953515362,0.000999999883788405,-0.0020522197701211553,0.0005947131285211071,0.000999999883788405,-0.0020522197701211553,0.0005947131285211071,0.000999999883788405
XSCI.X0220481.E,XSCI.X0220481,0.03324154036084364,0.03324273360759994,0.0030774670013587573,0.0030774670013587573,-2.0,True,Entry,-1.630000000000728e-07,False,-0.03323961637807616,-0.00035656265047574786,2.777906072014208e-05,-0.03300000003036985,0.004000000444648322,0.0,-0.033000230132529396,0.004008010364486836,1.3505996321327984e-06,-0.0030189786457412993,0.0005971342034172267,1.3505996321327984e-06,-0.0030189786457412993,0.0005971342034172267,1.3505996321327984e-06
MCXCA.X0220481.E,MCXCA.X0220481,0.03214031740263201,0.03214031740263201,0.0020337438750728278,0.0020337438750728278,0.0,False,Entry,0.0,False,-0.032117258173079206,-0.0012169759094850993,2.6454138444041985e-05,-0.032000000032894604,0.003000000106112566,0.0,-0.032000000032894604,0.003000000106112566,0.0,-0.0019910274886569823,-0.00041463681554887444,0.0,-0.0019910274886569823,-0.00041463681554887444,0.0
MCXCA.X0220481.S,MCXCA.X0220481,0.03224903096817769,0.03224903096817769,0.0020566698839224232,0.0020566698839224232,0.0,False,Entry,0.0,False,-0.032248230618802186,-0.00022559062903374728,2.7003909460554472e-05,-0.032000000032894604,0.00399999953515362,0.0,-0.032000000032894604,0.00399999953515362,0.0,-0.0019723403283933294,0.0005828933353768662,0.0,-0.0019723403283933294,0.0005828933353768662,0.0
MCXCA.X0220483.E,MCXCA.X0220483,746.7268889018479,746.7268889018479,746.7054835707407,746.7054835707407,0.0,False,Entry,1.570796326,False,-528.0000370324772,-0.0008713146816829997,-528.0312561790033,-523.8920000000462,69.4469999998546,527.5560000000041,-523.8920000000462,69.4469999998546,527.5560000000041,-523.861943063821,69.44357902648335,527.5560000000041,-523.861943063821,69.44357902648335,527.5560000000041
MCXCA.X0220483.S,MCXCA.X0220483,746.7276834890735,746.7276834890735,746.7062647959283,746.7062647959283,0.0,False,Entry,1.570796326,False,-528.0000383573993,-1.0901407776486849e-05,-528.0323785370957,-523.89299999993,69.44800000019313,527.5560000000041,-523.89299999993,69.44800000019313,527.5560000000041,-523.8629243764308,69.44457655754377,527.5560000000041,-523.8629243764308,69.44457655754377,527.5560000000041
XFFH.X0220483.E,XFFH.X0220483,0.03214031740263201,0.03214031740263201,0.0019374747570440908,0.0019374747570440908,0.0,False,Entry,0.0,False,-0.032117258173079206,-0.0012169759094850993,2.6454138444041985e-05,-0.032000000032894604,0.003000000106112566,0.0,-0.032000000032894604,0.003000000106112566,0.0,-0.0018896137135016033,-0.0004279818313079886,0.0,-0.0018896137135016033,-0.0004279818313079886,0.0
XFFV.X0220483.E,XFFV.X0220483,0.03214031740263201,0.03214031740263201,0.0019374648702021554,0.0019374648702021554,-0.0,False,Entry,0.0,False,-0.032117258173079206,-0.0012169759094850993,2.6454138444041985e-05,-0.032000000032894604,0.003000000106112566,0.0,-0.032000000032894604,0.003000000106112566,0.0,-0.0018896099618359585,-0.00042795363697223365,0.0,-0.0018896099618359585,-0.00042795363697223365,0.0
XFFH.X0220483.S,XFFH.X0220483,0.032249031080986625,0.032249031080986625,0.0019571850080596603,0.0019571850080596603,-0.0,False,Entry,0.0,False,-0.032248230737921,-0.00022558972737357256,2.700390996056858e-05,-0.032000000032894604,0.004000000444648322,0.0,-0.032000000032894604,0.004000000444648322,0.0,-0.001872421421467152,0.0005697465894627385,0.0,-0.001872421421467152,0.0005697465894627385,0.0
XFFV.X0220483.S,XFFV.X0220483,0.03224903096817769,0.03224903096817769,0.0019571894705834075,0.0019571894705834075,0.0,False,Entry,0.0,False,-0.032248230618802186,-0.00022559062903374728,2.7003909460554472e-05,-0.032000000032894604,0.00399999953515362,0.0,-0.032000000032894604,0.00399999953515362,0.0,-0.0018724177834883449,0.0005697738743037917,0.0,-0.0018724177834883449,0.0005697738743037917,0.0
XDWC.X0220483.E,XDWC.X0220483,1.4382711845890803,0.03241140689401727,0.002238664727248243,0.002238664727248243,-1.0,True,Centre,-2.6399999999981993e-07,False,-1.03237626029347,0.03251692884521332,1.000882564010495,-1.019999999925858,0.16800000048533548,1.0000000002037268,-0.03221736699288158,0.003433115125517361,0.0008684937711223029,-0.0020633317490137415,-6.511982064694166e-07,0.0008684937711223029,-0.0020633317490137415,-6.511982064694166e-07,0.0008684937711223029
MBHHE.X0220496.E,MBHHE.X0220496,0.03224903096817769,0.03224903096817769,0.0012427132554538394,0.0012427132554538394,-2.0,False,Entry,-9.99999999907325e-10,False,-0.032248230618802186,-0.00022559062903374728,2.7003909460554472e-05,-0.032000000032894604,0.00399999953515362,0.0,-0.032000000032894604,0.00399999953515362,0.0,-0.0011486710036479053,0.0004742269084090367,0.0,-0.0011486710036479053,0.0004742269084090367,0.0
MBHHE.X0220496.S,MBHHE.X0220496,0.03214031731773914,0.03214031731773914,0.0011746170024852622,0.0011746170024852622,-2.0,False,Entry,-9.99999999907325e-10,False,-0.032117258053960394,-0.001216976811145274,2.6454137944027875e-05,-0.032000000032894604,0.002999999196617864,0.0,-0.032000000032894604,0.002999999196617864,0.0,-0.001043282622958941,-0.0005397096174419858,0.0,-0.001043282622958941,-0.0005397096174419858,0.0
XDWC.X0220496.E,XDWC.X0220496,1.437693291196165,0.03250710887609623,0.0015104904275525005,0.0015104904275525005,-1.0,True,Centre,-2.0199999999949425e-07,False,-1.0325080732181298,0.03350875763776952,0.9998831138945294,-1.019999999925858,0.16899999991437653,0.9989999998651911,-0.03220748669718887,0.004400979378260672,-0.00014597480912925676,-0.0012338938404354849,0.00085894043877488,-0.00014597480912925676,-0.0012338938404354849,0.00085894043877488,-0.00014597480912925676
XDWC.X0220500.E,XDWC.X0220500,1.4390976336970556,0.033517918611925795,0.0023364749119319226,0.0023364749119319226,-1.0,True,Centre,-1.9000000000060635e-07,False,-1.0334986183797303,0.033377341202764164,1.000883888477524,-1.0209999999233332,0.16899999991437653,0.9999999997489795,-0.03321276744827628,0.004429168257047422,0.000863374225446023,-0.0019956805772380903,0.0008549613994546235,0.000863374225446023,-0.0019956805772380903,0.0008549613994546235,0.000863374225446023
QNL.X0220526.E,QNL.X0220526,0.03424908765526798,0.03424908765526798,0.0016347792900774144,0.0016347792900774144,-0.0,False,Entry,9.999999994736442e-10,False,-0.034231842496785896,-0.000487092061674759,-0.0009714452207550306,-0.03400000002784509,0.004000000444648322,-0.000999999883788405,-0.03400000002784509,0.004000000444648322,-0.000999999883788405,-0.0012732692766803666,0.00022647054720437154,-0.000999999883788405,-0.0012732692766803666,0.00022647054720437154,-0.000999999883788405
QNL.X0220526.S,QNL.X0220526,0.03522782987031037,0.03522782987031037,0.0021093190176489462,0.0021093190176489462,-0.0,False,Entry,9.999999994736442e-10,False,-0.03522238754567898,-0.0006185084817902011,2.932936215116463e-05,-0.034999999911633495,0.004000000444648322,0.0,-0.034999999911633495,0.004000000444648322,0.0,-0.0020994784790673293,0.00020351126295281574,0.0,-0.0020994784790673293,0.00020351126295281574,0.0
QNL.X0220538.E,QNL.X0220538,0.03522782998326195,0.03522782998326195,0.0015317547117152212,0.0015317547117152212,-0.0,False,Entry,0.0,False,-0.03522238765838648,-0.0006185084966800985,2.9329362239289068e-05,-0.03500000002532033,0.004000000444648322,0.0,-0.03500000002532033,0.004000000444648322,0.0,-0.0015264291732819402,0.00012761847756337374,0.0,-0.0015264291732819402,0.00012761847756337374,0.0
QNL.X0220538.S,QNL.X0220538,0.03622154062430902,0.03622154062430902,0.0023549651533334194,0.0023549651533334194,-0.0,False,Entry,0.0,False,-0.03621377329854164,-0.0007494814197822737,3.0104512998862565e-05,-0.036000000022795575,0.004000000444648322,0.0,-0.036000000022795575,0.004000000444648322,0.0,-0.002352638375668903,0.00010465919331181794,0.0,-0.002352638375668903,0.00010465919331181794,0.0
XSCI.X0220540.E,XSCI.X0220540,1.0007602112383,0.036815176931800954,0.0029217341645401554,0.0029217341645401554,0.0,True,Centre,-3.1599999999998817e-07,False,-0.036813992263793914,0.009712250120347793,1.0000357006471963,-0.036000000022795575,0.014999999621068127,1.0000000002037268,-0.03653525527624879,0.004531260856310837,7.0335772761609405e-06,-0.0028527128961286508,0.0006312766345217824,7.0335772761609405e-06,-0.0028527128961286508,0.0006312766345217824,7.0335772761609405e-06
XSCI.X0220596.E,XSCI.X0220596,1.000888105383341,0.03992030447169372,0.0025178345303284336,0.0025178345303284336,0.0,True,Centre,-5.159999999998846e-07,False,-0.03991912174948339,0.010310717533354477,1.0000385754162444,-0.0390000000152213,0.015999999959603883,0.9999999997489795,-0.039535262430945295,0.005531160240934696,-1.3460521586239338e-07,-0.002237995886389399,0.0011536312740645371,-1.3460521586239338e-07,-0.002237995886389399,0.0011536312740645371,-1.3460521586239338e-07
XWCM.X0220596.E,XWCM.X0220596,0.03931920650171053,0.03931920650171053,0.001797493318900661,0.001797493318900661,0.0,False,Centre,0.0,False,-0.03931890266473011,-0.0001510149086374484,3.297973629409554e-05,-0.0390000000152213,0.004999999873689376,0.0,-0.0390000000152213,0.004999999873689376,0.0,-0.0016870357057996443,0.0006203972588991746,0.0,-0.0016870357057996443,0.0006203972588991746,0.0
XCIO.X0220634.E,XCIO.X0220634,0.04219004626922727,0.04219004626922727,0.0026492784956078682,0.0026492784956078682,0.0,False,Entry,0.0,False,-0.04216208713947261,-0.0015353189583953246,3.475541755630355e-05,-0.04200000000764703,0.004000000444648322,0.0,-0.04200000000764703,0.004000000444648322,0.0,-0.002565791305642051,-0.0006598420441150665,0.0,-0.002565791305642051,-0.0006598420441150665,0.0
MBHHE.X0220635.E,MBHHE.X0220635,0.04275511665659657,0.04275511665659657,0.004175636322523459,0.0034055604773097865,-0.0,False,Entry,4.099999999988661e-08,False,-0.04270151590732127,0.0021399004417748707,3.69545026223817e-05,-0.04200000000764703,0.007999999979801942,0.0,-0.04200000000764703,0.007999999979801942,0.0,-0.0025147880933218403,0.003333433596708346,0.0,-0.00308634992052248,-0.0009821897037909366,0.0010524208846618421
MBHHE.X0220635.S,MBHHE.X0220635,0.04440720661775577,0.04440720661775577,0.012681482150307717,0.003203931666909365,-0.0,False,Entry,4.099999999988661e-08,False,-0.04271163760884432,0.0021451538784723776,-0.011963040048436012,-0.04200000000764703,0.007999999979801942,-0.011999999969702912,-0.04200000000764703,0.007999999979801942,-0.011999999969702912,-0.0024094938453345094,0.0033187843655468896,-0.011999999969702912,-0.0029956946718812105,-0.0009898913049255498,0.0005577694537350908
MBHHE.X0220652.E,MBHHE.X0220652,0.04394314515300618,0.04394314515300618,0.004887259531463664,0.0030116443916297308,-0.0,False,Entry,4.6999999999981085e-08,False,-0.04386719456766916,0.002396735556526619,-0.0009617200073362645,-0.043000000005122274,0.009000000318337698,-0.000999999883788405,-0.043000000005122274,0.009000000318337698,-0.000999999883788405,-0.0023536812250313233,0.004164791789662559,-0.000999999883788405,-0.0029833612416041433,-0.00014313718565972522,-0.0003860950528178364
MBHHE.X0220652.S,MBHHE.X0220652,0.04554119020670698,0.04554119020670698,0.012892713174705037,0.0030549179519359306,-0.0,False,Entry,4.6999999999981085e-08,False,-0.04387653742803282,0.00240142457938985,-0.011961715126159912,-0.043000000005122274,0.009000000318337698,-0.011999999969702912,-0.043000000005122274,0.009000000318337698,-0.011999999969702912,-0.002240646608697716,0.004147475920035504,-0.011999999969702912,-0.0028860441716460628,-0.0001527632775832899,0.0009899172255245503
XSCI.X0220680.E,XSCI.X0220680,1.0010799171013267,0.0450370803209995,0.002415520423930198,0.002415520423930198,0.0,True,Centre,-1.1159999999997908e-06,False,-0.044964174324579095,0.0074443258658883115,1.0000419018537727,-0.04400000000259752,0.01500000053056283,1.0000000002037268,-0.044804596086578385,0.004570200871967245,6.111349648563191e-06,-0.0023512940288128448,-0.0005532792783924378,6.111349648563191e-06,-0.0023512940288128448,-0.0005532792783924378,6.111349648563191e-06
MQNFB.X0220683.E,MQNFB.X0220683,0.04539823787938525,0.04539823787938525,0.002598392673534344,0.002598392673534344,-0.0,False,Entry,-1.000000082740371e-09,False,-0.03795617427690896,-0.0011801858836294377,0.024878424349107146,-0.04500000000007276,0.006000000212225132,0.0,-0.04500000000007276,0.006000000212225132,0.0,-0.00245129137965705,0.0008618671927251853,0.0,-0.00245129137965705,0.0008618671927251853,0.0
MQNFB.X0220683.S,MQNFB.X0220683,0.04539823787938525,0.04539823787938525,0.002484120269814545,0.002484120269814545,-0.0,False,Entry,-1.000000082740371e-09,False,-0.03795617427690896,-0.0011801858836294377,0.024878424349107146,-0.04500000000007276,0.006000000212225132,0.0,-0.04500000000007276,0.006000000212225132,0.0,-0.002336537477276579,0.0008434726623818278,0.0,-0.002336537477276579,0.0008434726623818278,0.0
MQNFB.X0220686.E,MQNFB.X0220686,0.04528796748045797,0.04528796748045797,0.0024946037243688554,0.0024946037243688554,-0.0,False,Entry,0.0,False,-0.03727615460041547,-0.002168063756602862,0.025627871473539305,-0.04500000000007276,0.004999999873689376,0.000999999883788405,-0.04500000000007276,0.004999999873689376,0.000999999883788405,-0.002279382101733063,-0.00016572630556765944,0.000999999883788405,-0.002279382101733063,-0.00016572630556765944,0.000999999883788405
MQNFB.X0220686.S,MQNFB.X0220686,0.04539823787938525,0.04539823787938525,0.0023133338656355757,0.0023133338656355757,-0.0,False,Entry,0.0,False,-0.03795617427690896,-0.0011801858836294377,0.024878424349107146,-0.04500000000007276,0.006000000212225132,0.0,-0.04500000000007276,0.006000000212225132,0.0,-0.0021646494587912457,0.0008159695426002145,0.0,-0.0021646494587912457,0.0008159695426002145,0.0
XBTF.X0220687.E,XBTF.X0220687,0.04628174584303067,0.04628174584303067,0.003298001846601337,0.003298001846601337,-2.0,False,Entry,-9.999999717180685e-10,False,-0.02449644252203023,-0.0023251100752382315,-0.039198445953657166,-0.045999999997548,0.004999999873689376,-0.000999999883788405,-0.045999999997548,0.004999999873689376,-0.000999999883788405,-0.003137058911306667,-0.00018888567865360528,-0.000999999883788405,-0.003137058911306667,-0.00018888567865360528,-0.000999999883788405
XBTF.X0220687.S,XBTF.X0220687,0.04539823787938525,0.04539823787938525,0.0022618201934518595,0.0022618201934518595,-2.0,False,Entry,-9.999999717180685e-10,False,-0.024878424349107163,-0.0011801858836294377,-0.037956174276908936,-0.04500000000007276,0.006000000212225132,0.0,-0.04500000000007276,0.006000000212225132,0.0,-0.0021128618072907557,0.0008072456694208086,0.0,-0.0021128618072907557,0.0008072456694208086,0.0
MQNEE.X0220689.E,MQNEE.X0220689,0.04527692567681072,0.04527692567681072,0.0020915598156945846,0.0020915598156945846,-2.0,False,Entry,0.0,False,-0.03782435308512424,-0.0021676432673450007,0.024791523452600283,-0.04500000000007276,0.004999999873689376,0.0,-0.04500000000007276,0.004999999873689376,0.0,-0.002082271066683461,-0.00019690014596562833,0.0,-0.002082271066683461,-0.00019690014596562833,0.0
MQNEE.X0220689.S,MQNEE.X0220689,0.046270941188950435,0.046270941188950435,0.0030365182326202514,0.0030365182326202514,-2.0,False,Entry,0.0,False,-0.03865024746894843,-0.0023255305644960932,0.025332790542969233,-0.045999999997548,0.004999999873689376,0.0,-0.045999999997548,0.004999999873689376,0.0,-0.0030295655051304493,-0.0002053675416391343,0.0,-0.0030295655051304493,-0.0002053675416391343,0.0
MBHHE.X0220692.E,MBHHE.X0220692,0.07260853921865694,0.07260853921865694,0.041467576805621735,0.0030361905160670413,-2.0,False,Entry,1.1070000000001912e-06,False,-0.02690095048606011,0.030762463217411707,-0.060016745056785434,-0.057999999967250915,0.04199999966658652,-0.011999999969702912,-0.057999999967250915,0.04199999966658652,-0.011999999969702912,-0.014922644822945585,0.0367814436685876,-0.011999999969702912,-0.002585638640084653,0.001554051777929999,-0.0003432910489209462
MBHHE.X0220692.S,MBHHE.X0220692,0.16263148526767035,0.16263148526767035,0.12592924995413607,0.0033999623475955004,-2.0,False,Entry,1.1070000000001912e-06,False,-0.025203469524725592,0.03010473406526035,-0.15782106992142927,-0.137999999992644,0.05400000009103678,-0.0669999999445281,-0.137999999992644,0.05400000009103678,-0.0669999999445281,-0.09482313555508881,0.048762167352833785,-0.0669999999445281,-0.002485568188603793,0.0007787157301208936,-0.002185245193686569
XCSH.X0220694.E,XCSH.X0220694,0.04638965404399043,0.04638965404399043,0.002870573525133568,0.002870573525133568,-2.0,False,Entry,0.0,False,-0.024946648706493543,-0.004372665602514539,-0.03886572418165534,-0.045999999997548,0.006000000212225132,0.0,-0.045999999997548,0.006000000212225132,0.0,-0.0027720036541722948,0.0007457801984855905,0.0,-0.0027720036541722948,0.0007457801984855905,0.0
XCSH.X0220694.S,XCSH.X0220694,0.04540925018452547,0.04540925018452547,0.0021229413513752324,0.0021229413513752324,-2.0,False,Entry,0.0,False,-0.0252630580691992,-0.00425167050398422,-0.03749268191579054,-0.04500000000007276,0.006000000212225132,0.000999999883788405,-0.04500000000007276,0.006000000212225132,0.000999999883788405,-0.0017226002455572598,0.0007345261110458523,0.000999999883788405,-0.0017226002455572598,0.0007345261110458523,0.000999999883788405
MQNFB.X0220696.E,MQNFB.X0220696,0.0464004310647885,0.0464004310647885,0.0029457065596229836,0.0029457065596229836,-2.0,False,Entry,0.0,False,-0.03832030551693325,-0.004473242840988905,0.025778756497795385,-0.045999999997548,0.006000000212225132,0.0010000003385357559,-0.045999999997548,0.006000000212225132,0.0010000003385357559,-0.002674596771612414,0.0007236840247060172,0.0010000003385357559,-0.002674596771612414,0.0007236840247060172,0.0010000003385357559
MQNFB.X0220696.S,MQNFB.X0220696,0.046270941188950435,0.046270941188950435,0.002579641229381806,0.002579641229381806,-2.0,False,Entry,0.0,False,-0.03873321963719603,-0.005342609200063764,0.024742558921490663,-0.045999999997548,0.004999999873689376,0.0,-0.045999999997548,0.004999999873689376,0.0,-0.002561895030339656,-0.00030206410883693025,0.0,-0.002561895030339656,-0.00030206410883693025,0.0
XBPF.X0220697.E,XBPF.X0220697,0.04638965404399043,0.04638965404399043,0.0026278195090458254,0.0026278195090458254,0.0,False,Entry,-9.999999717180685e-10,False,-0.024946648706493543,-0.004372665602514539,-0.03886572418165534,-0.045999999997548,0.006000000212225132,0.0,-0.045999999997548,0.006000000212225132,0.0,-0.0025353451746923383,0.0006909849616931751,0.0,-0.0025353451746923383,0.0006909849616931751,0.0
XBPF.X0220697.S,XBPF.X0220697,0.046400431054988006,0.046400431054988006,0.0027889078985233063,0.0027889078985233063,0.0,False,Entry,-9.999999717180685e-10,False,-0.024114541293590377,-0.00427208840977739,-0.03941114259834984,-0.045999999997548,0.006000000212225132,-0.000999999883788405,-0.045999999997548,0.006000000212225132,-0.000999999883788405,-0.0025115772359640687,0.0006855561878182925,-0.000999999883788405,-0.0025115772359640687,0.0006855561878182925,-0.000999999883788405
MBHHE.X0220699.E,MBHHE.X0220699,0.07067531358899966,0.07067531358899966,0.039236139488953096,0.003328243853436558,-0.0,False,Entry,-3.992000000008211e-06,False,-0.026429952147170536,0.02516668602677865,-0.06052351191752888,-0.05699999996977567,0.03899999956047395,-0.014999999621068127,-0.05699999996977567,0.03899999956047395,-0.014999999621068127,-0.013438127439258096,0.03367330373293953,-0.014999999621068127,-0.00315506895276485,-0.0010551420928095467,-9.70680957834702e-05
MBHHE.X0220699.S,MBHHE.X0220699,0.16145277936600572,0.16145277936600572,0.12438598291974641,0.00301266521763622,-0.0,False,Entry,-3.992000000008211e-06,False,-0.02733693495175184,0.026197572370457754,-0.1569502441997031,-0.13699999999516876,0.052999999752501026,-0.0669999999445281,-0.13699999999516876,0.052999999752501026,-0.0669999999445281,-0.09334112792203086,0.04764773439092096,-0.0669999999445281,-0.002908723899963661,9.733048500493169e-05,0.0007784624358464498
XBPF.X0220701.E,XBPF.X0220701,0.04638965404399043,0.04638965404399043,0.002396089252274813,0.002396089252274813,0.0,False,Entry,0.0,False,-0.02386414048404669,-0.007328767389652381,-0.039099769434450246,-0.045999999997548,0.006000000212225132,0.0,-0.045999999997548,0.006000000212225132,0.0,-0.0023109806761567597,0.0006329391908366233,0.0,-0.0023109806761567597,0.0006329391908366233,0.0
XBPF.X0220701.S,XBPF.X0220701,0.04638965392635713,0.04638965392635713,0.002372084308101975,0.002372084308101975,0.0,False,Entry,0.0,False,-0.02386414019530446,-0.007328768243232422,-0.039099769311122856,-0.045999999997548,0.00599999930273043,0.0,-0.045999999997548,0.00599999930273043,0.0,-0.0022879827383803786,0.0006260343070607632,0.0,-0.0022879827383803786,0.0006260343070607632,0.0
MQNEE.X0220703.E,MQNEE.X0220703,0.04638965404399043,0.04638965404399043,0.0023148914375712665,0.0023148914375712665,-0.0,False,Entry,0.0,False,-0.039099769434450246,-0.007328767389652381,0.023864140484046687,-0.045999999997548,0.006000000212225132,0.0,-0.045999999997548,0.006000000212225132,0.0,-0.0022329991224978585,0.0006102764018578455,0.0,-0.0022329991224978585,0.0006102764018578455,0.0
MQNEE.X0220703.S,MQNEE.X0220703,0.047391982463771895,0.047391982463771895,0.0033889625831178254,0.0033889625831178254,-0.0,False,Entry,0.0,False,-0.039394605689803644,-0.0078100094556987085,0.02516085842520581,-0.046999999995023245,0.006000000212225132,0.000999999883788405,-0.046999999995023245,0.006000000212225132,0.000999999883788405,-0.00318288709877379,0.0005952288120170124,0.000999999883788405,-0.00318288709877379,0.0005952288120170124,0.000999999883788405
MQNEE.X0220704.E,MQNEE.X0220704,0.046281745852856306,0.046281745852856306,0.002389218286082297,0.002389218286082297,-0.0,False,Entry,0.0,False,-0.03950164151270937,-0.008067783572212973,0.022727322438459572,-0.045999999997548,0.004999999873689376,-0.0010000003385357559,-0.045999999997548,0.004999999873689376,-0.0010000003385357559,-0.00212864733839524,-0.00042097963159903884,-0.0010000003385357559,-0.00212864733839524,-0.00042097963159903884,-0.0010000003385357559
MQNEE.X0220704.S,MQNEE.X0220704,0.04738143098386631,0.04738143098386631,0.0031297531778934303,0.0031297531778934303,-0.0,False,Entry,0.0,False,-0.039932077475251675,-0.007610504229776437,0.024341516303590036,-0.046999999995023245,0.006000000212225132,0.0,-0.046999999995023245,0.006000000212225132,0.0,-0.003078543954870838,0.0005638457878376357,0.0,-0.003078543954870838,0.0005638457878376357,0.0
MBHGG.X0220706.E,MBHGG.X0220706,0.0459782556982758,0.0459782556982758,0.008120034127855629,0.0025341386110790025,-2.0,False,Entry,2.840000000031706e-07,False,-0.04594969711468663,-0.00023363524571538415,-0.0016033548255302884,-0.04400000000259752,0.012999999853491317,-0.003000000106112566,-0.04400000000259752,0.012999999853491317,-0.003000000106112566,-1.5238128980854526e-05,0.007545510015916079,-0.003000000106112566,-0.0024784628749330295,-0.000528137206856627,-1.2303189578233287e-05
MBHGG.X0220706.S,MBHGG.X0220706,0.048631265692321714,0.048631265692321714,0.015478375856192154,0.0031961334675844905,-2.0,False,Entry,2.840000000031706e-07,False,-0.0469634978683499,0.0007267141760019092,-0.012605624035052004,-0.04500000000007276,0.012000000424450263,-0.013999999737279722,-0.04500000000007276,0.012000000424450263,-0.013999999737279722,-0.0009670875442679971,0.006530303835461382,-0.013999999737279722,-0.0031109693736652844,0.0007240605555125512,0.00011346810424583964
XBPF.X0220707.E,XBPF.X0220707,0.04638965404399043,0.04638965404399043,0.002004053981427057,0.002004053981427057,0.0,False,Entry,9.99999999907325e-10,False,-0.04555320962528709,-0.008594843811531722,-0.001741767783358488,-0.045999999997548,0.006000000212225132,0.0,-0.045999999997548,0.006000000212225132,0.0,-0.0019358673171154805,0.0005183146640774794,0.0,-0.0019358673171154805,0.0005183146640774794,0.0
XBPF.X0220707.S,XBPF.X0220707,0.04738143086869529,0.04738143086869529,0.0029575074244580233,0.0029575074244580233,0.0,False,Entry,9.99999999907325e-10,False,-0.046502479926341475,-0.008903040236311346,-0.0018042246023656134,-0.046999999995023245,0.00599999930273043,0.0,-0.046999999995023245,0.00599999930273043,0.0,-0.0029130693519618944,0.0005107613105792552,0.0,-0.0029130693519618944,0.0005107613105792552,0.0
XBPF.X0220716.E,XBPF.X0220716,0.048383881517300754,0.048383881517300754,0.003594832221975156,0.003594832221975156,0.0,False,Entry,1.0000000003410059e-09,False,-0.04745175051351326,-0.009012620539328928,-0.0028467586651417065,-0.04799999999249849,0.00599999930273043,-0.000999999883788405,-0.04799999999249849,0.00599999930273043,-0.000999999883788405,-0.003434915242905845,0.00035238645068602636,-0.000999999883788405,-0.003434915242905845,0.00035238645068602636,-0.000999999883788405
XBPF.X0220716.S,XBPF.X0220716,0.048383881630085585,0.048383881630085585,0.0035723179059760045,0.0035723179059760045,0.0,False,Entry,1.0000000003410059e-09,False,-0.04745175079951333,-0.009012619693172554,-0.002846758493665883,-0.04799999999249849,0.006000000212225132,-0.000999999883788405,-0.04799999999249849,0.006000000212225132,-0.000999999883788405,-0.003412117280277016,0.00034483491617720574,-0.000999999883788405,-0.003412117280277016,0.00034483491617720574,-0.000999999883788405
