point,name,current_norm_mm,previous_norm_mm
XTAX.X0220023.E,XTAX.X0220023,0.0009999999974752427,0.0009999999974752
XTAX.X0220023.S,XTAX.X0220023,0.0019999999949504854,0.0019999999949504
XTAX.X0220025.E,XTAX.X0220025,0.0019999999949504854,0.0019999999949504
XTAX.X0220025.S,XTAX.X0220025,0.0014142137999687712,0.0014142137999687
MSN.X0220027.E,MSN.X0220027,0.00223606812438118,0.0022360681243811
MSN.X0220027.S,MSN.X0220027,0.002236067717642821,0.0022360677176428
MSN.X0220031.A,MSN.X0220031,0.0019999999949504854,0.0019999999949504
MSN.X0220031.E,MSN.X0220031,0.0019999999949504854,0.0019999999949504
MSN.X0220031.B,MSN.X0220031,0.00223606812438118,0.0022360681243811
MSN.X0220031.S,MSN.X0220031,0.002236067717642821,0.0022360677176428
QNL.X0220034.E,QNL.X0220034,0.0022360678193274323,2.7971101158177327
QNL.X0220034.S,QNL.X0220034,0.00223606812438118,2.80219503250214
QNL.X0220041.E,QNL.X0220041,0.0019999999949504854,0.0019999999949504
QNL.X0220041.S,QNL.X0220041,0.002999999992425728,0.0029999999924257
QNL.X0220049.E,QNL.X0220049,0.002999999992425728,5.595212685861549
QNL.X0220049.S,QNL.X0220049,0.003999999989900971,5.602159940691908
MBNV.X0220053.E,MBNV.X0220053,0.0031622774724297683,12.000056041707872
MBNV.X0220053.S,MBNV.X0220053,0.003162277616233463,12.001056661866928
MBNV.X0220059.E,MBNV.X0220059,0.003162277616233463,4.0001981199946455
MBNV.X0220059.S,MBNV.X0220059,0.0044721358420239275,4.002200144598081
MBNV.X0220065.E,MBNV.X0220065,0.004123105697927157,2.000288979070156
MBNV.X0220065.S,MBNV.X0220065,0.004582575857045477,1.9982892680743969
XCSH.X0220068.E,XCSH.X0220068,0.004242640515630215,12.955690216991735
XCSH.X0220068.S,XCSH.X0220068,0.003999999989900971,12.964622362340789
MBNV.X0220071.E,MBNV.X0220071,0.005099019567606479,40.00010672474408
MBNV.X0220071.S,MBNV.X0220071,0.0054772253744164905,39.99810728031736
MBNV.X0220077.E,MBNV.X0220077,0.005099019478423177,200.0013861226483
MBNV.X0220077.S,MBNV.X0220077,0.005916079883462458,200.0034153659944
MBNV.X0220083.E,MBNV.X0220083,0.005099019389239913,0.0050990193892399
MBNV.X0220083.S,MBNV.X0220083,0.006999999966085727,0.0069999999660857
QNL.X0220087.E,QNL.X0220087,0.005099019567606479,0.0050990195676064
QNL.X0220087.S,QNL.X0220087,0.006082762571010733,0.0060827625710107
QNL.X0220097.E,QNL.X0220097,0.006082762571010733,0.0060827625710107
QNL.X0220097.S,QNL.X0220097,0.007071067777934999,0.0070710677779349
MBXHC.X0220117.E,MBXHC.X0220117,0.00824621128556186,0.0082462112855618
MBXHC.X0220117.S,MBXHC.X0220117,0.008062257770246663,0.0080622577702466
MBXHC.X0220120.E,MBXHC.X0220120,0.008062257770246663,0.0080622577702466
MBXHC.X0220120.S,MBXHC.X0220120,0.00905538516549323,0.0090553851654932
MBXHC.X0220123.E,MBXHC.X0220123,0.008062257657437743,0.0080622576574377
MBXHC.X0220123.S,MBXHC.X0220123,0.008124038356136998,0.0081240383561369
MBXHC.X0220127.E,MBXHC.X0220127,0.008062257770246663,0.0080622577702466
MBXHC.X0220127.S,MBXHC.X0220127,0.009110433581100176,0.0091104335811001
XSCI.X0220130.E,XSCI.X0220130,1.0005048727759953,1.000504872775995
XCHV.X0220130.E,XCHV.X0220130,0.009055385152938605,0.0090553851529386
XCHV.X0220130.S,XCHV.X0220130,0.008062257770246663,0.0080622577702466
QNL.X0220132.E,QNL.X0220132,0.00905538505250173,0.0090553850525017
QNL.X0220132.S,QNL.X0220132,0.009433981204644363,0.0094339812046443
LSX.X0220134.E,LSX.X0220134,0.00812403830016146,0.0081240383001614
LSX.X0220134.S,LSX.X0220134,0.009000000090964022,0.009000000090964
MBXHC.X0220137.E,MBXHC.X0220137,0.009055385152938605,0.0090553851529386
MBXHC.X0220137.S,MBXHC.X0220137,0.00927361852111874,0.0092736185211187
MBXHC.X0220141.E,MBXHC.X0220141,0.010049875742806821,0.0100498757428068
MBXHC.X0220141.S,MBXHC.X0220141,0.009110433593578939,0.0091104335935789
MBXHC.X0220144.E,MBXHC.X0220144,0.010099504980403335,0.0100995049804033
MBXHC.X0220144.S,MBXHC.X0220144,0.010049875539186093,0.010049875539186
MBXHC.X0220147.E,MBXHC.X0220147,0.010246950684615041,0.010246950684615
MBXHC.X0220147.S,MBXHC.X0220147,0.010198038956846353,0.0101980389568463
QNL.X0220167.E,QNL.X0220167,0.011045361020178578,0.0110453610201785
QNL.X0220167.S,QNL.X0220167,0.011180339818597465,0.0111803398185974
QNL.X0220177.E,QNL.X0220177,0.012041594690007866,0.0120415946900078
QNL.X0220177.S,QNL.X0220177,0.011224972233261795,0.0112249722332617
XCSV.X0220179.E,XCSV.X0220179,0.011224972081341354,200.0112461762311
XCSV.X0220179.S,XCSV.X0220179,0.011180339818597465,200.01124617634423
LSX.X0220195.E,LSX.X0220195,0.013038404803644642,100.01263666658066
LSX.X0220195.S,LSX.X0220195,0.013190906054247758,100.01263666658066
XCHV.X0220196.E,XCHV.X0220196,0.013190906028392013,40.01331495890487
XCHV.X0220196.S,XCHV.X0220196,0.013076696928014286,40.01331495890487
LSX.X0220197.E,LSX.X0220197,0.012165524992501441,12.012143896963462
LSX.X0220197.S,LSX.X0220197,0.012041594576713732,12.012143896850374
XCSV.X0220213.E,XCSV.X0220213,0.014142135684491988,1.9864010168874573
XCSV.X0220213.S,XCSV.X0220213,0.014142135555869998,1.9853042588306495
QNL.X0220215.E,QNL.X0220215,0.014142135668414227,11.985973385677926
QNL.X0220215.S,QNL.X0220215,0.014142135555869998,11.98487630313377
QNL.X0220225.E,QNL.X0220225,0.015066519150371384,39.98515495787499
QNL.X0220225.S,QNL.X0220225,0.015132745994854062,39.98515412004379
XSCI.X0220256.E,XSCI.X0220256,1.0006407948881488,1.0006407948881488
XCON.X0220256.E,XCON.X0220256,0.017117242811748336,0.0171172428117483
XFFH.X0220258.E,XFFH.X0220258,0.01711724280510669,99.98238561870497
XFFV.X0220257.E,XFFV.X0220257,0.01705872219278722,199.98209143069175
XFFH.X0220258.S,XFFH.X0220258,0.01711724280510669,99.98248717648382
XFFV.X0220257.S,XFFV.X0220257,0.01802775646423467,199.9820914305787
QNL.X0220260.E,QNL.X0220260,0.017117242698840185,0.0171172426988401
QNL.X0220260.S,QNL.X0220260,0.017117242811748336,0.0171172428117483
XFFH.X0220262.E,XFFH.X0220262,0.018027756350722873,0.0180277563507228
XFFH.X0220262.S,XFFH.X0220262,0.018027756350722873,0.0180277563507228
QNL.X0220295.E,QNL.X0220295,0.020099751259368377,0.0200997512593683
QNL.X0220295.S,QNL.X0220295,0.020223748494390032,0.02022374849439
QNL.X0220305.E,QNL.X0220305,0.020248456691423354,0.0202484566914233
QNL.X0220305.S,QNL.X0220305,0.019235383888990442,0.0192353838889904
MBNV.X0220309.E,MBNV.X0220309,0.020223748494390032,0.02022374849439
MBNV.X0220309.S,MBNV.X0220309,0.020223748381960987,0.0202237483819609
MBNV.X0220315.E,MBNV.X0220315,0.02109502303491208,3.194533142491049
MBNV.X0220315.S,MBNV.X0220315,0.021095023148086815,3.194016123862209
MBNV.X0220321.E,MBNV.X0220321,0.021095023148086815,31.937533561627983
MBNV.X0220321.S,MBNV.X0220321,0.02211334430595967,31.942831198850214
XFFH.X0220324.E,XFFH.X0220324,0.02222611072500736,0.0222261107250073
XFFV.X0220323.E,XFFV.X0220323,0.02121320339811598,0.0212132033981159
XFFH.X0220324.S,XFFH.X0220324,0.022113344419063794,0.0221133444190637
XFFV.X0220323.S,XFFV.X0220323,0.021236760672516848,0.0212367606725168
MBNV.X0220327.E,MBNV.X0220327,0.026076809537534214,3.1942360589696066
MBNV.X0220327.S,MBNV.X0220327,0.0392300904102073,3.196941194210638
MBNV.X0220333.E,MBNV.X0220333,0.024083189191192164,0.0240831891911921
MBNV.X0220333.S,MBNV.X0220333,0.02437211518036197,0.0243721151803619
MBNV.X0220339.E,MBNV.X0220339,0.039115214454530825,0.0391152144545308
MBNV.X0220339.S,MBNV.X0220339,0.038327535770860684,0.0383275357708606
QNL.X0220343.E,QNL.X0220343,0.023086792796503993,0.0230867927965039
QNL.X0220343.S,QNL.X0220343,0.024186773197931048,0.024186773197931
QNL.X0220353.E,QNL.X0220353,0.023194827078361173,0.0231948270783611
QNL.X0220353.S,QNL.X0220353,0.023086792796503993,0.0230867927965039
QNL.X0220370.E,QNL.X0220370,0.025179356465639888,0.0251793564656398
QNL.X0220370.S,QNL.X0220370,0.02507987232651635,0.0250798723265163
XSCI.X0220374.E,XSCI.X0220374,1.0254691608299003,2.974664519002324
MBNH.X0220377.E,MBNH.X0220377,0.07642643524880124,0.0764264352488012
MBNH.X0220377.S,MBNH.X0220377,0.07758221453041753,0.0775822145304175
MBNH.X0220382.E,MBNH.X0220382,0.026191601667333655,39.974493380129914
MBNH.X0220382.S,MBNH.X0220382,0.026191601649971318,39.973499796718066
XCSV.X0220386.E,XCSV.X0220386,0.026076809720641254,0.0260768097206412
XCSV.X0220386.S,XCSV.X0220386,0.026076809537534214,0.0260768095375342
MBXGD.X0220389.E,MBXGD.X0220389,0.026172504716494353,3.9741818024807305
MBXGD.X0220389.S,MBXGD.X0220389,0.025199206286621013,3.97517496470192
MBNH.X0220394.E,MBNH.X0220394,0.025199206394897585,11.974901460971823
MBNH.X0220394.S,MBNH.X0220394,0.026172504716494353,11.973907841638304
MBNH.X0220399.E,MBNH.X0220399,0.0274590605566151,0.0274590605566151
MBNH.X0220399.S,MBNH.X0220399,0.03163858390174025,0.0316385839017402
XFFV.X0220402.E,XFFV.X0220402,0.026172504612244345,99.97336957912684
XFFV.X0220402.S,XFFV.X0220402,0.027166155358378914,99.9732385991162
XFFH.X0220403.E,XFFH.X0220403,0.027166155358378914,3.9733081934831698
XFFH.X0220403.S,XFFH.X0220403,0.027184554377866047,3.9723168303170695
XSCI.X0220408.E,XSCI.X0220408,0.027166155471370412,0.0271661554713704
QNL.X0220423.E,QNL.X0220423,0.028284271224284226,11.972129509947898
QNL.X0220423.S,QNL.X0220423,0.02816025562167105,11.9721295098284
MBXHD.X0220432.E,MBXHD.X0220432,0.028160255734710912,0.0281602557347109
MBXHD.X0220432.S,MBXHD.X0220432,0.028160255734710912,0.0281602557347109
XFFH.X0220442.E,XFFH.X0220442,0.02927456243745381,99.97026444397054
XFFV.X0220441.E,XFFV.X0220441,0.029154759525399455,0.0291547595253994
XFFH.X0220442.S,XFFH.X0220442,0.02915475941231609,99.97125582884723
XFFV.X0220441.S,XFFV.X0220441,0.028160255734710912,0.0281602557347109
QNL.X0220444.E,QNL.X0220444,0.029154759525399455,0.0291547595253994
QNL.X0220444.S,QNL.X0220444,0.030149626911677076,0.030149626911677
XSCI.X0220446.E,XSCI.X0220446,0.030166206302432188,3.9703341168678503
XEMC.X0220447.E,XEMC.X0220447,0.029154759318729868,0.0291547593187298
XEMC.X0220447.S,XEMC.X0220447,0.029154759525399455,0.0291547595253994
XCIO.X0220450.E,XCIO.X0220450,0.02915475943181323,0.0291547594318132
XCIO.X0220450.S,XCIO.X0220450,0.03026549176432899,0.0302654917643289
XCHV.X0220452.E,XCHV.X0220452,0.030149626798554444,3.969341885058556
XCHV.X0220452.S,XCHV.X0220452,0.03028200771917613,3.969211634704481
XSCI.X0220453.E,XSCI.X0220453,1.0301145568517607,2.9704082209912777
XSCI.X0220466.E,XSCI.X0220466,0.031256999191816695,0.0312569991918166
QNL.X0220476.E,QNL.X0220476,0.03226453169395176,11.968164855162644
QNL.X0220476.S,QNL.X0220476,0.032388269382080156,11.967041614458983
QNL.X0220479.E,QNL.X0220479,0.03125699930820595,39.9683344285995
QNL.X0220479.S,QNL.X0220479,0.032264531581197034,39.96833442871901
XSCI.X0220481.E,XSCI.X0220481,0.03324154036084364,3.967227999406316
XFFH.X0220483.E,XFFH.X0220483,0.03214031740263201,0.032140317402632
XFFV.X0220483.E,XFFV.X0220483,0.03214031740263201,0.032140317402632
XFFH.X0220483.S,XFFH.X0220483,0.032249031080986625,0.0322490310809866
XFFV.X0220483.S,XFFV.X0220483,0.03224903096817769,0.0322490309681776
XDWC.X0220483.E,XDWC.X0220483,1.4382711845890803,3.1323570996580923
MBHHE.X0220496.E,MBHHE.X0220496,0.03224903096817769,3.967227999638233
MBHHE.X0220496.S,MBHHE.X0220496,0.03214031731773914,3.967227999525526
XDWC.X0220496.E,XDWC.X0220496,1.437693291196165,3.1322436048597377
XDWC.X0220500.E,XDWC.X0220500,1.4390976336970556,3.13130308341423
QNL.X0220526.E,QNL.X0220526,0.03424908765526798,0.0342490876552679
QNL.X0220526.S,QNL.X0220526,0.03522782987031037,0.0352278298703103
QNL.X0220538.E,QNL.X0220538,0.03522782998326195,0.0352278299832619
QNL.X0220538.S,QNL.X0220538,0.03622154062430902,0.036221540624309
XSCI.X0220540.E,XSCI.X0220540,1.0007602112383,1.0007602112383
XSCI.X0220596.E,XSCI.X0220596,1.000888105383341,1.000888105383341
XWCM.X0220596.E,XWCM.X0220596,0.03931920650171053,0.0393192065017105
XCIO.X0220634.E,XCIO.X0220634,0.04219004626922727,0.0421900462692272
MBHHE.X0220635.E,MBHHE.X0220635,0.04275511665659657,0.0427551166565965
MBHHE.X0220635.S,MBHHE.X0220635,0.04440720661775577,0.0444072066177557
MBHHE.X0220652.E,MBHHE.X0220652,0.04394314515300618,0.0439431451530061
MBHHE.X0220652.S,MBHHE.X0220652,0.04554119020670698,0.0455411902067069
XSCI.X0220680.E,XSCI.X0220680,1.0010799171013267,1.0010799171013267
MQNFB.X0220683.E,MQNFB.X0220683,0.04539823787938525,0.0453982378793852
MQNFB.X0220683.S,MQNFB.X0220683,0.04539823787938525,0.0453982378793852
MQNFB.X0220686.E,MQNFB.X0220686,0.04528796748045797,0.0452879674804579
MQNFB.X0220686.S,MQNFB.X0220686,0.04539823787938525,0.0453982378793852
XBTF.X0220687.E,XBTF.X0220687,0.04628174584303067,3.975811866765539
XBTF.X0220687.S,XBTF.X0220687,0.04539823787938525,3.975811866687304
MQNEE.X0220689.E,MQNEE.X0220689,0.04527692567681072,3.961855247125393
MQNEE.X0220689.S,MQNEE.X0220689,0.046270941188950435,3.961855247470598
MBHHE.X0220692.E,MBHHE.X0220692,0.07260853921865694,3.973309703733336
MBHHE.X0220692.S,MBHHE.X0220692,0.16263148526767035,3.9781819967104113
XCSH.X0220694.E,XCSH.X0220694,0.04638965404399043,3.975121885111343
XCSH.X0220694.S,XCSH.X0220694,0.04540925018452547,3.975121884730626
MQNFB.X0220696.E,MQNFB.X0220696,0.0464004310647885,3.96180829939723
MQNFB.X0220696.S,MQNFB.X0220696,0.046270941188950435,3.961116635346405
XBPF.X0220697.E,XBPF.X0220697,0.04638965404399043,0.0463896540439904
XBPF.X0220697.S,XBPF.X0220697,0.046400431054988006,0.046400431054988
MBHHE.X0220699.E,MBHHE.X0220699,0.07067531358899966,0.0706753135889996
MBHHE.X0220699.S,MBHHE.X0220699,0.16145277936600572,0.1614527793660057
XBPF.X0220701.E,XBPF.X0220701,0.04638965404399043,0.0463896540439904
XBPF.X0220701.S,XBPF.X0220701,0.04638965392635713,0.0463896539263571
MQNEE.X0220703.E,MQNEE.X0220703,0.04638965404399043,0.0463896540439904
MQNEE.X0220703.S,MQNEE.X0220703,0.047391982463771895,0.0473919824637718
MQNEE.X0220704.E,MQNEE.X0220704,0.046281745852856306,0.0462817458528563
MQNEE.X0220704.S,MQNEE.X0220704,0.04738143098386631,0.0473814309838663
MBHGG.X0220706.E,MBHGG.X0220706,0.0459782556982758,3.953640980076303
MBHGG.X0220706.S,MBHGG.X0220706,0.048631265692321714,3.953866588392179
XBPF.X0220707.E,XBPF.X0220707,0.04638965404399043,0.0463896540439904
XBPF.X0220707.S,XBPF.X0220707,0.04738143086869529,0.0473814308686952
XBPF.X0220716.E,XBPF.X0220716,0.048383881517300754,0.0483838815173007
XBPF.X0220716.S,XBPF.X0220716,0.048383881630085585,0.0483838816300855
