field_component,derivative_x,region_name,s_start,s_end,idx_start,idx_end,param_index,param_name,param_symbol,param_value,to_fit
Bs,0,Poly_0,-1100.0,1100.0,0,2200,0,bs_0,bs_0,0,False
Bs,0,Poly_0,-1100.0,1100.0,0,2200,1,bs_1,bs_1,0,False
Bs,0,Poly_0,-1100.0,1100.0,0,2200,2,bs_2,bs_2,0,False
Bs,0,Poly_0,-1100.0,1100.0,0,2200,3,bs_3,bs_3,0,False
Bs,0,Poly_0,-1100.0,1100.0,0,2200,4,bs_4,bs_4,0,False
Bx,0,Poly_00,-1100.0,-920.0,0,180,0,ks_0_0,ks_0_0,-6090.507670776889,True
Bx,0,Poly_00,-1100.0,-920.0,0,180,1,ks_0_1,ks_0_1,-24.19662934439747,True
Bx,0,Poly_00,-1100.0,-920.0,0,180,2,ks_0_2,ks_0_2,-0.03594434368136491,True
Bx,0,Poly_00,-1100.0,-920.0,0,180,3,ks_0_3,ks_0_3,-2.366526738812133e-05,True
Bx,0,Poly_00,-1100.0,-920.0,0,180,4,ks_0_4,ks_0_4,-5.827197177391858e-09,True
Bx,0,Poly_01,-920.0,-866.0,180,234,0,ks_0_0,ks_0_0,-880147.2847594647,True
Bx,0,Poly_01,-920.0,-866.0,180,234,1,ks_0_1,ks_0_1,-3946.1719294072645,True
Bx,0,Poly_01,-920.0,-866.0,180,234,2,ks_0_2,ks_0_2,-6.632772940774009,True
Bx,0,Poly_01,-920.0,-866.0,180,234,3,ks_0_3,ks_0_3,-0.004953350070832484,True
Bx,0,Poly_01,-920.0,-866.0,180,234,4,ks_0_4,ks_0_4,-1.3867608883940378e-06,True
Bx,0,Poly_02,-866.0,-812.0,234,288,0,ks_0_0,ks_0_0,-685638.7837095904,True
Bx,0,Poly_02,-866.0,-812.0,234,288,1,ks_0_1,ks_0_1,-3272.34848004967,True
Bx,0,Poly_02,-866.0,-812.0,234,288,2,ks_0_2,ks_0_2,-5.8546984118497125,True
Bx,0,Poly_02,-866.0,-812.0,234,288,3,ks_0_3,ks_0_3,-0.00465389552851397,True
Bx,0,Poly_02,-866.0,-812.0,234,288,4,ks_0_4,ks_0_4,-1.3867870968026726e-06,True
Bx,0,Poly_03,-812.0,-758.0,288,342,0,ks_0_0,ks_0_0,-525287.5210054336,True
Bx,0,Poly_03,-812.0,-758.0,288,342,1,ks_0_1,ks_0_1,-2679.901543071141,True
Bx,0,Poly_03,-812.0,-758.0,288,342,2,ks_0_2,ks_0_2,-5.125071750060647,True
Bx,0,Poly_03,-812.0,-758.0,288,342,3,ks_0_3,ks_0_3,-0.004354384281936876,True
Bx,0,Poly_03,-812.0,-758.0,288,342,4,ks_0_4,ks_0_4,-1.3867981048024256e-06,True
Bx,0,Poly_04,-758.0,-704.0,342,396,0,ks_0_0,ks_0_0,-394843.1299309453,True
Bx,0,Poly_04,-758.0,-704.0,342,396,1,ks_0_1,ks_0_1,-2163.609734766347,True
Bx,0,Poly_04,-758.0,-704.0,342,396,2,ks_0_2,ks_0_2,-4.443919896095725,True
Bx,0,Poly_04,-758.0,-704.0,342,396,3,ks_0_3,ks_0_3,-0.004054831848477735,True
Bx,0,Poly_04,-758.0,-704.0,342,396,4,ks_0_4,ks_0_4,-1.3867969069560603e-06,True
Bx,0,Poly_05,-704.0,-650.0,396,450,0,ks_0_0,ks_0_0,-290336.18259416084,True
Bx,0,Poly_05,-704.0,-650.0,396,450,1,ks_0_1,ks_0_1,-1718.2417995039623,True
Bx,0,Poly_05,-704.0,-650.0,396,450,2,ks_0_2,ks_0_2,-3.811249303816929,True
Bx,0,Poly_05,-704.0,-650.0,396,450,3,ks_0_3,ks_0_3,-0.003755232521398517,True
Bx,0,Poly_05,-704.0,-650.0,396,450,4,ks_0_4,ks_0_4,-1.3867777331248743e-06,True
Bx,0,Poly_06,-650.0,-596.0,450,504,0,ks_0_0,ks_0_0,-208094.54254128062,True
Bx,0,Poly_06,-650.0,-596.0,450,504,1,ks_0_1,ks_0_1,-1338.6643979622227,True
Bx,0,Poly_06,-650.0,-596.0,450,504,2,ks_0_2,ks_0_2,-3.227310299925506,True
Bx,0,Poly_06,-650.0,-596.0,450,504,3,ks_0_3,ks_0_3,-0.0034558449334376328,True
Bx,0,Poly_06,-650.0,-596.0,450,504,4,ks_0_4,ks_0_4,-1.3868407104778696e-06,True
Bx,0,Poly_07,-596.0,-542.0,504,558,0,ks_0_0,ks_0_0,-144681.54108973037,True
Bx,0,Poly_07,-596.0,-542.0,504,558,1,ks_0_1,ks_0_1,-1019.4475338176368,True
Bx,0,Poly_07,-596.0,-542.0,504,558,2,ks_0_2,ks_0_2,-2.6916591647787613,True
Bx,0,Poly_07,-596.0,-542.0,504,558,3,ks_0_3,ks_0_3,-0.003156206034410548,True
Bx,0,Poly_07,-596.0,-542.0,504,558,4,ks_0_4,ks_0_4,-1.386804503602909e-06,True
Bx,0,Poly_08,-542.0,-488.0,558,612,0,ks_0_0,ks_0_0,-96993.60730869904,True
Bx,0,Poly_08,-542.0,-488.0,558,612,1,ks_0_1,ks_0_1,-755.4743929854108,True
Bx,0,Poly_08,-542.0,-488.0,558,612,2,ks_0_2,ks_0_2,-2.204586291238347,True
Bx,0,Poly_08,-542.0,-488.0,558,612,3,ks_0_3,ks_0_3,-0.0028566172554308146,True
Bx,0,Poly_08,-542.0,-488.0,558,612,4,ks_0_4,ks_0_4,-1.3867861405660494e-06,True
Bx,0,Poly_09,-488.0,-434.0,612,666,0,ks_0_0,ks_0_0,-62182.338491579394,True
Bx,0,Poly_09,-488.0,-434.0,612,666,1,ks_0_1,ks_0_1,-541.4418338290218,True
Bx,0,Poly_09,-488.0,-434.0,612,666,2,ks_0_2,ks_0_2,-1.7659049051381985,True
Bx,0,Poly_09,-488.0,-434.0,612,666,3,ks_0_3,ks_0_3,-0.0025568239246807965,True
Bx,0,Poly_09,-488.0,-434.0,612,666,4,ks_0_4,ks_0_4,-1.3866531237757133e-06,True
Bx,0,Poly_10,-434.0,-380.0,666,720,0,ks_0_0,ks_0_0,-37709.27820707634,True
Bx,0,Poly_10,-434.0,-380.0,666,720,1,ks_0_1,ks_0_1,-372.2786292773249,True
Bx,0,Poly_10,-434.0,-380.0,666,720,2,ks_0_2,ks_0_2,-1.3761825162268368,True
Bx,0,Poly_10,-434.0,-380.0,666,720,3,ks_0_3,ks_0_3,-0.002257667307424519,True
Bx,0,Poly_10,-434.0,-380.0,666,720,4,ks_0_4,ks_0_4,-1.386872194452482e-06,True
Bx,0,Poly_11,-380.0,-326.0,720,774,0,ks_0_0,ks_0_0,-21273.808481699296,True
Bx,0,Poly_11,-380.0,-326.0,720,774,1,ks_0_1,ks_0_1,-242.50930535020024,True
Bx,0,Poly_11,-380.0,-326.0,720,774,2,ks_0_2,ks_0_2,-1.0346310322669696,True
Bx,0,Poly_11,-380.0,-326.0,720,774,3,ks_0_3,ks_0_3,-0.001957968931790999,True
Bx,0,Poly_11,-380.0,-326.0,720,774,4,ks_0_4,ks_0_4,-1.3867816319717594e-06,True
Bx,0,Poly_12,-326.0,-272.0,774,828,0,ks_0_0,ks_0_0,-10899.69213399846,True
Bx,0,Poly_12,-326.0,-272.0,774,828,1,ks_0_1,ks_0_1,-147.03609165730012,True
Bx,0,Poly_12,-326.0,-272.0,774,828,2,ks_0_2,ks_0_2,-0.7417627301555321,True
Bx,0,Poly_12,-326.0,-272.0,774,828,3,ks_0_3,ks_0_3,-0.0016585539962848737,True
Bx,0,Poly_12,-326.0,-272.0,774,828,4,ks_0_4,ks_0_4,-1.3868876729716698e-06,True
Bx,0,Poly_13,-272.0,-218.0,828,882,0,ks_0_0,ks_0_0,-4873.087459477107,True
Bx,0,Poly_13,-272.0,-218.0,828,882,1,ks_0_1,ks_0_1,-80.55649322692705,True
Bx,0,Poly_13,-272.0,-218.0,828,882,2,ks_0_2,ks_0_2,-0.49731087035943156,True
Bx,0,Poly_13,-272.0,-218.0,828,882,3,ks_0_3,ks_0_3,-0.0013588957086853775,True
Bx,0,Poly_13,-272.0,-218.0,828,882,4,ks_0_4,ks_0_4,-1.3867894560481897e-06,True
Bx,0,Poly_14,-218.0,-164.0,882,936,0,ks_0_0,ks_0_0,-1769.7355013725416,True
Bx,0,Poly_14,-218.0,-164.0,882,936,1,ks_0_1,ks_0_1,-37.833766866169924,True
Bx,0,Poly_14,-218.0,-164.0,882,936,2,ks_0_2,ks_0_2,-0.3012147552775405,True
Bx,0,Poly_14,-218.0,-164.0,882,936,3,ks_0_3,ks_0_3,-0.001058576586182278,True
Bx,0,Poly_14,-218.0,-164.0,882,936,4,ks_0_4,ks_0_4,-1.3857682617452485e-06,True
Bx,0,Poly_15,-164.0,-110.0,936,990,0,ks_0_0,ks_0_0,-450.2762124582115,True
Bx,0,Poly_15,-164.0,-110.0,936,990,1,ks_0_1,ks_0_1,-13.69456925087972,True
Bx,0,Poly_15,-164.0,-110.0,936,990,2,ks_0_2,ks_0_2,-0.1540267763449943,True
Bx,0,Poly_15,-164.0,-110.0,936,990,3,ks_0_3,ks_0_3,-0.0007595599804404314,True
Bx,0,Poly_15,-164.0,-110.0,936,990,4,ks_0_4,ks_0_4,-1.3863948329745547e-06,True
Bx,0,Poly_16,-110.0,-56.0,990,1044,0,ks_0_0,ks_0_0,-52.14138960357192,True
Bx,0,Poly_16,-110.0,-56.0,990,1044,1,ks_0_1,ks_0_1,-2.8331200309969344,True
Bx,0,Poly_16,-110.0,-56.0,990,1044,2,ks_0_2,ks_0_2,-0.05526786174292779,True
Bx,0,Poly_16,-110.0,-56.0,990,1044,3,ks_0_3,ks_0_3,-0.00046033138285256564,True
Bx,0,Poly_16,-110.0,-56.0,990,1044,4,ks_0_4,ks_0_4,-1.38697547612112e-06,True
Bx,0,Poly_17,-56.0,-2.0,1044,1098,0,ks_0_0,ks_0_0,0.3781170762474273,True
Bx,0,Poly_17,-56.0,-2.0,1044,1098,1,ks_0_1,ks_0_1,-0.017567562596111946,True
Bx,0,Poly_17,-56.0,-2.0,1044,1098,2,ks_0_2,ks_0_2,-0.004960140211137648,True
Bx,0,Poly_17,-56.0,-2.0,1044,1098,3,ks_0_3,ks_0_3,-0.00016073088380295664,True
Bx,0,Poly_17,-56.0,-2.0,1044,1098,4,ks_0_4,ks_0_4,-1.3868678887034268e-06,True
Bx,0,Poly_18,-2.0,52.0,1098,1152,0,ks_0_0,ks_0_0,0.3797643332167561,True
Bx,0,Poly_18,-2.0,52.0,1098,1152,1,ks_0_1,ks_0_1,-0.014396330025881823,True
Bx,0,Poly_18,-2.0,52.0,1098,1152,2,ks_0_2,ks_0_2,-0.003187239479106281,True
Bx,0,Poly_18,-2.0,52.0,1098,1152,3,ks_0_3,ks_0_3,0.00013881927304601572,True
Bx,0,Poly_18,-2.0,52.0,1098,1152,4,ks_0_4,ks_0_4,-1.3864617761524475e-06,True
Bx,0,Poly_19,52.0,106.0,1152,1206,0,ks_0_0,ks_0_0,-41.796915446594696,True
Bx,0,Poly_19,52.0,106.0,1152,1206,1,ks_0_1,ks_0_1,2.4181747905918356,True
Bx,0,Poly_19,52.0,106.0,1152,1206,2,ks_0_2,ks_0_2,-0.04994798355421032,True
Bx,0,Poly_19,52.0,106.0,1152,1206,3,ks_0_3,ks_0_3,0.0004384269503973019,True
Bx,0,Poly_19,52.0,106.0,1152,1206,4,ks_0_4,ks_0_4,-1.3868998202507946e-06,True
Bx,0,Poly_20,106.0,160.0,1206,1260,0,ks_0_0,ks_0_0,-399.08237945762727,True
Bx,0,Poly_20,106.0,160.0,1206,1260,1,ks_0_1,ks_0_1,12.528586593511568,True
Bx,0,Poly_20,106.0,160.0,1206,1260,2,ks_0_2,ks_0_2,-0.14532169570431452,True
Bx,0,Poly_20,106.0,160.0,1206,1260,3,ks_0_3,ks_0_3,0.0007384268810376885,True
Bx,0,Poly_20,106.0,160.0,1206,1260,4,ks_0_4,ks_0_4,-1.3877226057333827e-06,True
Bx,0,Poly_21,160.0,214.0,1260,1314,0,ks_0_0,ks_0_0,-1624.3229330834688,True
Bx,0,Poly_21,160.0,214.0,1260,1314,1,ks_0_1,ks_0_1,35.489843367127385,True
Bx,0,Poly_21,160.0,214.0,1260,1314,2,ks_0_2,ks_0_2,-0.2886871971286782,True
Bx,0,Poly_21,160.0,214.0,1260,1314,3,ks_0_3,ks_0_3,0.0010362632367596969,True
Bx,0,Poly_21,160.0,214.0,1260,1314,4,ks_0_4,ks_0_4,-1.3851917932430335e-06,True
Bx,0,Poly_22,214.0,268.0,1314,1368,0,ks_0_0,ks_0_0,-4566.330015842624,True
Bx,0,Poly_22,214.0,268.0,1314,1368,1,ks_0_1,ks_0_1,76.75364085143417,True
Bx,0,Poly_22,214.0,268.0,1314,1368,2,ks_0_2,ks_0_2,-0.48172763232892013,True
Bx,0,Poly_22,214.0,268.0,1314,1368,3,ks_0_3,ks_0_3,0.0013380601848192316,True
Bx,0,Poly_22,214.0,268.0,1314,1368,4,ks_0_4,ks_0_4,-1.3878999365880235e-06,True
Bx,0,Poly_23,268.0,322.0,1368,1422,0,ks_0_0,ks_0_0,-10340.322164785284,True
Bx,0,Poly_23,268.0,322.0,1368,1422,1,ks_0_1,ks_0_1,141.3831034406781,True
Bx,0,Poly_23,268.0,322.0,1368,1422,2,ks_0_2,ks_0_2,-0.7228696297994153,True
Bx,0,Poly_23,268.0,322.0,1368,1422,3,ks_0_3,ks_0_3,0.0016380004107895436,True
Bx,0,Poly_23,268.0,322.0,1368,1422,4,ks_0_4,ks_0_4,-1.3879813562206538e-06,True
Bx,0,Poly_24,322.0,376.0,1422,1476,0,ks_0_0,ks_0_0,-20320.29733661058,True
Bx,0,Poly_24,322.0,376.0,1422,1476,1,ks_0_1,ks_0_1,234.28230737125884,True
Bx,0,Poly_24,322.0,376.0,1422,1476,2,ks_0_2,ks_0_2,-1.0108877508517828,True
Bx,0,Poly_24,322.0,376.0,1422,1476,3,ks_0_3,ks_0_3,0.0019346829307888137,True
Bx,0,Poly_24,322.0,376.0,1422,1476,4,ks_0_4,ks_0_4,-1.3857315568894899e-06,True
Bx,0,Poly_25,376.0,430.0,1476,1530,0,ks_0_0,ks_0_0,-36249.58349259148,True
Bx,0,Poly_25,376.0,430.0,1476,1530,1,ks_0_1,ks_0_1,361.39816901617115,True
Bx,0,Poly_25,376.0,430.0,1476,1530,2,ks_0_2,ks_0_2,-1.3490998043091897,True
Bx,0,Poly_25,376.0,430.0,1476,1530,3,ks_0_3,ks_0_3,0.0022349376946189034,True
Bx,0,Poly_25,376.0,430.0,1476,1530,4,ks_0_4,ks_0_4,-1.3863302373228844e-06,True
Bx,0,Poly_26,430.0,484.0,1530,1584,0,ks_0_0,ks_0_0,-60160.755523462336,True
Bx,0,Poly_26,430.0,484.0,1530,1584,1,ks_0_1,ks_0_1,528.3822921385514,True
Bx,0,Poly_26,430.0,484.0,1530,1584,2,ks_0_2,ks_0_2,-1.7382232588663242,True
Bx,0,Poly_26,430.0,484.0,1530,1584,3,ks_0_3,ks_0_3,0.002538472591116102,True
Bx,0,Poly_26,430.0,484.0,1530,1584,4,ks_0_4,ks_0_4,-1.3885597669135575e-06,True
Bx,0,Poly_27,484.0,538.0,1584,1638,0,ks_0_0,ks_0_0,-94076.33215289006,True
Bx,0,Poly_27,484.0,538.0,1584,1638,1,ks_0_1,ks_0_1,738.4347100651217,True
Bx,0,Poly_27,484.0,538.0,1584,1638,2,ks_0_2,ks_0_2,-2.171542620891459,True
Bx,0,Poly_27,484.0,538.0,1584,1638,3,ks_0_3,ks_0_3,0.0028355417357418793,True
Bx,0,Poly_27,484.0,538.0,1584,1638,4,ks_0_4,ks_0_4,-1.3871712564519422e-06,True
Bx,0,Poly_28,538.0,592.0,1638,1692,0,ks_0_0,ks_0_0,-140645.186201472,True
Bx,0,Poly_28,538.0,592.0,1638,1692,1,ks_0_1,ks_0_1,997.9417981962016,True
Bx,0,Poly_28,538.0,592.0,1638,1692,2,ks_0_2,ks_0_2,-2.653287547989261,True
Bx,0,Poly_28,538.0,592.0,1638,1692,3,ks_0_3,ks_0_3,0.00313291681174248,True
Bx,0,Poly_28,538.0,592.0,1638,1692,4,ks_0_4,ks_0_4,-1.3861600919475526e-06,True
Bx,0,Poly_29,592.0,646.0,1692,1746,0,ks_0_0,ks_0_0,-202685.83697777992,True
Bx,0,Poly_29,592.0,646.0,1692,1746,1,ks_0_1,ks_0_1,1312.221140244571,True
Bx,0,Poly_29,592.0,646.0,1692,1746,2,ks_0_2,ks_0_2,-3.183794583636324,True
Bx,0,Poly_29,592.0,646.0,1692,1746,3,ks_0_3,ks_0_3,0.00343102564314758,True
Bx,0,Poly_29,592.0,646.0,1692,1746,4,ks_0_4,ks_0_4,-1.385664580192709e-06,True
Bx,0,Poly_30,646.0,700.0,1746,1800,0,ks_0_0,ks_0_0,-283745.4083119549,True
Bx,0,Poly_30,646.0,700.0,1746,1800,1,ks_0_1,ks_0_1,1689.118350683339,True
Bx,0,Poly_30,646.0,700.0,1746,1800,2,ks_0_2,ks_0_2,-3.7686741617667296,True
Bx,0,Poly_30,646.0,700.0,1746,1800,3,ks_0_3,ks_0_3,0.003735087788456102,True
Bx,0,Poly_30,646.0,700.0,1746,1800,4,ks_0_4,ks_0_4,-1.3874294654852352e-06,True
Bx,0,Poly_31,700.0,754.0,1800,1854,0,ks_0_0,ks_0_0,-386803.606896972,True
Bx,0,Poly_31,700.0,754.0,1800,1854,1,ks_0_1,ks_0_1,2131.0849001157667,True
Bx,0,Poly_31,700.0,754.0,1800,1854,2,ks_0_2,ks_0_2,-4.400903695971403,True
Bx,0,Poly_31,700.0,754.0,1800,1854,3,ks_0_3,ks_0_3,0.00403738565721469,True
Bx,0,Poly_31,700.0,754.0,1800,1854,4,ks_0_4,ks_0_4,-1.3883211074743562e-06,True
Bx,0,Poly_32,754.0,808.0,1854,1908,0,ks_0_0,ks_0_0,-513684.7346467145,True
Bx,0,Poly_32,754.0,808.0,1854,1908,1,ks_0_1,ks_0_1,2633.96619950375,True
Bx,0,Poly_32,754.0,808.0,1854,1908,2,ks_0_2,ks_0_2,-5.062688369380021,True
Bx,0,Poly_32,754.0,808.0,1854,1908,3,ks_0_3,ks_0_3,0.004323107085752616,True
Bx,0,Poly_32,754.0,808.0,1854,1908,4,ks_0_4,ks_0_4,-1.3837848931618582e-06,True
Bx,0,Poly_33,808.0,862.0,1908,1962,0,ks_0_0,ks_0_0,-671951.3775601835,True
Bx,0,Poly_33,808.0,862.0,1908,1962,1,ks_0_1,ks_0_1,3222.2152226383487,True
Bx,0,Poly_33,808.0,862.0,1908,1962,2,ks_0_2,ks_0_2,-5.792293299416034,True
Bx,0,Poly_33,808.0,862.0,1908,1962,3,ks_0_3,ks_0_3,0.004626069551603492,True
Bx,0,Poly_33,808.0,862.0,1908,1962,4,ks_0_4,ks_0_4,-1.3850113416962704e-06,True
Bx,0,Poly_34,862.0,916.0,1962,2016,0,ks_0_0,ks_0_0,-865267.0559312891,True
Bx,0,Poly_34,862.0,916.0,1962,2016,1,ks_0_1,ks_0_1,3896.7599820319524,True
Bx,0,Poly_34,862.0,916.0,1962,2016,2,ks_0_2,ks_0_2,-6.578918170183663,True
Bx,0,Poly_34,862.0,916.0,1962,2016,3,ks_0_3,ks_0_3,0.0049350202813189005,True
Bx,0,Poly_34,862.0,916.0,1962,2016,4,ks_0_4,ks_0_4,-1.3877810027151743e-06,True
Bx,0,Poly_35,916.0,963.0,2016,2063,0,ks_0_0,ks_0_0,-491466.89839219954,True
Bx,0,Poly_35,916.0,963.0,2016,2063,1,ks_0_1,ks_0_1,2067.588334767728,True
Bx,0,Poly_35,916.0,963.0,2016,2063,2,ks_0_2,ks_0_2,-3.260034891686212,True
Bx,0,Poly_35,916.0,963.0,2016,2063,3,ks_0_3,ks_0_3,0.0022832375279750196,True
Bx,0,Poly_35,916.0,963.0,2016,2063,4,ks_0_4,ks_0_4,-5.993221196387806e-07,True
Bx,0,Poly_36,963.0,973.0,2063,2073,0,ks_0_0,ks_0_0,8099584.718512145,True
Bx,0,Poly_36,963.0,973.0,2063,2073,1,ks_0_1,ks_0_1,-33408.61547592361,True
Bx,0,Poly_36,963.0,973.0,2063,2073,2,ks_0_2,ks_0_2,51.6705988924609,True
Bx,0,Poly_36,963.0,973.0,2063,2073,3,ks_0_3,ks_0_3,-0.0355143634381735,True
Bx,0,Poly_36,963.0,973.0,2063,2073,4,ks_0_4,ks_0_4,9.152798625730443e-06,True
Bx,0,Poly_37,973.0,984.0,2073,2084,0,ks_0_0,ks_0_0,-9831605.292289803,True
Bx,0,Poly_37,973.0,984.0,2073,2084,1,ks_0_1,ks_0_1,39960.09088298502,True
Bx,0,Poly_37,973.0,984.0,2073,2084,2,ks_0_2,ks_0_2,-60.902358885084595,True
Bx,0,Poly_37,973.0,984.0,2073,2084,3,ks_0_3,ks_0_3,0.04125092360751873,True
Bx,0,Poly_37,973.0,984.0,2073,2084,4,ks_0_4,ks_0_4,-1.0477050192289816e-05,True
Bx,0,Poly_38,984.0,994.0,2084,2094,0,ks_0_0,ks_0_0,4480150.733961774,True
Bx,0,Poly_38,984.0,994.0,2084,2094,1,ks_0_1,ks_0_1,-18061.507520880743,True
Bx,0,Poly_38,984.0,994.0,2084,2094,2,ks_0_2,ks_0_2,27.305285314357352,True
Bx,0,Poly_38,984.0,994.0,2084,2094,3,ks_0_3,ks_0_3,-0.018346660573508762,True
Bx,0,Poly_38,984.0,994.0,2084,2094,4,ks_0_4,ks_0_4,4.622732045101298e-06,True
Bx,0,Poly_39,994.0,1005.0,2094,2105,0,ks_0_0,ks_0_0,577425.7120264028,True
Bx,0,Poly_39,994.0,1005.0,2094,2105,1,ks_0_1,ks_0_1,-2310.2183834100097,True
Bx,0,Poly_39,994.0,1005.0,2094,2105,2,ks_0_2,ks_0_2,3.466068412220242,True
Bx,0,Poly_39,994.0,1005.0,2094,2105,3,ks_0_3,ks_0_3,-0.0023111853497595593,True
Bx,0,Poly_39,994.0,1005.0,2094,2105,4,ks_0_4,ks_0_4,5.77909591404227e-07,True
Bx,0,Poly_40,1005.0,1015.0,2105,2115,0,ks_0_0,ks_0_0,-558434.1461014212,True
Bx,0,Poly_40,1005.0,1015.0,2105,2115,1,ks_0_1,ks_0_1,2208.3975808980626,True
Bx,0,Poly_40,1005.0,1015.0,2105,2115,2,ks_0_2,ks_0_2,-3.2750092131631336,True
Bx,0,Poly_40,1005.0,1015.0,2105,2115,3,ks_0_3,ks_0_3,0.002158558740057821,True
Bx,0,Poly_40,1005.0,1015.0,2105,2115,4,ks_0_4,ks_0_4,-5.335129853809573e-07,True
Bx,0,Poly_41,1015.0,1026.0,2115,2126,0,ks_0_0,ks_0_0,334703.1798868821,True
Bx,0,Poly_41,1015.0,1026.0,2115,2126,1,ks_0_1,ks_0_1,-1310.4267340417005,True
Bx,0,Poly_41,1015.0,1026.0,2115,2126,2,ks_0_2,ks_0_2,1.9239430053850048,True
Bx,0,Poly_41,1015.0,1026.0,2115,2126,3,ks_0_3,ks_0_3,-0.0012554069748346851,True
Bx,0,Poly_41,1015.0,1026.0,2115,2126,4,ks_0_4,ks_0_4,3.0718756896808884e-07,True
Bx,0,Poly_42,1026.0,1037.0,2126,2137,0,ks_0_0,ks_0_0,-668.1381718935149,True
Bx,0,Poly_42,1026.0,1037.0,2126,2137,1,ks_0_1,ks_0_1,2.2505439510051453,True
Bx,0,Poly_42,1026.0,1037.0,2126,2137,2,ks_0_2,ks_0_2,-0.0027847979320186084,True
Bx,0,Poly_42,1026.0,1037.0,2126,2137,3,ks_0_3,ks_0_3,1.4888841243906055e-06,True
Bx,0,Poly_42,1026.0,1037.0,2126,2137,4,ks_0_4,ks_0_4,-2.86517966301428e-10,True
Bx,0,Poly_43,1037.0,1047.0,2137,2147,0,ks_0_0,ks_0_0,-257094.5606810229,True
Bx,0,Poly_43,1037.0,1047.0,2137,2147,1,ks_0_1,ks_0_1,984.1405250051668,True
Bx,0,Poly_43,1037.0,1047.0,2137,2147,2,ks_0_2,ks_0_2,-1.4126964526146994,True
Bx,0,Poly_43,1037.0,1047.0,2137,2147,3,ks_0_3,ks_0_3,0.0009012686560938823,True
Bx,0,Poly_43,1037.0,1047.0,2137,2147,4,ks_0_4,ks_0_4,-2.1561903242014044e-07,True
Bx,0,Poly_44,1047.0,1058.0,2147,2158,0,ks_0_0,ks_0_0,-300297.955059063,True
Bx,0,Poly_44,1047.0,1058.0,2147,2158,1,ks_0_1,ks_0_1,1141.5226212709306,True
Bx,0,Poly_44,1047.0,1058.0,2147,2158,2,ks_0_2,ks_0_2,-1.627220637954665,True
Bx,0,Poly_44,1047.0,1058.0,2147,2158,3,ks_0_3,ks_0_3,0.001030918472971235,True
Bx,0,Poly_44,1047.0,1058.0,2147,2158,4,ks_0_4,ks_0_4,-2.4492432130893897e-07,True
Bx,0,Poly_45,1058.0,1068.0,2158,2168,0,ks_0_0,ks_0_0,-1210524.9045992144,True
Bx,0,Poly_45,1058.0,1068.0,2158,2168,1,ks_0_1,ks_0_1,4559.214071167504,True
Bx,0,Poly_45,1058.0,1068.0,2158,2168,2,ks_0_2,ks_0_2,-6.439249955244242,True
Bx,0,Poly_45,1058.0,1068.0,2158,2168,3,ks_0_3,ks_0_3,0.0040419955694523686,True
Bx,0,Poly_45,1058.0,1068.0,2158,2168,4,ks_0_4,ks_0_4,-9.514487756657788e-07,True
Bx,0,Poly_46,1068.0,1079.0,2168,2179,0,ks_0_0,ks_0_0,493207.8571084707,True
Bx,0,Poly_46,1068.0,1079.0,2168,2179,1,ks_0_1,ks_0_1,-1835.657229168117,True
Bx,0,Poly_46,1068.0,1079.0,2168,2179,2,ks_0_2,ks_0_2,2.562014153722994,True
Bx,0,Poly_46,1068.0,1079.0,2168,2179,3,ks_0_3,ks_0_3,-0.001589227309962763,True
Bx,0,Poly_46,1068.0,1079.0,2168,2179,4,ks_0_4,ks_0_4,3.696739691254189e-07,True
Bx,0,Poly_47,1079.0,1089.0,2179,2189,0,ks_0_0,ks_0_0,746139.3309673738,True
Bx,0,Poly_47,1079.0,1089.0,2179,2189,1,ks_0_1,ks_0_1,-2753.81081637044,True
Bx,0,Poly_47,1079.0,1089.0,2179,2189,2,ks_0_2,ks_0_2,3.811339987838686,True
Bx,0,Poly_47,1079.0,1089.0,2179,2189,3,ks_0_3,ks_0_3,-0.0023444281113942913,True
Bx,0,Poly_47,1079.0,1089.0,2179,2189,4,ks_0_4,ks_0_4,5.407861693412148e-07,True
Bx,0,Poly_48,1089.0,1100.0,2189,2200,0,ks_0_0,ks_0_0,-648426.8067676898,True
Bx,0,Poly_48,1089.0,1100.0,2189,2200,1,ks_0_1,ks_0_1,2372.0284799036576,True
Bx,0,Poly_48,1089.0,1100.0,2189,2200,2,ks_0_2,ks_0_2,-3.2539265401865674,True
Bx,0,Poly_48,1089.0,1100.0,2189,2200,3,ks_0_3,ks_0_3,0.0019838585518245173,True
Bx,0,Poly_48,1089.0,1100.0,2189,2200,4,ks_0_4,ks_0_4,-4.5356815825899784e-07,True
Bx,1,Poly_0,-1100.0,1100.0,0,2200,0,ks_1_0,ks_1_0,0,False
Bx,1,Poly_0,-1100.0,1100.0,0,2200,1,ks_1_1,ks_1_1,0,False
Bx,1,Poly_0,-1100.0,1100.0,0,2200,2,ks_1_2,ks_1_2,0,False
Bx,1,Poly_0,-1100.0,1100.0,0,2200,3,ks_1_3,ks_1_3,0,False
Bx,1,Poly_0,-1100.0,1100.0,0,2200,4,ks_1_4,ks_1_4,0,False
Bx,2,Poly_00,-1100.0,950.0,0,2050,0,ks_2_0,ks_2_0,-0.02644199171506055,True
Bx,2,Poly_00,-1100.0,950.0,0,2050,1,ks_2_1,ks_2_1,0.00018170071187638306,True
Bx,2,Poly_00,-1100.0,950.0,0,2050,2,ks_2_2,ks_2_2,1.8367169428099196e-07,True
Bx,2,Poly_00,-1100.0,950.0,0,2050,3,ks_2_3,ks_2_3,-1.9597931481596167e-10,True
Bx,2,Poly_00,-1100.0,950.0,0,2050,4,ks_2_4,ks_2_4,-1.7538315633902893e-13,True
Bx,2,Poly_01,950.0,955.0,2050,2055,0,ks_2_0,ks_2_0,2361408.385934518,True
Bx,2,Poly_01,950.0,955.0,2050,2055,1,ks_2_1,ks_2_1,-9901.06557853821,True
Bx,2,Poly_01,950.0,955.0,2050,2055,2,ks_2_2,ks_2_2,15.567655952017628,True
Bx,2,Poly_01,950.0,955.0,2050,2055,3,ks_2_3,ks_2_3,-0.010878804663161504,True
Bx,2,Poly_01,950.0,955.0,2050,2055,4,ks_2_4,ks_2_4,2.850818598528755e-06,True
Bx,2,Poly_02,955.0,960.0,2055,2060,0,ks_2_0,ks_2_0,-4944510.775374608,True
Bx,2,Poly_02,955.0,960.0,2055,2060,1,ks_2_1,ks_2_1,20652.361661303956,True
Bx,2,Poly_02,955.0,960.0,2055,2060,2,ks_2_2,ks_2_2,-32.34792004365448,True
Bx,2,Poly_02,955.0,960.0,2055,2060,3,ks_2_3,ks_2_3,0.02251850025660667,True
Bx,2,Poly_02,955.0,960.0,2055,2060,4,ks_2_4,ks_2_4,-5.878449840758941e-06,True
Bx,2,Poly_03,960.0,965.0,2060,2065,0,ks_2_0,ks_2_0,11002361.314625839,True
Bx,2,Poly_03,960.0,965.0,2060,2065,1,ks_2_1,ks_2_1,-45722.840709734366,True
Bx,2,Poly_03,960.0,965.0,2060,2065,2,ks_2_2,ks_2_2,71.25425999848517,True
Bx,2,Poly_03,960.0,965.0,2060,2065,3,ks_2_3,ks_2_3,-0.04935202794567799,True
Bx,2,Poly_03,960.0,965.0,2060,2065,4,ks_2_4,ks_2_4,1.2818272377009224e-05,True
Bx,2,Poly_04,965.0,970.0,2065,2070,0,ks_2_0,ks_2_0,599130.0097374168,True
Bx,2,Poly_04,965.0,970.0,2065,2070,1,ks_2_1,ks_2_1,-2469.4961765169364,True
Bx,2,Poly_04,965.0,970.0,2065,2070,2,ks_2_2,ks_2_2,3.8170314393686855,True
Bx,2,Poly_04,965.0,970.0,2065,2070,3,ks_2_3,ks_2_3,-0.002622161505830894,True
Bx,2,Poly_04,965.0,970.0,2065,2070,4,ks_2_4,ks_2_4,6.754967399789646e-07,True
Bx,2,Poly_05,970.0,975.0,2070,2075,0,ks_2_0,ks_2_0,7943465.34468959,True
Bx,2,Poly_05,970.0,975.0,2070,2075,1,ks_2_1,ks_2_1,-32693.204049356304,True
Bx,2,Poly_05,970.0,975.0,2070,2075,2,ks_2_2,ks_2_2,50.45864040283125,True
Bx,2,Poly_05,970.0,975.0,2070,2075,3,ks_2_3,ks_2_3,-0.034612294824262695,True
Bx,2,Poly_05,970.0,975.0,2070,2075,4,ks_2_4,ks_2_4,8.903398618130655e-06,True
Bx,2,Poly_06,975.0,980.0,2075,2080,0,ks_2_0,ks_2_0,3883070.555766689,True
Bx,2,Poly_06,975.0,980.0,2075,2080,1,ks_2_1,ks_2_1,-15910.068746912315,True
Bx,2,Poly_06,975.0,980.0,2075,2080,2,ks_2_2,ks_2_2,24.44545136676509,True
Bx,2,Poly_06,975.0,980.0,2075,2080,3,ks_2_3,ks_2_3,-0.01669319656217018,True
Bx,2,Poly_06,975.0,980.0,2075,2080,4,ks_2_4,ks_2_4,4.2747446738763645e-06,True
Bx,2,Poly_07,980.0,985.0,2080,2085,0,ks_2_0,ks_2_0,6818291.517424618,True
Bx,2,Poly_07,980.0,985.0,2080,2085,1,ks_2_1,ks_2_1,-27720.834559470175,True
Bx,2,Poly_07,980.0,985.0,2080,2085,2,ks_2_2,ks_2_2,42.2636901713339,True
Bx,2,Poly_07,980.0,985.0,2080,2085,3,ks_2_3,ks_2_3,-0.02863816106733327,True
Bx,2,Poly_07,980.0,985.0,2080,2085,4,ks_2_4,ks_2_4,7.277014417537454e-06,True
Bx,2,Poly_08,985.0,990.0,2085,2090,0,ks_2_0,ks_2_0,14477733.773559751,True
Bx,2,Poly_08,985.0,990.0,2085,2090,1,ks_2_1,ks_2_1,-58666.16125700922,True
Bx,2,Poly_08,985.0,990.0,2085,2090,2,ks_2_2,ks_2_2,89.1467101386726,True
Bx,2,Poly_08,985.0,990.0,2085,2090,3,ks_2_3,ks_2_3,-0.06020599648261291,True
Bx,2,Poly_08,985.0,990.0,2085,2090,4,ks_2_4,ks_2_4,1.524771422431834e-05,True
Bx,2,Poly_09,990.0,995.0,2090,2095,0,ks_2_0,ks_2_0,7284092.89260672,True
Bx,2,Poly_09,990.0,995.0,2090,2095,1,ks_2_1,ks_2_1,-29346.499222426595,True
Bx,2,Poly_09,990.0,995.0,2090,2095,2,ks_2_2,ks_2_2,44.337203744784986,True
Bx,2,Poly_09,990.0,995.0,2090,2095,3,ks_2_3,ks_2_3,-0.02977129217764682,True
Bx,2,Poly_09,990.0,995.0,2090,2095,4,ks_2_4,ks_2_4,7.4964947818819635e-06,True
Bx,2,Poly_10,995.0,1000.0,2095,2100,0,ks_2_0,ks_2_0,1821555.1050635995,True
Bx,2,Poly_10,995.0,1000.0,2095,2100,1,ks_2_1,ks_2_1,-7304.315552681306,True
Bx,2,Poly_10,995.0,1000.0,2095,2100,2,ks_2_2,ks_2_2,10.983675589474304,True
Bx,2,Poly_10,995.0,1000.0,2095,2100,3,ks_2_3,ks_2_3,-0.007340625020543931,True
Bx,2,Poly_10,995.0,1000.0,2095,2100,4,ks_2_4,ks_2_4,1.8397098788582688e-06,True
Bx,2,Poly_11,1000.0,1005.0,2100,2105,0,ks_2_0,ks_2_0,-719654.6459574776,True
Bx,2,Poly_11,1000.0,1005.0,2100,2105,1,ks_2_1,ks_2_1,2884.9011624611003,True
Bx,2,Poly_11,1000.0,1005.0,2100,2105,2,ks_2_2,ks_2_2,-4.336692261591115,True
Bx,2,Poly_11,1000.0,1005.0,2100,2105,3,ks_2_3,ks_2_3,0.002897299830143334,True
Bx,2,Poly_11,1000.0,1005.0,2100,2105,4,ks_2_4,ks_2_4,-7.258540848849066e-07,True
Bx,2,Poly_12,1005.0,1010.0,2105,2110,0,ks_2_0,ks_2_0,15645359.917817106,True
Bx,2,Poly_12,1005.0,1010.0,2105,2110,1,ks_2_1,ks_2_1,-62079.35831550215,True
Bx,2,Poly_12,1005.0,1010.0,2105,2110,2,ks_2_2,ks_2_2,92.37183247595846,True
Bx,2,Poly_12,1005.0,1010.0,2105,2110,3,ks_2_3,ks_2_3,-0.061086999500155725,True
Bx,2,Poly_12,1005.0,1010.0,2105,2110,4,ks_2_4,ks_2_4,1.5149165477771602e-05,True
Bx,2,Poly_13,1010.0,1015.0,2110,2115,0,ks_2_0,ks_2_0,-1774726.2579605698,True
Bx,2,Poly_13,1010.0,1015.0,2110,2115,1,ks_2_1,ks_2_1,7014.073243248341,True
Bx,2,Poly_13,1010.0,1015.0,2110,2115,2,ks_2_2,ks_2_2,-10.395346590654922,True
Bx,2,Poly_13,1010.0,1015.0,2110,2115,3,ks_2_3,ks_2_3,0.006847367298012582,True
Bx,2,Poly_13,1010.0,1015.0,2110,2115,4,ks_2_4,ks_2_4,-1.691367722967853e-06,True
Bx,2,Poly_14,1015.0,1020.0,2115,2120,0,ks_2_0,ks_2_0,-5195681.009652189,True
Bx,2,Poly_14,1015.0,1020.0,2115,2120,1,ks_2_1,ks_2_1,20438.01676989097,True
Bx,2,Poly_14,1015.0,1020.0,2115,2120,2,ks_2_2,ks_2_2,-30.14854001609427,True
Bx,2,Poly_14,1015.0,1020.0,2115,2120,3,ks_2_3,ks_2_3,0.019765658891559647,True
Bx,2,Poly_14,1015.0,1020.0,2115,2120,4,ks_2_4,ks_2_4,-4.8594550295875334e-06,True
Bx,2,Poly_15,1020.0,1025.0,2120,2125,0,ks_2_0,ks_2_0,9653553.042441392,True
Bx,2,Poly_15,1020.0,1025.0,2120,2125,1,ks_2_1,ks_2_1,-37778.51685510421,True
Bx,2,Poly_15,1020.0,1025.0,2120,2125,2,ks_2_2,ks_2_2,55.441265020477964,True
Bx,2,Poly_15,1020.0,1025.0,2120,2125,3,ks_2_3,ks_2_3,-0.03616080441182123,True
Bx,2,Poly_15,1020.0,1025.0,2120,2125,4,ks_2_4,ks_2_4,8.84450527643845e-06,True
Bx,2,Poly_16,1025.0,1030.0,2125,2130,0,ks_2_0,ks_2_0,3666687.8713505585,True
Bx,2,Poly_16,1025.0,1030.0,2125,2130,1,ks_2_1,ks_2_1,-14293.821398497059,True
Bx,2,Poly_16,1025.0,1030.0,2125,2130,2,ks_2_2,ks_2_2,20.895485078765653,True
Bx,2,Poly_16,1025.0,1030.0,2125,2130,3,ks_2_3,ks_2_3,-0.013576020236821997,True
Bx,2,Poly_16,1025.0,1030.0,2125,2130,4,ks_2_4,ks_2_4,3.307670167623487e-06,True
Bx,2,Poly_17,1030.0,1035.0,2130,2135,0,ks_2_0,ks_2_0,-604364.1912606742,True
Bx,2,Poly_17,1030.0,1035.0,2130,2135,1,ks_2_1,ks_2_1,2320.57235847214,True
Bx,2,Poly_17,1030.0,1035.0,2130,2135,2,ks_2_2,ks_2_2,-3.34109428162583,True
Bx,2,Poly_17,1030.0,1035.0,2130,2135,3,ks_2_3,ks_2_3,0.002137790739598639,True
Bx,2,Poly_17,1030.0,1035.0,2130,2135,4,ks_2_4,ks_2_4,-5.12905870745249e-07,True
Bx,2,Poly_18,1035.0,1040.0,2135,2140,0,ks_2_0,ks_2_0,4334701.292029119,True
Bx,2,Poly_18,1035.0,1040.0,2135,2140,1,ks_2_1,ks_2_1,-16724.772190335658,True
Bx,2,Poly_18,1035.0,1040.0,2135,2140,2,ks_2_2,ks_2_2,24.198691213629978,True
Bx,2,Poly_18,1035.0,1040.0,2135,2140,3,ks_2_3,ks_2_3,-0.015561103401643609,True
Bx,2,Poly_18,1035.0,1040.0,2135,2140,4,ks_2_4,ks_2_4,3.7524898616566797e-06,True
Bx,2,Poly_19,1040.0,1045.0,2140,2145,0,ks_2_0,ks_2_0,-5119879.290451056,True
Bx,2,Poly_19,1040.0,1045.0,2140,2145,1,ks_2_1,ks_2_1,19631.99210236359,True
Bx,2,Poly_19,1040.0,1045.0,2140,2145,2,ks_2_2,ks_2_2,-28.22929975910528,True
Bx,2,Poly_19,1040.0,1045.0,2140,2145,3,ks_2_3,ks_2_3,0.018040689911513218,True
Bx,2,Poly_19,1040.0,1045.0,2140,2145,4,ks_2_4,ks_2_4,-4.323517958662582e-06,True
Bx,2,Poly_20,1045.0,1050.0,2145,2150,0,ks_2_0,ks_2_0,2755013.968048608,True
Bx,2,Poly_20,1045.0,1050.0,2145,2150,1,ks_2_1,ks_2_1,-10541.29153020729,True
Bx,2,Poly_20,1045.0,1050.0,2145,2150,2,ks_2_2,ks_2_2,15.124914553395941,True
Bx,2,Poly_20,1045.0,1050.0,2145,2150,3,ks_2_3,ks_2_3,-0.009645113489694174,True
Bx,2,Poly_20,1045.0,1050.0,2145,2150,4,ks_2_4,ks_2_4,2.3064861634128885e-06,True
Bx,2,Poly_21,1050.0,1055.0,2150,2155,0,ks_2_0,ks_2_0,22634031.95673462,True
Bx,2,Poly_21,1050.0,1055.0,2150,2155,1,ks_2_1,ks_2_1,-86006.72218343087,True
Bx,2,Poly_21,1050.0,1055.0,2150,2155,2,ks_2_2,ks_2_2,122.55577259909776,True
Bx,2,Poly_21,1050.0,1055.0,2150,2155,3,ks_2_3,ks_2_3,-0.07761618030397366,True
Bx,2,Poly_21,1050.0,1055.0,2150,2155,4,ks_2_4,ks_2_4,1.8433239458751996e-05,True
Bx,2,Poly_22,1055.0,1060.0,2155,2160,0,ks_2_0,ks_2_0,8696506.528932357,True
Bx,2,Poly_22,1055.0,1060.0,2155,2160,1,ks_2_1,ks_2_1,-32883.494263671484,True
Bx,2,Poly_22,1055.0,1060.0,2155,2160,2,ks_2_2,ks_2_2,46.62752177461039,True
Bx,2,Poly_22,1055.0,1060.0,2155,2160,3,ks_2_3,ks_2_3,-0.029384896245952086,True
Bx,2,Poly_22,1055.0,1060.0,2155,2160,4,ks_2_4,ks_2_4,6.944440009414942e-06,True
Bx,2,Poly_23,1060.0,1065.0,2160,2165,0,ks_2_0,ks_2_0,-11965495.570200564,True
Bx,2,Poly_23,1060.0,1065.0,2160,2165,1,ks_2_1,ks_2_1,45039.12806571125,True
Bx,2,Poly_23,1060.0,1065.0,2160,2165,2,ks_2_2,ks_2_2,-63.57404874057585,True
Bx,2,Poly_23,1060.0,1065.0,2160,2165,3,ks_2_3,ks_2_3,0.03988288748456131,True
Bx,2,Poly_23,1060.0,1065.0,2160,2165,4,ks_2_4,ks_2_4,-9.38261569125357e-06,True
Bx,2,Poly_24,1065.0,1070.0,2165,2170,0,ks_2_0,ks_2_0,-21299502.261242073,True
Bx,2,Poly_24,1065.0,1070.0,2165,2170,1,ks_2_1,ks_2_1,79841.25983745583,True
Bx,2,Poly_24,1065.0,1070.0,2165,2170,2,ks_2_2,ks_2_2,-112.23182115719871,True
Bx,2,Poly_24,1065.0,1070.0,2165,2170,3,ks_2_3,ks_2_3,0.07011671419565565,True
Bx,2,Poly_24,1065.0,1070.0,2165,2170,4,ks_2_4,ks_2_4,-1.6426982891531357e-05,True
Bx,2,Poly_25,1070.0,1075.0,2170,2175,0,ks_2_0,ks_2_0,179354.17481056016,True
Bx,2,Poly_25,1070.0,1075.0,2170,2175,1,ks_2_1,ks_2_1,-656.6310160442695,True
Bx,2,Poly_25,1070.0,1075.0,2170,2175,2,ks_2_2,ks_2_2,0.9011319768554813,True
Bx,2,Poly_25,1070.0,1075.0,2170,2175,3,ks_2_3,ks_2_3,-0.0005494037785948778,True
Bx,2,Poly_25,1070.0,1075.0,2170,2175,4,ks_2_4,ks_2_4,1.2555597036495554e-07,True
Bx,2,Poly_26,1075.0,1080.0,2175,2180,0,ks_2_0,ks_2_0,13713733.60956005,True
Bx,2,Poly_26,1075.0,1080.0,2175,2180,1,ks_2_1,ks_2_1,-50880.91940375434,True
Bx,2,Poly_26,1075.0,1080.0,2175,2180,2,ks_2_2,ks_2_2,70.79211546977864,True
Bx,2,Poly_26,1075.0,1080.0,2175,2180,3,ks_2_3,ks_2_3,-0.0437755634100215,True
Bx,2,Poly_26,1075.0,1080.0,2175,2180,4,ks_2_4,ks_2_4,1.0151010998952174e-05,True
Bx,2,Poly_27,1080.0,1085.0,2180,2185,0,ks_2_0,ks_2_0,811105.6559573727,True
Bx,2,Poly_27,1080.0,1085.0,2180,2185,1,ks_2_1,ks_2_1,-2996.4875208110516,True
Bx,2,Poly_27,1080.0,1085.0,2180,2185,2,ks_2_2,ks_2_2,4.151275264176604,True
Bx,2,Poly_27,1080.0,1085.0,2180,2185,3,ks_2_3,ks_2_3,-0.0025560586997005123,True
Bx,2,Poly_27,1080.0,1085.0,2180,2185,4,ks_2_4,ks_2_4,5.901931134400908e-07,True
Bx,2,Poly_28,1085.0,1090.0,2185,2190,0,ks_2_0,ks_2_0,2119715.1456840234,True
Bx,2,Poly_28,1085.0,1090.0,2185,2190,1,ks_2_1,ks_2_1,-7800.348791382779,True
Bx,2,Poly_28,1085.0,1090.0,2185,2190,2,ks_2_2,ks_2_2,10.764164085152167,True
Bx,2,Poly_28,1085.0,1090.0,2185,2190,3,ks_2_3,ks_2_3,-0.006601803241835145,True
Bx,2,Poly_28,1085.0,1090.0,2185,2190,4,ks_2_4,ks_2_4,1.5183594930192519e-06,True
Bx,2,Poly_29,1090.0,1095.0,2190,2195,0,ks_2_0,ks_2_0,235432.11133830302,True
Bx,2,Poly_29,1090.0,1095.0,2190,2195,1,ks_2_1,ks_2_1,-894.0718481559817,True
Bx,2,Poly_29,1090.0,1095.0,2190,2195,2,ks_2_2,ks_2_2,1.271598398043609,True
Bx,2,Poly_29,1090.0,1095.0,2190,2195,3,ks_2_3,ks_2_3,-0.0008028283489975025,True
Bx,2,Poly_29,1090.0,1095.0,2190,2195,4,ks_2_4,ks_2_4,1.8986230650911432e-07,True
Bx,2,Poly_30,1095.0,1100.0,2195,2200,0,ks_2_0,ks_2_0,16735044.290528545,True
Bx,2,Poly_30,1095.0,1100.0,2195,2200,1,ks_2_1,ks_2_1,-60992.25781400427,True
Bx,2,Poly_30,1095.0,1100.0,2195,2200,2,ks_2_2,ks_2_2,83.35916190146952,True
Bx,2,Poly_30,1095.0,1100.0,2195,2200,3,ks_2_3,ks_2_3,-0.05063478472317714,True
Bx,2,Poly_30,1095.0,1100.0,2195,2200,4,ks_2_4,ks_2_4,1.1533878745069564e-05,True
By,0,Poly_000,-1100.0,-965.0,0,135,0,kn_0_0,kn_0_0,-50427.49783654664,True
By,0,Poly_000,-1100.0,-965.0,0,135,1,kn_0_1,kn_0_1,-195.19364881458802,True
By,0,Poly_000,-1100.0,-965.0,0,135,2,kn_0_2,kn_0_2,-0.28292027043958823,True
By,0,Poly_000,-1100.0,-965.0,0,135,3,kn_0_3,kn_0_3,-0.00018199705630264412,True
By,0,Poly_000,-1100.0,-965.0,0,135,4,kn_0_4,kn_0_4,-4.384268049792434e-08,True
By,0,Poly_001,-965.0,-947.0,135,153,0,kn_0_0,kn_0_0,601014.4188457933,True
By,0,Poly_001,-965.0,-947.0,135,153,1,kn_0_1,kn_0_1,1942.4910110801716,True
By,0,Poly_001,-965.0,-947.0,135,153,2,kn_0_2,kn_0_2,2.149918095540561,True
By,0,Poly_001,-965.0,-947.0,135,153,3,kn_0_3,kn_0_3,0.00087317403109285,True
By,0,Poly_001,-965.0,-947.0,135,153,4,kn_0_4,kn_0_4,6.46867011681445e-08,True
By,0,Poly_002,-947.0,-929.0,153,171,0,kn_0_0,kn_0_0,1742713.8905304463,True
By,0,Poly_002,-947.0,-929.0,153,171,1,kn_0_1,kn_0_1,7956.292973421654,True
By,0,Poly_002,-947.0,-929.0,153,171,2,kn_0_2,kn_0_2,13.561885220980104,True
By,0,Poly_002,-947.0,-929.0,153,171,3,kn_0_3,kn_0_3,0.010234413343203432,True
By,0,Poly_002,-947.0,-929.0,153,171,4,kn_0_4,kn_0_4,2.8862791016824317e-06,True
By,0,Poly_003,-929.0,-911.0,171,189,0,kn_0_0,kn_0_0,-343835.24431855493,True
By,0,Poly_003,-929.0,-911.0,171,189,1,kn_0_1,kn_0_1,-1991.9224579024694,True
By,0,Poly_003,-929.0,-911.0,171,189,2,kn_0_2,kn_0_2,-4.0579354189871815,True
By,0,Poly_003,-929.0,-911.0,171,189,3,kn_0_3,kn_0_3,-0.0035274419277285113,True
By,0,Poly_003,-929.0,-911.0,171,189,4,kn_0_4,kn_0_4,-1.1179250525918795e-06,True
By,0,Poly_004,-911.0,-893.0,189,207,0,kn_0_0,kn_0_0,-516726.07994865434,True
By,0,Poly_004,-911.0,-893.0,189,207,1,kn_0_1,kn_0_1,-1782.8381372362073,True
By,0,Poly_004,-911.0,-893.0,189,207,2,kn_0_2,kn_0_2,-2.1188767006683955,True
By,0,Poly_004,-911.0,-893.0,189,207,3,kn_0_3,kn_0_3,-0.0009409472440821112,True
By,0,Poly_004,-911.0,-893.0,189,207,4,kn_0_4,kn_0_4,-8.762125449224053e-08,True
By,0,Poly_005,-893.0,-875.0,207,225,0,kn_0_0,kn_0_0,-1353668.281762229,True
By,0,Poly_005,-893.0,-875.0,207,225,1,kn_0_1,kn_0_1,-6591.405001010964,True
By,0,Poly_005,-893.0,-875.0,207,225,2,kn_0_2,kn_0_2,-11.97519268011849,True
By,0,Poly_005,-893.0,-875.0,207,225,3,kn_0_3,kn_0_3,-0.009626870173061694,True
By,0,Poly_005,-893.0,-875.0,207,225,4,kn_0_4,kn_0_4,-2.8908376394295984e-06,True
By,0,Poly_006,-875.0,-857.0,225,243,0,kn_0_0,kn_0_0,246945.0471171168,True
By,0,Poly_006,-875.0,-857.0,225,243,1,kn_0_1,kn_0_1,1580.9471676533537,True
By,0,Poly_006,-875.0,-857.0,225,243,2,kn_0_2,kn_0_2,3.5010040183836137,True
By,0,Poly_006,-875.0,-857.0,225,243,3,kn_0_3,kn_0_3,0.0032820303120083727,True
By,0,Poly_006,-875.0,-857.0,225,243,4,kn_0_4,kn_0_4,1.1167708828247893e-06,True
By,0,Poly_007,-857.0,-839.0,243,261,0,kn_0_0,kn_0_0,426122.5733805144,True
By,0,Poly_007,-857.0,-839.0,243,261,1,kn_0_1,kn_0_1,1560.4604569195187,True
By,0,Poly_007,-857.0,-839.0,243,261,2,kn_0_2,kn_0_2,1.96492346921756,True
By,0,Poly_007,-857.0,-839.0,243,261,3,kn_0_3,kn_0_3,0.0009196055532455928,True
By,0,Poly_007,-857.0,-839.0,243,261,4,kn_0_4,kn_0_4,8.690434137498289e-08,True
By,0,Poly_008,-839.0,-821.0,261,279,0,kn_0_0,kn_0_0,1031410.4753319791,True
By,0,Poly_008,-839.0,-821.0,261,279,1,kn_0_1,kn_0_1,5381.679056762887,True
By,0,Poly_008,-839.0,-821.0,261,279,2,kn_0_2,kn_0_2,10.46837926861094,True
By,0,Poly_008,-839.0,-821.0,261,279,3,kn_0_3,kn_0_3,0.009004179485959394,True
By,0,Poly_008,-839.0,-821.0,261,279,4,kn_0_4,kn_0_4,2.8913569177140935e-06,True
By,0,Poly_009,-821.0,-803.0,279,297,0,kn_0_0,kn_0_0,-171586.46952893984,True
By,0,Poly_009,-821.0,-803.0,279,297,1,kn_0_1,kn_0_1,-1232.3793556720552,True
By,0,Poly_009,-821.0,-803.0,279,297,2,kn_0_2,kn_0_2,-2.991687751655382,True
By,0,Poly_009,-821.0,-803.0,279,297,3,kn_0_3,kn_0_3,-0.003043136010139639,True
By,0,Poly_009,-821.0,-803.0,279,297,4,kn_0_4,kn_0_4,-1.117488263325186e-06,True
By,0,Poly_010,-803.0,-785.0,297,315,0,kn_0_0,kn_0_0,-347646.04459678,True
By,0,Poly_010,-803.0,-785.0,297,315,1,kn_0_1,kn_0_1,-1357.2561978901176,True
By,0,Poly_010,-803.0,-785.0,297,315,2,kn_0_2,kn_0_2,-1.8193833408308508,True
By,0,Poly_010,-803.0,-785.0,297,315,3,kn_0_3,kn_0_3,-0.0009024368821748902,True
By,0,Poly_010,-803.0,-785.0,297,315,4,kn_0_4,kn_0_4,-8.740719267063291e-08,True
By,0,Poly_011,-785.0,-767.0,315,333,0,kn_0_0,kn_0_0,-769647.7262047428,True
By,0,Poly_011,-785.0,-767.0,315,333,1,kn_0_1,kn_0_1,-4326.576354325836,True
By,0,Poly_011,-785.0,-767.0,315,333,2,kn_0_2,kn_0_2,-9.057461147812486,True
By,0,Poly_011,-785.0,-767.0,315,333,3,kn_0_3,kn_0_3,-0.008377220110197191,True
By,0,Poly_011,-785.0,-767.0,315,333,4,kn_0_4,kn_0_4,-2.8905764020168005e-06,True
By,0,Poly_012,-767.0,-749.0,333,351,0,kn_0_0,kn_0_0,112985.28473547519,True
By,0,Poly_012,-767.0,-749.0,333,351,1,kn_0_1,kn_0_1,933.5799027606113,True
By,0,Poly_012,-767.0,-749.0,333,351,2,kn_0_2,kn_0_2,2.5150644419068104,True
By,0,Poly_012,-767.0,-749.0,333,351,3,kn_0_3,kn_0_3,0.0027989631490732006,True
By,0,Poly_012,-767.0,-749.0,333,351,4,kn_0_4,kn_0_4,1.116568780636524e-06,True
By,0,Poly_013,-749.0,-731.0,351,369,0,kn_0_0,kn_0_0,278533.74291529873,True
By,0,Poly_013,-749.0,-731.0,351,369,1,kn_0_1,kn_0_1,1163.2840755135978,True
By,0,Poly_013,-749.0,-731.0,351,369,2,kn_0_2,kn_0_2,1.6639442498071686,True
By,0,Poly_013,-749.0,-731.0,351,369,3,kn_0_3,kn_0_3,0.0008738571322470369,True
By,0,Poly_013,-749.0,-731.0,351,369,4,kn_0_4,kn_0_4,8.413240202285831e-08,True
By,0,Poly_014,-731.0,-713.0,369,387,0,kn_0_0,kn_0_0,560761.6317930353,True
By,0,Poly_014,-731.0,-713.0,369,387,1,kn_0_1,kn_0_1,3417.7937100165555,True
By,0,Poly_014,-731.0,-713.0,369,387,2,kn_0_2,kn_0_2,7.7466838592954135,True
By,0,Poly_014,-731.0,-713.0,369,387,3,kn_0_3,kn_0_3,0.007748937122991559,True
By,0,Poly_014,-731.0,-713.0,369,387,4,kn_0_4,kn_0_4,2.8892188070227928e-06,True
By,0,Poly_015,-713.0,-695.0,387,405,0,kn_0_0,kn_0_0,-69358.53347083257,True
By,0,Poly_015,-713.0,-695.0,387,405,1,kn_0_1,kn_0_1,-685.0665694765859,True
By,0,Poly_015,-713.0,-695.0,387,405,2,kn_0_2,kn_0_2,-2.079725350051609,True
By,0,Poly_015,-713.0,-695.0,387,405,3,kn_0_3,kn_0_3,-0.002556400925159467,True
By,0,Poly_015,-713.0,-695.0,387,405,4,kn_0_4,kn_0_4,-1.1160713996747015e-06,True
By,0,Poly_016,-695.0,-677.0,405,423,0,kn_0_0,kn_0_0,-221830.78319742027,True
By,0,Poly_016,-695.0,-677.0,405,423,1,kn_0_1,kn_0_1,-999.3245056225657,True
By,0,Poly_016,-695.0,-677.0,405,423,2,kn_0_2,kn_0_2,-1.5416740143110812,True
By,0,Poly_016,-695.0,-677.0,405,423,3,kn_0_3,kn_0_3,-0.0008729957620804214,True
By,0,Poly_016,-695.0,-677.0,405,423,4,kn_0_4,kn_0_4,-9.043761799141333e-08,True
By,0,Poly_017,-677.0,-659.0,423,441,0,kn_0_0,kn_0_0,-397258.73657741206,True
By,0,Poly_017,-677.0,-659.0,423,441,1,kn_0_1,kn_0_1,-2645.111545301542,True
By,0,Poly_017,-677.0,-659.0,423,441,2,kn_0_2,kn_0_2,-6.537401620988833,True
By,0,Poly_017,-677.0,-659.0,423,441,3,kn_0_3,kn_0_3,-0.007120376067833261,True
By,0,Poly_017,-677.0,-659.0,423,441,4,kn_0_4,kn_0_4,-2.887540576486025e-06,True
By,0,Poly_018,-659.0,-641.0,441,459,0,kn_0_0,kn_0_0,38085.48968097693,True
By,0,Poly_018,-659.0,-641.0,441,459,1,kn_0_1,kn_0_1,482.429802977374,True
By,0,Poly_018,-659.0,-641.0,441,459,2,kn_0_2,kn_0_2,1.6858627890877562,True
By,0,Poly_018,-659.0,-641.0,441,459,3,kn_0_3,kn_0_3,0.002316121827317593,True
By,0,Poly_018,-659.0,-641.0,441,459,4,kn_0_4,kn_0_4,1.1163859422646868e-06,True
By,0,Poly_019,-641.0,-623.0,459,477,0,kn_0_0,kn_0_0,172054.78354884856,True
By,0,Poly_019,-641.0,-623.0,459,477,1,kn_0_1,kn_0_1,839.3094194289647,True
By,0,Poly_019,-641.0,-623.0,459,477,2,kn_0_2,kn_0_2,1.3992098732597609,True
By,0,Poly_019,-641.0,-623.0,459,477,3,kn_0_3,kn_0_3,0.0008506712329718419,True
By,0,Poly_019,-641.0,-623.0,459,477,4,kn_0_4,kn_0_4,8.932409068228464e-08,True
By,0,Poly_020,-623.0,-605.0,477,495,0,kn_0_0,kn_0_0,273314.41830711387,True
By,0,Poly_020,-623.0,-605.0,477,495,1,kn_0_1,kn_0_1,2005.5703288386146,True
By,0,Poly_020,-623.0,-605.0,477,495,2,kn_0_2,kn_0_2,5.4491462186452715,True
By,0,Poly_020,-623.0,-605.0,477,495,3,kn_0_3,kn_0_3,0.0065126538565374184,True
By,0,Poly_020,-623.0,-605.0,477,495,4,kn_0_4,kn_0_4,2.894048831775788e-06,True
By,0,Poly_021,-605.0,-587.0,495,513,0,kn_0_0,kn_0_0,-16638.327907876424,True
By,0,Poly_021,-605.0,-587.0,495,513,1,kn_0_1,kn_0_1,-320.1942979721158,True
By,0,Poly_021,-605.0,-587.0,495,513,2,kn_0_2,kn_0_2,-1.3308585652730656,True
By,0,Poly_021,-605.0,-587.0,495,513,3,kn_0_3,kn_0_3,-0.00207570640835579,True
By,0,Poly_021,-605.0,-587.0,495,513,4,kn_0_4,kn_0_4,-1.1166764481428125e-06,True
By,0,Poly_022,-587.0,-569.0,513,531,0,kn_0_0,kn_0_0,-129937.03573949235,True
By,0,Poly_022,-587.0,-569.0,513,531,1,kn_0_1,kn_0_1,-690.4661489650754,True
By,0,Poly_022,-587.0,-569.0,513,531,2,kn_0_2,kn_0_2,-1.2497462328134248,True
By,0,Poly_022,-587.0,-569.0,513,531,3,kn_0_3,kn_0_3,-0.0008161948092410001,True
By,0,Poly_022,-587.0,-569.0,513,531,4,kn_0_4,kn_0_4,-8.278481335450055e-08,True
By,0,Poly_023,-569.0,-551.0,531,549,0,kn_0_0,kn_0_0,-179223.10541899744,True
By,0,Poly_023,-569.0,-551.0,531,549,1,kn_0_1,kn_0_1,-1467.3502184650292,True
By,0,Poly_023,-569.0,-551.0,531,549,2,kn_0_2,kn_0_2,-4.431681150079516,True
By,0,Poly_023,-569.0,-551.0,531,549,3,kn_0_3,kn_0_3,-0.005871974474916121,True
By,0,Poly_023,-569.0,-551.0,531,549,4,kn_0_4,kn_0_4,-2.887087305168047e-06,True
By,0,Poly_024,-551.0,-533.0,549,567,0,kn_0_0,kn_0_0,2518.4854489952027,True
By,0,Poly_024,-551.0,-533.0,549,567,1,kn_0_1,kn_0_1,191.0197360975214,True
By,0,Poly_024,-551.0,-533.0,549,567,2,kn_0_2,kn_0_2,1.006120468740706,True
By,0,Poly_024,-551.0,-533.0,549,567,3,kn_0_3,kn_0_3,0.0018246583326510008,True
By,0,Poly_024,-551.0,-533.0,549,567,4,kn_0_4,kn_0_4,1.1121387287913676e-06,True
By,0,Poly_025,-533.0,-515.0,567,585,0,kn_0_0,kn_0_0,96410.13716048986,True
By,0,Poly_025,-533.0,-515.0,567,585,1,kn_0_1,kn_0_1,564.4179133220022,True
By,0,Poly_025,-533.0,-515.0,567,585,2,kn_0_2,kn_0_2,1.1242002516803002,True
By,0,Poly_025,-533.0,-515.0,567,585,3,kn_0_3,kn_0_3,0.0008049305148393936,True
By,0,Poly_025,-533.0,-515.0,567,585,4,kn_0_4,kn_0_4,8.592471528718781e-08,True
By,0,Poly_026,-515.0,-497.0,585,603,0,kn_0_0,kn_0_0,112313.78265888052,True
By,0,Poly_026,-515.0,-497.0,585,603,1,kn_0_1,kn_0_1,1040.6928703630892,True
By,0,Poly_026,-515.0,-497.0,585,603,2,kn_0_2,kn_0_2,3.5381046715362277,True
By,0,Poly_026,-515.0,-497.0,585,603,3,kn_0_3,kn_0_3,0.005257827894342827,True
By,0,Poly_026,-515.0,-497.0,585,603,4,kn_0_4,kn_0_4,2.891771176470366e-06,True
By,0,Poly_027,-497.0,-479.0,603,621,0,kn_0_0,kn_0_0,5237.722983321429,True
By,0,Poly_027,-497.0,-479.0,603,621,1,kn_0_1,kn_0_1,-96.81644763433192,True
By,0,Poly_027,-497.0,-479.0,603,621,2,kn_0_2,kn_0_2,-0.7274890978495373,True
By,0,Poly_027,-497.0,-479.0,603,621,3,kn_0_3,kn_0_3,-0.0015809961996397842,True
By,0,Poly_027,-497.0,-479.0,603,621,4,kn_0_4,kn_0_4,-1.1103600369700605e-06,True
By,0,Poly_028,-479.0,-461.0,621,639,0,kn_0_0,kn_0_0,-69120.93020679415,True
By,0,Poly_028,-479.0,-461.0,621,639,1,kn_0_1,kn_0_1,-450.3018238048727,True
By,0,Poly_028,-479.0,-461.0,621,639,2,kn_0_2,kn_0_2,-0.9962735976317734,True
By,0,Poly_028,-479.0,-461.0,621,639,3,kn_0_3,kn_0_3,-0.0007877149436755129,True
By,0,Poly_028,-479.0,-461.0,621,639,4,kn_0_4,kn_0_4,-8.662369916444835e-08,True
By,0,Poly_029,-461.0,-443.0,639,657,0,kn_0_0,kn_0_0,-65177.178991497385,True
By,0,Poly_029,-461.0,-443.0,639,657,1,kn_0_1,kn_0_1,-698.7460896839954,True
By,0,Poly_029,-461.0,-443.0,639,657,2,kn_0_2,kn_0_2,-2.723649311664299,True
By,0,Poly_029,-461.0,-443.0,639,657,3,kn_0_3,kn_0_3,-0.0046136336614077695,True
By,0,Poly_029,-461.0,-443.0,639,657,4,kn_0_4,kn_0_4,-2.8809568006373805e-06,True
By,0,Poly_030,-443.0,-425.0,657,675,0,kn_0_0,kn_0_0,-8032.324754698431,True
By,0,Poly_030,-443.0,-425.0,657,675,1,kn_0_1,kn_0_1,36.46397523099003,True
By,0,Poly_030,-443.0,-425.0,657,675,2,kn_0_2,kn_0_2,0.5083719381468662,True
By,0,Poly_030,-443.0,-425.0,657,675,3,kn_0_3,kn_0_3,0.0013681598298143248,True
By,0,Poly_030,-443.0,-425.0,657,675,4,kn_0_4,kn_0_4,1.1259131032904905e-06,True
By,0,Poly_031,-425.0,-407.0,675,693,0,kn_0_0,kn_0_0,48068.609400852096,True
By,0,Poly_031,-425.0,-407.0,675,693,1,kn_0_1,kn_0_1,354.18333608276515,True
By,0,Poly_031,-425.0,-407.0,675,693,2,kn_0_2,kn_0_2,0.8869425051469478,True
By,0,Poly_031,-425.0,-407.0,675,693,3,kn_0_3,kn_0_3,0.0007959023069405126,True
By,0,Poly_031,-425.0,-407.0,675,693,4,kn_0_4,kn_0_4,1.0280747228179327e-07,True
By,0,Poly_032,-407.0,-389.0,693,711,0,kn_0_0,kn_0_0,34903.15999739094,True
By,0,Poly_032,-407.0,-389.0,693,711,1,kn_0_1,kn_0_1,445.34866466977803,True
By,0,Poly_032,-407.0,-389.0,693,711,2,kn_0_2,kn_0_2,2.0350516891978825,True
By,0,Poly_032,-407.0,-389.0,693,711,3,kn_0_3,kn_0_3,0.0040055463722499275,True
By,0,Poly_032,-407.0,-389.0,693,711,4,kn_0_4,kn_0_4,2.8899500199787774e-06,True
By,0,Poly_033,-389.0,-371.0,711,729,0,kn_0_0,kn_0_0,8904.733868661488,True
By,0,Poly_033,-389.0,-371.0,711,729,1,kn_0_1,kn_0_1,9.080334202946515,True
By,0,Poly_033,-389.0,-371.0,711,729,2,kn_0_2,kn_0_2,-0.2989079642739158,True
By,0,Poly_033,-389.0,-371.0,711,729,3,kn_0_3,kn_0_3,-0.001111729792656711,True
By,0,Poly_033,-389.0,-371.0,711,729,4,kn_0_4,kn_0_4,-1.1171833114238076e-06,True
By,0,Poly_034,-371.0,-353.0,729,747,0,kn_0_0,kn_0_0,-31226.317680136246,True
By,0,Poly_034,-371.0,-353.0,729,747,1,kn_0_1,kn_0_1,-263.3227879956708,True
By,0,Poly_034,-371.0,-353.0,729,747,2,kn_0_2,kn_0_2,-0.7516540423701652,True
By,0,Poly_034,-371.0,-353.0,729,747,3,kn_0_3,kn_0_3,-0.000758697648673715,True
By,0,Poly_034,-371.0,-353.0,729,747,4,kn_0_4,kn_0_4,-9.245964464364602e-08,True
By,0,Poly_035,-353.0,-335.0,747,765,0,kn_0_0,kn_0_0,-16222.528111361096,True
By,0,Poly_035,-353.0,-335.0,747,765,1,kn_0_1,kn_0_1,-259.2443092377216,True
By,0,Poly_035,-353.0,-335.0,747,765,2,kn_0_2,kn_0_2,-1.4387001828874215,True
By,0,Poly_035,-353.0,-335.0,747,765,3,kn_0_3,kn_0_3,-0.003385112957566984,True
By,0,Poly_035,-353.0,-335.0,747,765,4,kn_0_4,kn_0_4,-2.8926718991633254e-06,True
By,0,Poly_036,-335.0,-317.0,765,783,0,kn_0_0,kn_0_0,-7483.439224200417,True
By,0,Poly_036,-335.0,-317.0,765,783,1,kn_0_1,kn_0_1,-29.566799371912445,True
By,0,Poly_036,-335.0,-317.0,765,783,2,kn_0_2,kn_0_2,0.15118116035729076,True
By,0,Poly_036,-335.0,-317.0,765,783,3,kn_0_3,kn_0_3,0.0008967766220345971,True
By,0,Poly_036,-335.0,-317.0,765,783,4,kn_0_4,kn_0_4,1.1374909985503112e-06,True
By,0,Poly_037,-317.0,-299.0,783,801,0,kn_0_0,kn_0_0,19032.299254259768,True
By,0,Poly_037,-317.0,-299.0,783,801,1,kn_0_1,kn_0_1,188.10048387822712,True
By,0,Poly_037,-317.0,-299.0,783,801,2,kn_0_2,kn_0_2,0.6273185250602001,True
By,0,Poly_037,-317.0,-299.0,783,801,3,kn_0_3,kn_0_3,0.0007321114216931829,True
By,0,Poly_037,-317.0,-299.0,783,801,4,kn_0_4,kn_0_4,8.707028813128334e-08,True
By,0,Poly_038,-299.0,-281.0,801,819,0,kn_0_0,kn_0_0,5967.760649395998,True
By,0,Poly_038,-299.0,-281.0,801,819,1,kn_0_1,kn_0_1,132.45491588166684,True
By,0,Poly_038,-299.0,-281.0,801,819,2,kn_0_2,kn_0_2,0.9450790124991124,True
By,0,Poly_038,-299.0,-281.0,801,819,3,kn_0_3,kn_0_3,0.00276990343798004,True
By,0,Poly_038,-299.0,-281.0,801,819,4,kn_0_4,kn_0_4,2.9009973226703534e-06,True
By,0,Poly_039,-281.0,-263.0,819,837,0,kn_0_0,kn_0_0,5705.610806662669,True
By,0,Poly_039,-281.0,-263.0,819,837,1,kn_0_1,kn_0_1,40.64835947460263,True
By,0,Poly_039,-281.0,-263.0,819,837,2,kn_0_2,kn_0_2,-0.015431334036559802,True
By,0,Poly_039,-281.0,-263.0,819,837,3,kn_0_3,kn_0_3,-0.0006256784987952393,True
By,0,Poly_039,-281.0,-263.0,819,837,4,kn_0_4,kn_0_4,-1.1141735863096166e-06,True
By,0,Poly_040,-263.0,-245.0,837,855,0,kn_0_0,kn_0_0,-10566.871721024085,True
By,0,Poly_040,-263.0,-245.0,837,855,1,kn_0_1,kn_0_1,-126.35144978973001,True
By,0,Poly_040,-263.0,-245.0,837,855,2,kn_0_2,kn_0_2,-0.508239643021369,True
By,0,Poly_040,-263.0,-245.0,837,855,3,kn_0_3,kn_0_3,-0.0007082042686079786,True
By,0,Poly_040,-263.0,-245.0,837,855,4,kn_0_4,kn_0_4,-8.219915535928062e-08,True
By,0,Poly_041,-245.0,-227.0,855,873,0,kn_0_0,kn_0_0,-1116.4780447371043,True
By,0,Poly_041,-245.0,-227.0,855,873,1,kn_0_1,kn_0_1,-52.04739605731704,True
By,0,Poly_041,-245.0,-227.0,855,873,2,kn_0_2,kn_0_2,-0.5423084428923636,True
By,0,Poly_041,-245.0,-227.0,855,873,3,kn_0_3,kn_0_3,-0.002129499514888622,True
By,0,Poly_041,-245.0,-227.0,855,873,4,kn_0_4,kn_0_4,-2.886158245235454e-06,True
By,0,Poly_042,-227.0,-209.0,873,891,0,kn_0_0,kn_0_0,-3578.7605981611055,True
By,0,Poly_042,-227.0,-209.0,873,891,1,kn_0_1,kn_0_1,-37.99804612415953,True
By,0,Poly_042,-227.0,-209.0,873,891,2,kn_0_2,kn_0_2,-0.06964839748408637,True
By,0,Poly_042,-227.0,-209.0,873,891,3,kn_0_3,kn_0_3,0.00037493542087758784,True
By,0,Poly_042,-227.0,-209.0,873,891,4,kn_0_4,kn_0_4,1.1023239376548686e-06,True
By,0,Poly_043,-209.0,-191.0,891,909,0,kn_0_0,kn_0_0,5152.620032032476,True
By,0,Poly_043,-209.0,-191.0,891,909,1,kn_0_1,kn_0_1,78.35520755412853,True
By,0,Poly_043,-209.0,-191.0,891,909,2,kn_0_2,kn_0_2,0.4005694823670259,True
By,0,Poly_043,-209.0,-191.0,891,909,3,kn_0_3,kn_0_3,0.0007091626738300632,True
By,0,Poly_043,-209.0,-191.0,891,909,4,kn_0_4,kn_0_4,1.0555370528612593e-07,True
By,0,Poly_044,-191.0,-173.0,909,927,0,kn_0_0,kn_0_0,-400.60367241409426,True
By,0,Poly_044,-191.0,-173.0,909,927,1,kn_0_1,kn_0_1,10.795700890169552,True
By,0,Poly_044,-191.0,-173.0,909,927,2,kn_0_2,kn_0_2,0.2520291645060147,True
By,0,Poly_044,-191.0,-173.0,909,927,3,kn_0_3,kn_0_3,0.0015215807863765297,True
By,0,Poly_044,-191.0,-173.0,909,927,4,kn_0_4,kn_0_4,2.9075557613072763e-06,True
By,0,Poly_045,-173.0,-155.0,927,945,0,kn_0_0,kn_0_0,1737.4611189504244,True
By,0,Poly_045,-173.0,-155.0,927,945,1,kn_0_1,kn_0_1,26.8577053968762,True
By,0,Poly_045,-173.0,-155.0,927,945,2,kn_0_2,kn_0_2,0.1016228609946315,True
By,0,Poly_045,-173.0,-155.0,927,945,3,kn_0_3,kn_0_3,-0.00017547920853573906,True
By,0,Poly_045,-173.0,-155.0,927,945,4,kn_0_4,kn_0_4,-1.1613745400207879e-06,True
By,0,Poly_046,-155.0,-137.0,945,963,0,kn_0_0,kn_0_0,-1982.2683011074676,True
By,0,Poly_046,-155.0,-137.0,945,963,1,kn_0_1,kn_0_1,-41.32427660060904,True
By,0,Poly_046,-155.0,-137.0,945,963,2,kn_0_2,kn_0_2,-0.2884524121419316,True
By,0,Poly_046,-155.0,-137.0,945,963,3,kn_0_3,kn_0_3,-0.0006903907587318105,True
By,0,Poly_046,-155.0,-137.0,945,963,4,kn_0_4,kn_0_4,-1.1214768139219046e-07,True
By,0,Poly_047,-137.0,-119.0,963,981,0,kn_0_0,kn_0_0,469.3041644263267,True
By,0,Poly_047,-137.0,-119.0,963,981,1,kn_0_1,kn_0_1,5.121623921857861,True
By,0,Poly_047,-137.0,-119.0,963,981,2,kn_0_2,kn_0_2,-0.054359580172816835,True
By,0,Poly_047,-137.0,-119.0,963,981,3,kn_0_3,kn_0_3,-0.000883110737016082,True
By,0,Poly_047,-137.0,-119.0,963,981,4,kn_0_4,kn_0_4,-2.887600238533535e-06,True
By,0,Poly_048,-119.0,-101.0,981,999,0,kn_0_0,kn_0_0,-610.278210889365,True
By,0,Poly_048,-119.0,-101.0,981,999,1,kn_0_1,kn_0_1,-15.405355544861543,True
By,0,Poly_048,-119.0,-101.0,981,999,2,kn_0_2,kn_0_2,-0.11414476960114585,True
By,0,Poly_048,-119.0,-101.0,981,999,3,kn_0_3,kn_0_3,-0.00010185589934430493,True
By,0,Poly_048,-119.0,-101.0,981,999,4,kn_0_4,kn_0_4,1.1018919295609785e-06,True
By,0,Poly_049,-101.0,-83.0,999,1017,0,kn_0_0,kn_0_0,482.1800535714877,True
By,0,Poly_049,-101.0,-83.0,999,1017,1,kn_0_1,kn_0_1,16.05443534062,True
By,0,Poly_049,-101.0,-83.0,999,1017,2,kn_0_2,kn_0_2,0.17715272731206716,True
By,0,Poly_049,-101.0,-83.0,999,1017,3,kn_0_3,kn_0_3,0.000655772379699876,True
By,0,Poly_049,-101.0,-83.0,999,1017,4,kn_0_4,kn_0_4,8.363737265796909e-08,True
By,0,Poly_050,-83.0,-65.0,1017,1035,0,kn_0_0,kn_0_0,-148.25191222738047,True
By,0,Poly_050,-83.0,-65.0,1017,1035,1,kn_0_1,kn_0_1,-5.0608545002491905,True
By,0,Poly_050,-83.0,-65.0,1017,1035,2,kn_0_2,kn_0_2,-0.03769700143737212,True
By,0,Poly_050,-83.0,-65.0,1017,1035,3,kn_0_3,kn_0_3,0.000263575735554028,True
By,0,Poly_050,-83.0,-65.0,1017,1035,4,kn_0_4,kn_0_4,2.90105157901792e-06,True
By,0,Poly_051,-65.0,-47.0,1035,1053,0,kn_0_0,kn_0_0,85.45798826818555,True
By,0,Poly_051,-65.0,-47.0,1035,1053,1,kn_0_1,kn_0_1,4.637477939686653,True
By,0,Poly_051,-65.0,-47.0,1035,1053,2,kn_0_2,kn_0_2,0.0777205218174716,True
By,0,Poly_051,-65.0,-47.0,1035,1053,3,kn_0_3,kn_0_3,0.0003326284221580723,True
By,0,Poly_051,-65.0,-47.0,1035,1053,4,kn_0_4,kn_0_4,-1.1320695914069441e-06,True
By,0,Poly_052,-47.0,-29.0,1053,1071,0,kn_0_0,kn_0_0,-29.227310555463113,True
By,0,Poly_052,-47.0,-29.0,1053,1071,1,kn_0_1,kn_0_1,-2.6019881573016415,True
By,0,Poly_052,-47.0,-29.0,1053,1071,2,kn_0_2,kn_0_2,-0.07224199240699299,True
By,0,Poly_052,-47.0,-29.0,1053,1071,3,kn_0_3,kn_0_3,-0.0006356188405018802,True
By,0,Poly_052,-47.0,-29.0,1053,1071,4,kn_0_4,kn_0_4,-7.231780929313336e-08,True
By,0,Poly_053,-29.0,-11.0,1071,1089,0,kn_0_0,kn_0_0,1.7236080707255166,True
By,0,Poly_053,-29.0,-11.0,1071,1089,1,kn_0_1,kn_0_1,0.5104963981748841,True
By,0,Poly_053,-29.0,-11.0,1071,1089,2,kn_0_2,kn_0_2,0.029593609689110487,True
By,0,Poly_053,-29.0,-11.0,1071,1089,3,kn_0_3,kn_0_3,0.0003614727019760561,True
By,0,Poly_053,-29.0,-11.0,1071,1089,4,kn_0_4,kn_0_4,-2.920609012786555e-06,True
By,0,Poly_054,-11.0,7.0,1089,1107,0,kn_0_0,kn_0_0,0.33583233124045153,True
By,0,Poly_054,-11.0,7.0,1089,1107,1,kn_0_1,kn_0_1,0.13350210375233995,True
By,0,Poly_054,-11.0,7.0,1089,1107,2,kn_0_2,kn_0_2,-0.004025974204846523,True
By,0,Poly_054,-11.0,7.0,1089,1107,3,kn_0_3,kn_0_3,-0.0005778568681361495,True
By,0,Poly_054,-11.0,7.0,1089,1107,4,kn_0_4,kn_0_4,1.0791515354362084e-06,True
By,0,Poly_055,7.0,25.0,1107,1125,0,kn_0_0,kn_0_0,-0.09501295798806175,True
By,0,Poly_055,7.0,25.0,1107,1125,1,kn_0_1,kn_0_1,0.31481585542748636,True
By,0,Poly_055,7.0,25.0,1107,1125,2,kn_0_2,kn_0_2,-0.029472810901658854,True
By,0,Poly_055,7.0,25.0,1107,1125,3,kn_0_3,kn_0_3,0.0006203016852748677,True
By,0,Poly_055,7.0,25.0,1107,1125,4,kn_0_4,kn_0_4,6.942301661476514e-08,True
By,0,Poly_056,25.0,43.0,1125,1143,0,kn_0_0,kn_0_0,21.293711580819565,True
By,0,Poly_056,25.0,43.0,1125,1143,1,kn_0_1,kn_0_1,-2.3150258722900654,True
By,0,Poly_056,25.0,43.0,1125,1143,2,kn_0_2,kn_0_2,0.08000726623727682,True
By,0,Poly_056,25.0,43.0,1125,1143,3,kn_0_3,kn_0_3,-0.0009910540197718089,True
By,0,Poly_056,25.0,43.0,1125,1143,4,kn_0_4,kn_0_4,2.9102635507605247e-06,True
By,0,Poly_057,43.0,61.0,1143,1161,0,kn_0_0,kn_0_0,-81.76672667820459,True
By,0,Poly_057,43.0,61.0,1143,1161,1,kn_0_1,kn_0_1,5.183379810620552,True
By,0,Poly_057,43.0,61.0,1143,1161,2,kn_0_2,kn_0_2,-0.10896888324995141,True
By,0,Poly_057,43.0,61.0,1143,1161,3,kn_0_3,kn_0_3,0.0008175246831731332,True
By,0,Poly_057,43.0,61.0,1143,1161,4,kn_0_4,kn_0_4,-1.111255291456654e-06,True
By,0,Poly_058,61.0,79.0,1161,1179,0,kn_0_0,kn_0_0,199.43023794133518,True
By,0,Poly_058,61.0,79.0,1161,1179,1,kn_0_1,kn_0_1,-8.840192855225176,True
By,0,Poly_058,61.0,79.0,1161,1179,2,kn_0_2,kn_0_2,0.12786814589097267,True
By,0,Poly_058,61.0,79.0,1161,1179,3,kn_0_3,kn_0_3,-0.0005968316031489018,True
By,0,Poly_058,61.0,79.0,1161,1179,4,kn_0_4,kn_0_4,-9.994895121101163e-08,True
By,0,Poly_059,79.0,97.0,1179,1197,0,kn_0_0,kn_0_0,-559.5646120505876,True
By,0,Poly_059,79.0,97.0,1179,1197,1,kn_0_1,kn_0_1,21.421636590095666,True
By,0,Poly_059,79.0,97.0,1179,1197,2,kn_0_2,kn_0_2,-0.29087068132738136,True
By,0,Poly_059,79.0,97.0,1179,1197,3,kn_0_3,kn_0_3,0.0016152820930598482,True
By,0,Poly_059,79.0,97.0,1179,1197,4,kn_0_4,kn_0_4,-2.898376512471856e-06,True
By,0,Poly_060,97.0,115.0,1197,1215,0,kn_0_0,kn_0_0,814.0598748663651,True
By,0,Poly_060,97.0,115.0,1197,1215,1,kn_0_1,kn_0_1,-24.675112086438016,True
By,0,Poly_060,97.0,115.0,1197,1215,2,kn_0_2,kn_0_2,0.2591072213716716,True
By,0,Poly_060,97.0,115.0,1197,1215,3,kn_0_3,kn_0_3,-0.0010470861371457843,True
By,0,Poly_060,97.0,115.0,1197,1215,4,kn_0_4,kn_0_4,1.087758289389808e-06,True
By,0,Poly_061,115.0,133.0,1215,1233,0,kn_0_0,kn_0_0,-1140.8719620959798,True
By,0,Poly_061,115.0,133.0,1215,1233,1,kn_0_1,kn_0_1,27.743292043979046,True
By,0,Poly_061,115.0,133.0,1215,1233,2,kn_0_2,kn_0_2,-0.22198890389324466,True
By,0,Poly_061,115.0,133.0,1215,1233,3,kn_0_3,kn_0_3,0.0005706710845852634,True
By,0,Poly_061,115.0,133.0,1215,1233,4,kn_0_4,kn_0_4,1.095176684240056e-07,True
By,0,Poly_062,133.0,151.0,1233,1251,0,kn_0_0,kn_0_0,2856.5906614198557,True
By,0,Poly_062,133.0,151.0,1233,1251,1,kn_0_1,kn_0_1,-69.15599278479071,True
By,0,Poly_062,133.0,151.0,1233,1251,2,kn_0_2,kn_0_2,0.6070553989283836,True
By,0,Poly_062,133.0,151.0,1233,1251,3,kn_0_3,kn_0_3,-0.002258922183327367,True
By,0,Poly_062,133.0,151.0,1233,1251,4,kn_0_4,kn_0_4,2.928889257986203e-06,True
By,0,Poly_063,151.0,169.0,1251,1269,0,kn_0_0,kn_0_0,-3105.5287529324773,True
By,0,Poly_063,151.0,169.0,1251,1269,1,kn_0_1,kn_0_1,63.2286762022235,True
By,0,Poly_063,151.0,169.0,1251,1269,2,kn_0_2,kn_0_2,-0.45448146785670057,True
By,0,Poly_063,151.0,169.0,1251,1269,3,kn_0_3,kn_0_3,0.0013096656723789884,True
By,0,Poly_063,151.0,169.0,1251,1269,4,kn_0_4,kn_0_4,-1.1303434375393661e-06,True
By,0,Poly_064,169.0,187.0,1269,1287,0,kn_0_0,kn_0_0,3324.87900330214,True
By,0,Poly_064,169.0,187.0,1269,1287,1,kn_0_1,kn_0_1,-55.51826051427037,True
By,0,Poly_064,169.0,187.0,1269,1287,2,kn_0_2,kn_0_2,0.30313817284236777,True
By,0,Poly_064,169.0,187.0,1269,1287,3,kn_0_3,kn_0_3,-0.0005121914381816658,True
By,0,Poly_064,169.0,187.0,1269,1287,4,kn_0_4,kn_0_4,-1.5795602047295144e-07,True
By,0,Poly_065,187.0,205.0,1287,1305,0,kn_0_0,kn_0_0,-8723.17313111162,True
By,0,Poly_065,187.0,205.0,1287,1305,1,kn_0_1,kn_0_1,155.94359932202593,True
By,0,Poly_065,187.0,205.0,1287,1305,2,kn_0_2,kn_0_2,-1.021335014193003,True
By,0,Poly_065,187.0,205.0,1287,1305,3,kn_0_3,kn_0_3,0.002881672802022605,True
By,0,Poly_065,187.0,205.0,1287,1305,4,kn_0_4,kn_0_4,-2.9162931138614882e-06,True
By,0,Poly_066,205.0,223.0,1305,1323,0,kn_0_0,kn_0_0,8000.056383929909,True
By,0,Poly_066,205.0,223.0,1305,1323,1,kn_0_1,kn_0_1,-123.32361677460239,True
By,0,Poly_066,205.0,223.0,1305,1323,2,kn_0_2,kn_0_2,0.6781744334309199,True
By,0,Poly_066,205.0,223.0,1305,1323,3,kn_0_3,kn_0_3,-0.0015277130804444848,True
By,0,Poly_066,205.0,223.0,1305,1323,4,kn_0_4,kn_0_4,1.099376038093657e-06,True
By,0,Poly_067,223.0,241.0,1323,1341,0,kn_0_0,kn_0_0,-7650.446813101059,True
By,0,Poly_067,223.0,241.0,1323,1341,1,kn_0_1,kn_0_1,98.91401795190492,True
By,0,Poly_067,223.0,241.0,1323,1341,2,kn_0_2,kn_0_2,-0.42387614183143907,True
By,0,Poly_067,223.0,241.0,1323,1341,3,kn_0_3,kn_0_3,0.0005943543484043268,True
By,0,Poly_067,223.0,241.0,1323,1341,4,kn_0_4,kn_0_4,3.2876423998145394e-08,True
By,0,Poly_068,241.0,259.0,1341,1359,0,kn_0_0,kn_0_0,20782.297843296277,True
By,0,Poly_068,241.0,259.0,1341,1359,1,kn_0_1,kn_0_1,-296.22239203993064,True
By,0,Poly_068,241.0,259.0,1341,1359,2,kn_0_2,kn_0_2,1.556917097074077,True
By,0,Poly_068,241.0,259.0,1341,1359,3,kn_0_3,kn_0_3,-0.0035592642675113294,True
By,0,Poly_068,241.0,259.0,1341,1359,4,kn_0_4,kn_0_4,2.964350407969567e-06,True
By,0,Poly_069,259.0,277.0,1359,1377,0,kn_0_0,kn_0_0,-16947.24402722381,True
By,0,Poly_069,259.0,277.0,1359,1377,1,kn_0_1,kn_0_1,211.53253330396865,True
By,0,Poly_069,259.0,277.0,1359,1377,2,kn_0_2,kn_0_2,-0.9500422141912913,True
By,0,Poly_069,259.0,277.0,1359,1377,3,kn_0_3,kn_0_3,0.001778106917946286,True
By,0,Poly_069,259.0,277.0,1359,1377,4,kn_0_4,kn_0_4,-1.1115583623740716e-06,True
By,0,Poly_070,277.0,295.0,1377,1395,0,kn_0_0,kn_0_0,14373.507057886894,True
By,0,Poly_070,277.0,295.0,1377,1395,1,kn_0_1,kn_0_1,-150.59070308409127,True
By,0,Poly_070,277.0,295.0,1377,1395,2,kn_0_2,kn_0_2,0.523289699852201,True
By,0,Poly_070,277.0,295.0,1377,1395,3,kn_0_3,kn_0_3,-0.000595721896658678,True
By,0,Poly_070,277.0,295.0,1377,1395,4,kn_0_4,kn_0_4,-2.561799747875955e-08,True
By,0,Poly_071,295.0,313.0,1395,1413,0,kn_0_0,kn_0_0,-41469.29538761965,True
By,0,Poly_071,295.0,313.0,1395,1413,1,kn_0_1,kn_0_1,491.6615429322672,True
By,0,Poly_071,295.0,313.0,1395,1413,2,kn_0_2,kn_0_2,-2.157242892759114,True
By,0,Poly_071,295.0,313.0,1395,1413,3,kn_0_3,kn_0_3,0.004137958394609487,True
By,0,Poly_071,295.0,313.0,1395,1413,4,kn_0_4,kn_0_4,-2.913781758530703e-06,True
By,0,Poly_072,313.0,331.0,1413,1431,0,kn_0_0,kn_0_0,31629.688933212612,True
By,0,Poly_072,313.0,331.0,1413,1431,1,kn_0_1,kn_0_1,-332.79695273668443,True
By,0,Poly_072,313.0,331.0,1413,1431,2,kn_0_2,kn_0_2,1.2683776383893512,True
By,0,Poly_072,313.0,331.0,1413,1431,3,kn_0_3,kn_0_3,-0.00203986842427202,True
By,0,Poly_072,313.0,331.0,1413,1431,4,kn_0_4,kn_0_4,1.1277817621088456e-06,True
By,0,Poly_073,331.0,349.0,1431,1449,0,kn_0_0,kn_0_0,-24048.991167880908,True
By,0,Poly_073,331.0,349.0,1431,1449,1,kn_0_1,kn_0_1,211.4198824740805,True
By,0,Poly_073,331.0,349.0,1431,1449,2,kn_0_2,kn_0_2,-0.6155126515293015,True
By,0,Poly_073,331.0,349.0,1431,1449,3,kn_0_3,kn_0_3,0.0005827714873751941,True
By,0,Poly_073,331.0,349.0,1431,1449,4,kn_0_4,kn_0_4,3.0994102755827555e-08,True
By,0,Poly_074,349.0,367.0,1449,1467,0,kn_0_0,kn_0_0,73347.12023603433,True
By,0,Poly_074,349.0,367.0,1449,1467,1,kn_0_1,kn_0_1,-744.2921474630945,True
By,0,Poly_074,349.0,367.0,1449,1467,2,kn_0_2,kn_0_2,2.8012291460746885,True
By,0,Poly_074,349.0,367.0,1449,1467,3,kn_0_3,kn_0_3,-0.004622752683085134,True
By,0,Poly_074,349.0,367.0,1449,1467,4,kn_0_4,kn_0_4,2.812440244633608e-06,True
By,0,Poly_075,367.0,385.0,1467,1485,0,kn_0_0,kn_0_0,-52311.793290868896,True
By,0,Poly_075,367.0,385.0,1467,1485,1,kn_0_1,kn_0_1,474.45065460544527,True
By,0,Poly_075,367.0,385.0,1467,1485,2,kn_0_2,kn_0_2,-1.5637300440186173,True
By,0,Poly_075,367.0,385.0,1467,1485,3,kn_0_3,kn_0_3,0.002187241648832476,True
By,0,Poly_075,367.0,385.0,1467,1485,4,kn_0_4,kn_0_4,-1.0644745915410558e-06,True
By,0,Poly_076,385.0,403.0,1485,1503,0,kn_0_0,kn_0_0,36735.87503078805,True
By,0,Poly_076,385.0,403.0,1485,1503,1,kn_0_1,kn_0_1,-276.655000989738,True
By,0,Poly_076,385.0,403.0,1485,1503,2,kn_0_2,kn_0_2,0.6850819367382723,True
By,0,Poly_076,385.0,403.0,1485,1503,3,kn_0_3,kn_0_3,-0.0005345593041356572,True
By,0,Poly_076,385.0,403.0,1485,1503,4,kn_0_4,kn_0_4,-5.759282367471574e-08,True
By,0,Poly_077,403.0,421.0,1503,1521,0,kn_0_0,kn_0_0,-124464.1698148007,True
By,0,Poly_077,403.0,421.0,1503,1521,1,kn_0_1,kn_0_1,1108.5779929898017,True
By,0,Poly_077,403.0,421.0,1503,1521,2,kn_0_2,kn_0_2,-3.6707376040504647,True
By,0,Poly_077,403.0,421.0,1503,1521,3,kn_0_3,kn_0_3,0.005346225670543515,True
By,0,Poly_077,403.0,421.0,1503,1521,4,kn_0_4,kn_0_4,-2.883073007675627e-06,True
By,0,Poly_078,421.0,439.0,1521,1539,0,kn_0_0,kn_0_0,87681.43886003672,True
By,0,Poly_078,421.0,439.0,1521,1539,1,kn_0_1,kn_0_1,-708.0753343541076,True
By,0,Poly_078,421.0,439.0,1521,1539,2,kn_0_2,kn_0_2,2.09326181987221,True
By,0,Poly_078,421.0,439.0,1521,1539,3,kn_0_3,kn_0_3,-0.002659613672694281,True
By,0,Poly_078,421.0,439.0,1521,1539,4,kn_0_4,kn_0_4,1.205241433751728e-06,True
By,0,Poly_079,439.0,457.0,1539,1557,0,kn_0_0,kn_0_0,-49981.13255774351,True
By,0,Poly_079,439.0,457.0,1539,1557,1,kn_0_1,kn_0_1,321.6896807722598,True
By,0,Poly_079,439.0,457.0,1539,1557,2,kn_0_2,kn_0_2,-0.6585884693017887,True
By,0,Poly_079,439.0,457.0,1539,1557,3,kn_0_3,kn_0_3,0.00035593014780175474,True
By,0,Poly_079,439.0,457.0,1539,1557,4,kn_0_4,kn_0_4,1.49988208210443e-07,True
By,0,Poly_080,457.0,475.0,1557,1575,0,kn_0_0,kn_0_0,199322.2142443591,True
By,0,Poly_080,457.0,475.0,1557,1575,1,kn_0_1,kn_0_1,-1583.048202827611,True
By,0,Poly_080,457.0,475.0,1557,1575,2,kn_0_2,kn_0_2,4.682204645734105,True
By,0,Poly_080,457.0,475.0,1557,1575,3,kn_0_3,kn_0_3,-0.006104995165345798,True
By,0,Poly_080,457.0,475.0,1557,1575,4,kn_0_4,kn_0_4,2.9561540623685455e-06,True
By,0,Poly_081,475.0,493.0,1575,1593,0,kn_0_0,kn_0_0,-127931.43921931503,True
By,0,Poly_081,475.0,493.0,1575,1593,1,kn_0_1,kn_0_1,920.8043333147385,True
By,0,Poly_081,475.0,493.0,1575,1593,2,kn_0_2,kn_0_2,-2.4293370932471636,True
By,0,Poly_081,475.0,493.0,1575,1593,3,kn_0_3,kn_0_3,0.0027602797812969967,True
By,0,Poly_081,475.0,493.0,1575,1593,4,kn_0_4,kn_0_4,-1.122740797304324e-06,True
By,0,Poly_082,493.0,511.0,1593,1611,0,kn_0_0,kn_0_0,79281.81276694676,True
By,0,Poly_082,493.0,511.0,1593,1611,1,kn_0_1,kn_0_1,-475.1391005823191,True
By,0,Poly_082,493.0,511.0,1593,1611,2,kn_0_2,kn_0_2,0.9505290961720877,True
By,0,Poly_082,493.0,511.0,1593,1611,3,kn_0_3,kn_0_3,-0.0006380526991159894,True
By,0,Poly_082,493.0,511.0,1593,1611,4,kn_0_4,kn_0_4,6.5889664687698534e-09,True
By,0,Poly_083,511.0,529.0,1611,1629,0,kn_0_0,kn_0_0,-289074.1331657233,True
By,0,Poly_083,511.0,529.0,1611,1629,1,kn_0_1,kn_0_1,2063.993493279249,True
By,0,Poly_083,511.0,529.0,1611,1629,2,kn_0_2,kn_0_2,-5.491560150790377,True
By,0,Poly_083,511.0,529.0,1611,1629,3,kn_0_3,kn_0_3,0.006446136251709797,True
By,0,Poly_083,511.0,529.0,1611,1629,4,kn_0_4,kn_0_4,-2.812824859326614e-06,True
By,0,Poly_084,529.0,547.0,1629,1647,0,kn_0_0,kn_0_0,184614.7846564421,True
By,0,Poly_084,529.0,547.0,1629,1647,1,kn_0_1,kn_0_1,-1203.9517064933714,True
By,0,Poly_084,529.0,547.0,1629,1647,2,kn_0_2,kn_0_2,2.88520206935733,True
By,0,Poly_084,529.0,547.0,1629,1647,3,kn_0_3,kn_0_3,-0.0029897497280002875,True
By,0,Poly_084,529.0,547.0,1629,1647,4,kn_0_4,kn_0_4,1.1169219675579656e-06,True
By,0,Poly_085,547.0,565.0,1647,1665,0,kn_0_0,kn_0_0,-85193.36379024903,True
By,0,Poly_085,547.0,565.0,1647,1665,1,kn_0_1,kn_0_1,420.35272246675083,True
By,0,Poly_085,547.0,565.0,1647,1665,2,kn_0_2,kn_0_2,-0.6133710198508077,True
By,0,Poly_085,547.0,565.0,1647,1665,3,kn_0_3,kn_0_3,0.00011018695151751495,True
By,0,Poly_085,547.0,565.0,1647,1665,4,kn_0_4,kn_0_4,2.3181447005600965e-07,True
By,0,Poly_086,565.0,583.0,1665,1683,0,kn_0_0,kn_0_0,422632.79357833596,True
By,0,Poly_086,565.0,583.0,1665,1683,1,kn_0_1,kn_0_1,-2750.483553378967,True
By,0,Poly_086,565.0,583.0,1665,1683,2,kn_0_2,kn_0_2,6.677244214997776,True
By,0,Poly_086,565.0,583.0,1665,1683,3,kn_0_3,kn_0_3,-0.007160909871962416,True
By,0,Poly_086,565.0,583.0,1665,1683,4,kn_0_4,kn_0_4,2.8595679047483703e-06,True
By,0,Poly_087,583.0,601.0,1683,1701,0,kn_0_0,kn_0_0,-242209.64922784021,True
By,0,Poly_087,583.0,601.0,1683,1701,1,kn_0_1,kn_0_1,1432.3533415698348,True
By,0,Poly_087,583.0,601.0,1683,1701,2,kn_0_2,kn_0_2,-3.110634005881556,True
By,0,Poly_087,583.0,601.0,1683,1701,3,kn_0_3,kn_0_3,0.002917915982448015,True
By,0,Poly_087,583.0,601.0,1683,1701,4,kn_0_4,kn_0_4,-9.849138448263521e-07,True
By,0,Poly_088,601.0,619.0,1701,1719,0,kn_0_0,kn_0_0,125247.55737254249,True
By,0,Poly_088,601.0,619.0,1701,1719,1,kn_0_1,kn_0_1,-589.8064653482419,True
By,0,Poly_088,601.0,619.0,1701,1719,2,kn_0_2,kn_0_2,0.8799650270266723,True
By,0,Poly_088,601.0,619.0,1701,1719,3,kn_0_3,kn_0_3,-0.0003375001284449631,True
By,0,Poly_088,601.0,619.0,1701,1719,4,kn_0_4,kn_0_4,-1.1768462349614208e-07,True
By,0,Poly_089,619.0,637.0,1719,1737,0,kn_0_0,kn_0_0,-592270.2547048246,True
By,0,Poly_089,619.0,637.0,1719,1737,1,kn_0_1,kn_0_1,3539.2544861976085,True
By,0,Poly_089,619.0,637.0,1719,1737,2,kn_0_2,kn_0_2,-7.895116504739828,True
By,0,Poly_089,619.0,637.0,1719,1737,3,kn_0_3,kn_0_3,0.007787006707561754,True
By,0,Poly_089,619.0,637.0,1719,1737,4,kn_0_4,kn_0_4,-2.862993749392737e-06,True
By,0,Poly_090,637.0,655.0,1737,1755,0,kn_0_0,kn_0_0,364280.97937165346,True
By,0,Poly_090,637.0,655.0,1737,1755,1,kn_0_1,kn_0_1,-2012.1617818088853,True
By,0,Poly_090,637.0,655.0,1737,1755,2,kn_0_2,kn_0_2,4.105715319336793,True
By,0,Poly_090,637.0,655.0,1737,1755,3,kn_0_3,kn_0_3,-0.003651551508907145,True
By,0,Poly_090,637.0,655.0,1737,1755,4,kn_0_4,kn_0_4,1.1863302907837799e-06,True
By,0,Poly_091,655.0,673.0,1755,1773,0,kn_0_0,kn_0_0,-179435.10960253465,True
By,0,Poly_091,655.0,673.0,1755,1773,1,kn_0_1,kn_0_1,805.8704272407208,True
By,0,Poly_091,655.0,673.0,1755,1773,2,kn_0_2,kn_0_2,-1.1980175590451294,True
By,0,Poly_091,655.0,673.0,1755,1773,3,kn_0_3,kn_0_3,0.0005770997671366856,True
By,0,Poly_091,655.0,673.0,1755,1773,4,kn_0_4,kn_0_4,1.8465152879957382e-08,True
By,0,Poly_092,673.0,691.0,1773,1791,0,kn_0_0,kn_0_0,793606.718921407,True
By,0,Poly_092,673.0,691.0,1773,1791,1,kn_0_1,kn_0_1,-4379.325821647545,True
By,0,Poly_092,673.0,691.0,1773,1791,2,kn_0_2,kn_0_2,9.02501283712742,True
By,0,Poly_092,673.0,691.0,1773,1791,3,kn_0_3,kn_0_3,-0.008227635845921545,True
By,0,Poly_092,673.0,691.0,1773,1791,4,kn_0_4,kn_0_4,2.7977648172476825e-06,True
By,0,Poly_093,691.0,709.0,1791,1809,0,kn_0_0,kn_0_0,-436963.705836353,True
By,0,Poly_093,691.0,709.0,1791,1809,1,kn_0_1,kn_0_1,2210.2917929587097,True
By,0,Poly_093,691.0,709.0,1791,1809,2,kn_0_2,kn_0_2,-4.120968103262342,True
By,0,Poly_093,691.0,709.0,1791,1809,3,kn_0_3,kn_0_3,0.0033378730515215664,True
By,0,Poly_093,691.0,709.0,1791,1809,4,kn_0_4,kn_0_4,-9.82326916439866e-07,True
By,0,Poly_094,709.0,727.0,1809,1827,0,kn_0_0,kn_0_0,239571.61814527187,True
By,0,Poly_094,709.0,727.0,1809,1827,1,kn_0_1,kn_0_1,-1013.3416859582949,True
By,0,Poly_094,709.0,727.0,1809,1827,2,kn_0_2,kn_0_2,1.4446841383697269,True
By,0,Poly_094,709.0,727.0,1809,1827,3,kn_0_3,kn_0_3,-0.0007164607201484811,True
By,0,Poly_094,709.0,727.0,1809,1827,4,kn_0_4,kn_0_4,3.173352552643322e-08,True
By,0,Poly_095,727.0,745.0,1827,1845,0,kn_0_0,kn_0_0,-1051965.481758222,True
By,0,Poly_095,727.0,745.0,1827,1845,1,kn_0_1,kn_0_1,5396.673679200167,True
By,0,Poly_095,727.0,745.0,1827,1845,2,kn_0_2,kn_0_2,-10.34392325802975,True
By,0,Poly_095,727.0,745.0,1827,1845,3,kn_0_3,kn_0_3,0.008775371557093846,True
By,0,Poly_095,727.0,745.0,1827,1845,4,kn_0_4,kn_0_4,-2.7786845989581357e-06,True
By,0,Poly_096,745.0,763.0,1845,1863,0,kn_0_0,kn_0_0,681690.1401399684,True
By,0,Poly_096,745.0,763.0,1845,1863,1,kn_0_1,kn_0_1,-3284.471666054914,True
By,0,Poly_096,745.0,763.0,1845,1863,2,kn_0_2,kn_0_2,5.872650634413339,True
By,0,Poly_096,745.0,763.0,1845,1863,3,kn_0_3,kn_0_3,-0.004606867313060457,True
By,0,Poly_096,745.0,763.0,1845,1863,4,kn_0_4,kn_0_4,1.3331572662085389e-06,True
By,0,Poly_097,763.0,781.0,1863,1881,0,kn_0_0,kn_0_0,-181774.08981614243,True
By,0,Poly_097,763.0,781.0,1863,1881,1,kn_0_1,kn_0_1,570.1263972804633,True
By,0,Poly_097,763.0,781.0,1863,1881,2,kn_0_2,kn_0_2,-0.38455481722159207,True
By,0,Poly_097,763.0,781.0,1863,1881,3,kn_0_3,kn_0_3,-0.0002930302453679979,True
By,0,Poly_097,763.0,781.0,1863,1881,4,kn_0_4,kn_0_4,2.9743524246255966e-07,True
By,0,Poly_098,781.0,799.0,1881,1899,0,kn_0_0,kn_0_0,1364877.8979972159,True
By,0,Poly_098,781.0,799.0,1881,1899,1,kn_0_1,kn_0_1,-6540.923615917643,True
By,0,Poly_098,781.0,799.0,1881,1899,2,kn_0_2,kn_0_2,11.715792976086119,True
By,0,Poly_098,781.0,799.0,1881,1899,3,kn_0_3,kn_0_3,-0.009291943964911717,True
By,0,Poly_098,781.0,799.0,1881,1899,4,kn_0_4,kn_0_4,2.752025419895097e-06,True
By,0,Poly_099,799.0,817.0,1899,1917,0,kn_0_0,kn_0_0,-745433.7842319554,True
By,0,Poly_099,799.0,817.0,1899,1917,1,kn_0_1,kn_0_1,3309.1623422022494,True
By,0,Poly_099,799.0,817.0,1899,1917,2,kn_0_2,kn_0_2,-5.434698098637536,True
By,0,Poly_099,799.0,817.0,1899,1917,3,kn_0_3,kn_0_3,0.0038988114840828926,True
By,0,Poly_099,799.0,817.0,1899,1917,4,kn_0_4,kn_0_4,-1.025097591868088e-06,True
By,0,Poly_100,817.0,835.0,1917,1935,0,kn_0_0,kn_0_0,227793.38066430084,True
By,0,Poly_100,817.0,835.0,1917,1935,1,kn_0_1,kn_0_1,-677.9156193651515,True
By,0,Poly_100,817.0,835.0,1917,1935,2,kn_0_2,kn_0_2,0.4579880462297576,True
By,0,Poly_100,817.0,835.0,1917,1935,3,kn_0_3,kn_0_3,0.00025485939951042173,True
By,0,Poly_100,817.0,835.0,1917,1935,4,kn_0_4,kn_0_4,-2.662463751355574e-07,True
By,0,Poly_101,835.0,853.0,1935,1953,0,kn_0_0,kn_0_0,-1902944.6482377744,True
By,0,Poly_101,835.0,853.0,1935,1953,1,kn_0_1,kn_0_1,8596.830431219341,True
By,0,Poly_101,835.0,853.0,1935,1953,2,kn_0_2,kn_0_2,-14.527541141862216,True
By,0,Poly_101,835.0,853.0,1935,1953,3,kn_0_3,kn_0_3,0.010880875248500226,True
By,0,Poly_101,835.0,853.0,1935,1953,4,kn_0_4,kn_0_4,-3.0467661702226334e-06,True
By,0,Poly_102,853.0,871.0,1953,1971,0,kn_0_0,kn_0_0,1002206.8575849027,True
By,0,Poly_102,853.0,871.0,1953,1971,1,kn_0_1,kn_0_1,-4216.804014852276,True
By,0,Poly_102,853.0,871.0,1953,1971,2,kn_0_2,kn_0_2,6.581906574338692,True
By,0,Poly_102,853.0,871.0,1953,1971,3,kn_0_3,kn_0_3,-0.004505182780257339,True
By,0,Poly_102,853.0,871.0,1953,1971,4,kn_0_4,kn_0_4,1.1367559943906805e-06,True
By,0,Poly_103,871.0,889.0,1971,1989,0,kn_0_0,kn_0_0,-362352.26175961416,True
By,0,Poly_103,871.0,889.0,1971,1989,1,kn_0_1,kn_0_1,1164.2715036919474,True
By,0,Poly_103,871.0,889.0,1971,1989,2,kn_0_2,kn_0_2,-1.1607088694767078,True
By,0,Poly_103,871.0,889.0,1971,1989,3,kn_0_3,kn_0_3,0.0002546996870084206,True
By,0,Poly_103,871.0,889.0,1971,1989,4,kn_0_4,kn_0_4,1.0517927328403477e-07,True
By,0,Poly_104,889.0,907.0,1989,2007,0,kn_0_0,kn_0_0,2230381.178121072,True
By,0,Poly_104,889.0,907.0,1989,2007,1,kn_0_1,kn_0_1,-9456.825656309562,True
By,0,Poly_104,889.0,907.0,1989,2007,2,kn_0_2,kn_0_2,14.996572499222912,True
By,0,Poly_104,889.0,907.0,1989,2007,3,kn_0_3,kn_0_3,-0.010538633081950828,True
By,0,Poly_104,889.0,907.0,1989,2007,4,kn_0_4,kn_0_4,2.768178619396582e-06,True
By,0,Poly_105,907.0,925.0,2007,2025,0,kn_0_0,kn_0_0,-1169709.1871453845,True
By,0,Poly_105,907.0,925.0,2007,2025,1,kn_0_1,kn_0_1,4617.986555498336,True
By,0,Poly_105,907.0,925.0,2007,2025,2,kn_0_2,kn_0_2,-6.758957158624078,True
By,0,Poly_105,907.0,925.0,2007,2025,3,kn_0_3,kn_0_3,0.004334028787757474,True
By,0,Poly_105,907.0,925.0,2007,2025,4,kn_0_4,kn_0_4,-1.023061288922914e-06,True
By,0,Poly_106,925.0,943.0,2025,2043,0,kn_0_0,kn_0_0,252392.08013060282,True
By,0,Poly_106,925.0,943.0,2025,2043,1,kn_0_1,kn_0_1,-537.0883703284871,True
By,0,Poly_106,925.0,943.0,2025,2043,2,kn_0_2,kn_0_2,-0.011701977493922489,True
By,0,Poly_106,925.0,943.0,2025,2043,3,kn_0_3,kn_0_3,0.00063284538571562,True
By,0,Poly_106,925.0,943.0,2025,2043,4,kn_0_4,kn_0_4,-3.366249870636083e-07,True
By,0,Poly_107,943.0,961.0,2043,2061,0,kn_0_0,kn_0_0,-2988038.6761165503,True
By,0,Poly_107,943.0,961.0,2043,2061,1,kn_0_1,kn_0_1,12020.379256294069,True
By,0,Poly_107,943.0,961.0,2043,2061,2,kn_0_2,kn_0_2,-18.096377823035773,True
By,0,Poly_107,943.0,961.0,2043,2061,3,kn_0_3,kn_0_3,0.012081264682894326,True
By,0,Poly_107,943.0,961.0,2043,2061,4,kn_0_4,kn_0_4,-3.0171833544392654e-06,True
By,0,Poly_108,961.0,972.0,2061,2072,0,kn_0_0,kn_0_0,-10411887.56072371,True
By,0,Poly_108,961.0,972.0,2061,2072,1,kn_0_1,kn_0_1,43648.96376120187,True
By,0,Poly_108,961.0,972.0,2061,2072,2,kn_0_2,kn_0_2,-68.60260732271365,True
By,0,Poly_108,961.0,972.0,2061,2072,3,kn_0_3,kn_0_3,0.04790907460810678,True
By,0,Poly_108,961.0,972.0,2061,2072,4,kn_0_4,kn_0_4,-1.2543570764969017e-05,True
By,0,Poly_109,972.0,982.0,2072,2082,0,kn_0_0,kn_0_0,41259466.66358509,True
By,0,Poly_109,972.0,982.0,2072,2082,1,kn_0_1,kn_0_1,-169101.6918631794,True
By,0,Poly_109,972.0,982.0,2072,2082,2,kn_0_2,kn_0_2,259.8870816065708,True
By,0,Poly_109,972.0,982.0,2072,2082,3,kn_0_3,kn_0_3,-0.17750891110118555,True
By,0,Poly_109,972.0,982.0,2072,2082,4,kn_0_4,kn_0_4,4.546406479331716e-05,True
By,0,Poly_110,982.0,993.0,2082,2093,0,kn_0_0,kn_0_0,-6978662.938632556,True
By,0,Poly_110,982.0,993.0,2082,2093,1,kn_0_1,kn_0_1,28282.989742502756,True
By,0,Poly_110,982.0,993.0,2082,2093,2,kn_0_2,kn_0_2,-42.98215395163962,True
By,0,Poly_110,982.0,993.0,2082,2093,3,kn_0_3,kn_0_3,0.029030031449257736,True
By,0,Poly_110,982.0,993.0,2082,2093,4,kn_0_4,kn_0_4,-7.352204301786142e-06,True
By,0,Poly_111,993.0,1004.0,2093,2104,0,kn_0_0,kn_0_0,1253713.358025668,True
By,0,Poly_111,993.0,1004.0,2093,2104,1,kn_0_1,kn_0_1,-5003.594281820081,True
By,0,Poly_111,993.0,1004.0,2093,2104,2,kn_0_2,kn_0_2,7.488802964637106,True
By,0,Poly_111,993.0,1004.0,2093,2104,3,kn_0_3,kn_0_3,-0.004981670000182355,True
By,0,Poly_111,993.0,1004.0,2093,2104,4,kn_0_4,kn_0_4,1.2427480355686673e-06,True
By,0,Poly_112,1004.0,1014.0,2104,2114,0,kn_0_0,kn_0_0,530944.6552904799,True
By,0,Poly_112,1004.0,1014.0,2104,2114,1,kn_0_1,kn_0_1,-2093.9889523088455,True
By,0,Poly_112,1004.0,1014.0,2104,2114,2,kn_0_2,kn_0_2,3.0969555788425813,True
By,0,Poly_112,1004.0,1014.0,2104,2114,3,kn_0_3,kn_0_3,-0.0020357140897949546,True
By,0,Poly_112,1004.0,1014.0,2104,2114,4,kn_0_4,kn_0_4,5.018028891254912e-07,True
By,0,Poly_113,1014.0,1025.0,2114,2125,0,kn_0_0,kn_0_0,991114.9714138171,True
By,0,Poly_113,1014.0,1025.0,2114,2125,1,kn_0_1,kn_0_1,-3885.193885543733,True
By,0,Poly_113,1014.0,1025.0,2114,2125,2,kn_0_2,kn_0_2,5.711278460331548,True
By,0,Poly_113,1014.0,1025.0,2114,2125,3,kn_0_3,kn_0_3,-0.003731401916814999,True
By,0,Poly_113,1014.0,1025.0,2114,2125,4,kn_0_4,kn_0_4,9.142025723800404e-07,True
By,0,Poly_114,1025.0,1036.0,2125,2136,0,kn_0_0,kn_0_0,-234990.62395918707,True
By,0,Poly_114,1025.0,1036.0,2125,2136,1,kn_0_1,kn_0_1,911.9916894028004,True
By,0,Poly_114,1025.0,1036.0,2125,2136,2,kn_0_2,kn_0_2,-1.3272535934482557,True
By,0,Poly_114,1025.0,1036.0,2125,2136,3,kn_0_3,kn_0_3,0.0008584719602569527,True
By,0,Poly_114,1025.0,1036.0,2125,2136,4,kn_0_4,kn_0_4,-2.0821956874431254e-07,True
By,0,Poly_115,1036.0,1047.0,2136,2147,0,kn_0_0,kn_0_0,-17633.39076019906,True
By,0,Poly_115,1036.0,1047.0,2136,2147,1,kn_0_1,kn_0_1,73.75041884485218,True
By,0,Poly_115,1036.0,1047.0,2136,2147,2,kn_0_2,kn_0_2,-0.1148916102030282,True
By,0,Poly_115,1036.0,1047.0,2136,2147,3,kn_0_3,kn_0_3,7.90904472428464e-05,True
By,0,Poly_115,1036.0,1047.0,2136,2147,4,kn_0_4,kn_0_4,-2.031550798781557e-08,True
By,0,Poly_116,1047.0,1057.0,2147,2157,0,kn_0_0,kn_0_0,546286.2888642402,True
By,0,Poly_116,1047.0,1057.0,2147,2157,1,kn_0_1,kn_0_1,-2085.6272967109744,True
By,0,Poly_116,1047.0,1057.0,2147,2157,2,kn_0_2,kn_0_2,2.985905825230053,True
By,0,Poly_116,1047.0,1057.0,2147,2157,3,kn_0_3,kn_0_3,-0.0018998736869559087,True
By,0,Poly_116,1047.0,1057.0,2147,2157,4,kn_0_4,kn_0_4,4.533111043734218e-07,True
By,0,Poly_117,1057.0,1068.0,2157,2168,0,kn_0_0,kn_0_0,143531.34429872571,True
By,0,Poly_117,1057.0,1068.0,2157,2168,1,kn_0_1,kn_0_1,-539.7082791463877,True
By,0,Poly_117,1057.0,1068.0,2157,2168,2,kn_0_2,kn_0_2,0.7610297745585328,True
By,0,Poly_117,1057.0,1068.0,2157,2168,3,kn_0_3,kn_0_3,-0.0004769365518581463,True
By,0,Poly_117,1057.0,1068.0,2157,2168,4,kn_0_4,kn_0_4,1.1208556468099942e-07,True
By,0,Poly_118,1068.0,1079.0,2168,2179,0,kn_0_0,kn_0_0,368191.53026833246,True
By,0,Poly_118,1068.0,1079.0,2168,2179,1,kn_0_1,kn_0_1,-1371.9508389637945,True
By,0,Poly_118,1068.0,1079.0,2168,2179,2,kn_0_2,kn_0_2,1.9170480927337836,True
By,0,Poly_118,1068.0,1079.0,2168,2179,3,kn_0_3,kn_0_3,-0.0011905382979948602,True
By,0,Poly_118,1068.0,1079.0,2168,2179,4,kn_0_4,kn_0_4,2.772575690917259e-07,True
By,0,Poly_119,1079.0,1089.0,2179,2189,0,kn_0_0,kn_0_0,196368.3027314661,True
By,0,Poly_119,1079.0,1089.0,2179,2189,1,kn_0_1,kn_0_1,-723.5543936111937,True
By,0,Poly_119,1079.0,1089.0,2179,2189,2,kn_0_2,kn_0_2,0.9997710190285378,True
By,0,Poly_119,1079.0,1089.0,2179,2189,3,kn_0_3,kn_0_3,-0.0006139678898027526,True
By,0,Poly_119,1079.0,1089.0,2179,2189,4,kn_0_4,kn_0_4,1.4139052247814018e-07,True
By,0,Poly_120,1089.0,1100.0,2189,2200,0,kn_0_0,kn_0_0,1752420.3663086519,True
By,0,Poly_120,1089.0,1100.0,2189,2200,1,kn_0_1,kn_0_1,-6412.63317602345,True
By,0,Poly_120,1089.0,1100.0,2189,2200,2,kn_0_2,kn_0_2,8.799604156164587,True
By,0,Poly_120,1089.0,1100.0,2189,2200,3,kn_0_3,kn_0_3,-0.005366667853418422,True
By,0,Poly_120,1089.0,1100.0,2189,2200,4,kn_0_4,kn_0_4,1.2273683571643206e-06,True
By,1,Poly_0,-1100.0,1100.0,0,2200,0,kn_1_0,kn_1_0,0,False
By,1,Poly_0,-1100.0,1100.0,0,2200,1,kn_1_1,kn_1_1,0,False
By,1,Poly_0,-1100.0,1100.0,0,2200,2,kn_1_2,kn_1_2,0,False
By,1,Poly_0,-1100.0,1100.0,0,2200,3,kn_1_3,kn_1_3,0,False
By,1,Poly_0,-1100.0,1100.0,0,2200,4,kn_1_4,kn_1_4,0,False
By,2,Poly_00,-1100.0,965.0,0,2065,0,kn_2_0,kn_2_0,0.18641005987415857,True
By,2,Poly_00,-1100.0,965.0,0,2065,1,kn_2_1,kn_2_1,-0.0011651305425697481,True
By,2,Poly_00,-1100.0,965.0,0,2065,2,kn_2_2,kn_2_2,-1.2285495705692064e-06,True
By,2,Poly_00,-1100.0,965.0,0,2065,3,kn_2_3,kn_2_3,1.2152630157418082e-09,True
By,2,Poly_00,-1100.0,965.0,0,2065,4,kn_2_4,kn_2_4,1.1174140340395607e-12,True
By,2,Poly_01,965.0,970.0,2065,2070,0,kn_2_0,kn_2_0,11918948.972890202,True
By,2,Poly_01,965.0,970.0,2065,2070,1,kn_2_1,kn_2_1,-49238.4391308156,True
By,2,Poly_01,965.0,970.0,2065,2070,2,kn_2_2,kn_2_2,76.27846884662183,True
By,2,Poly_01,965.0,970.0,2065,2070,3,kn_2_3,kn_2_3,-0.052519101249411344,True
By,2,Poly_01,965.0,970.0,2065,2070,4,kn_2_4,kn_2_4,1.3560136495423693e-05,True
By,2,Poly_02,970.0,975.0,2070,2075,0,kn_2_0,kn_2_0,-3804661.392009192,True
By,2,Poly_02,970.0,975.0,2070,2075,1,kn_2_1,kn_2_1,15715.651044515636,True
By,2,Poly_02,970.0,975.0,2070,2075,2,kn_2_2,kn_2_2,-24.343113505879664,True
By,2,Poly_02,970.0,975.0,2070,2075,3,kn_2_3,kn_2_3,0.016758431403021246,True
By,2,Poly_02,970.0,975.0,2070,2075,4,kn_2_4,kn_2_4,-4.3263115241833465e-06,True
By,2,Poly_03,975.0,980.0,2075,2080,0,kn_2_0,kn_2_0,15180332.30094765,True
By,2,Poly_03,975.0,980.0,2075,2080,1,kn_2_1,kn_2_1,-62172.483521021844,True
By,2,Poly_03,975.0,980.0,2075,2080,2,kn_2_2,kn_2_2,95.48665954164204,True
By,2,Poly_03,975.0,980.0,2075,2080,3,kn_2_3,kn_2_3,-0.06517798739111018,True
By,2,Poly_03,975.0,980.0,2075,2080,4,kn_2_4,kn_2_4,1.6683483578058937e-05,True
By,2,Poly_04,980.0,985.0,2080,2085,0,kn_2_0,kn_2_0,5870827.73496497,True
By,2,Poly_04,980.0,985.0,2080,2085,1,kn_2_1,kn_2_1,-23881.62162668293,True
By,2,Poly_04,980.0,985.0,2080,2085,2,kn_2_2,kn_2_2,36.430398920603594,True
By,2,Poly_04,980.0,985.0,2080,2085,3,kn_2_3,kn_2_3,-0.024699368476831192,True
By,2,Poly_04,980.0,985.0,2080,2085,4,kn_2_4,kn_2_4,6.279764001277146e-06,True
By,2,Poly_05,985.0,990.0,2085,2090,0,kn_2_0,kn_2_0,-3134152.0414888887,True
By,2,Poly_05,985.0,990.0,2085,2090,1,kn_2_1,kn_2_1,12681.315510453793,True
By,2,Poly_05,985.0,990.0,2085,2090,2,kn_2_2,kn_2_2,-19.24146164178751,True
By,2,Poly_05,985.0,990.0,2085,2090,3,kn_2_3,kn_2_3,0.012975602480075793,True
By,2,Poly_05,985.0,990.0,2085,2090,4,kn_2_4,kn_2_4,-3.2813043538391393e-06,True
By,2,Poly_06,990.0,995.0,2090,2095,0,kn_2_0,kn_2_0,-19269793.938438732,True
By,2,Poly_06,990.0,995.0,2090,2095,1,kn_2_1,kn_2_1,77671.65720311354,True
By,2,Poly_06,990.0,995.0,2090,2095,2,kn_2_2,kn_2_2,-117.4028805458299,True
By,2,Poly_06,990.0,995.0,2090,2095,3,kn_2_3,kn_2_3,0.07886999774164535,True
By,2,Poly_06,990.0,995.0,2090,2095,4,kn_2_4,kn_2_4,-1.9868980518387285e-05,True
By,2,Poly_07,995.0,1000.0,2095,2100,0,kn_2_0,kn_2_0,-19808984.154174447,True
By,2,Poly_07,995.0,1000.0,2095,2100,1,kn_2_1,kn_2_1,79392.08190665106,True
By,2,Poly_07,995.0,1000.0,2095,2100,2,kn_2_2,kn_2_2,-119.32264877349533,True
By,2,Poly_07,995.0,1000.0,2095,2100,3,kn_2_3,kn_2_3,0.07970498860916694,True
By,2,Poly_07,995.0,1000.0,2095,2100,4,kn_2_4,kn_2_4,-1.9965437588537646e-05,True
By,2,Poly_08,1000.0,1005.0,2100,2105,0,kn_2_0,kn_2_0,7496764.60169676,True
By,2,Poly_08,1000.0,1005.0,2100,2105,1,kn_2_1,kn_2_1,-29966.636459892048,True
By,2,Poly_08,1000.0,1005.0,2100,2105,2,kn_2_2,kn_2_2,44.91920499516988,True
By,2,Poly_08,1000.0,1005.0,2100,2105,3,kn_2_3,kn_2_3,-0.029925559379843175,True
By,2,Poly_08,1000.0,1005.0,2100,2105,4,kn_2_4,kn_2_4,7.476226242479178e-06,True
By,2,Poly_09,1005.0,1010.0,2105,2110,0,kn_2_0,kn_2_0,15696166.371612258,True
By,2,Poly_09,1005.0,1010.0,2105,2110,1,kn_2_1,kn_2_1,-62323.77973744714,True
By,2,Poly_09,1005.0,1010.0,2105,2110,2,kn_2_2,kn_2_2,92.79940141491703,True
By,2,Poly_09,1005.0,1010.0,2105,2110,3,kn_2_3,kn_2_3,-0.06141210439242459,True
By,2,Poly_09,1005.0,1010.0,2105,2110,4,kn_2_4,kn_2_4,1.5240316388770244e-05,True
By,2,Poly_10,1010.0,1015.0,2110,2115,0,kn_2_0,kn_2_0,5356982.468222017,True
By,2,Poly_10,1010.0,1015.0,2110,2115,1,kn_2_1,kn_2_1,-21163.02433451853,True
By,2,Poly_10,1010.0,1015.0,2110,2115,2,kn_2_2,kn_2_2,31.352087370076433,True
By,2,Poly_10,1010.0,1015.0,2110,2115,3,kn_2_3,kn_2_3,-0.020642991179798703,True
By,2,Poly_10,1010.0,1015.0,2110,2115,4,kn_2_4,kn_2_4,5.096945801040691e-06,True
By,2,Poly_11,1015.0,1020.0,2115,2120,0,kn_2_0,kn_2_0,-5290554.037716343,True
By,2,Poly_11,1015.0,1020.0,2115,2120,1,kn_2_1,kn_2_1,20803.693934634677,True
By,2,Poly_11,1015.0,1020.0,2115,2120,2,kn_2_2,kn_2_2,-30.676750603473142,True
By,2,Poly_11,1015.0,1020.0,2115,2120,3,kn_2_3,kn_2_3,0.02010453664077696,True
By,2,Poly_11,1015.0,1020.0,2115,2120,4,kn_2_4,kn_2_4,-4.940926336517838e-06,True
By,2,Poly_12,1020.0,1025.0,2120,2125,0,kn_2_0,kn_2_0,12853106.47562314,True
By,2,Poly_12,1020.0,1025.0,2120,2125,1,kn_2_1,kn_2_1,-50238.27585119557,True
By,2,Poly_12,1020.0,1025.0,2120,2125,2,kn_2_2,kn_2_2,73.63631970819539,True
By,2,Poly_12,1020.0,1025.0,2120,2125,3,kn_2_3,kn_2_3,-0.0479696296202781,True
By,2,Poly_12,1020.0,1025.0,2120,2125,4,kn_2_4,kn_2_4,1.1718482734909924e-05,True
By,2,Poly_13,1025.0,1030.0,2125,2130,0,kn_2_0,kn_2_0,-15956052.718404887,True
By,2,Poly_13,1025.0,1030.0,2125,2130,1,kn_2_1,kn_2_1,62119.968917603765,True
By,2,Poly_13,1025.0,1030.0,2125,2130,2,kn_2_2,kn_2_2,-90.69172526935921,True
By,2,Poly_13,1025.0,1030.0,2125,2130,3,kn_2_3,kn_2_3,0.05884654623766902,True
By,2,Poly_13,1025.0,1030.0,2125,2130,4,kn_2_4,kn_2_4,-1.4318745189606625e-05,True
By,2,Poly_14,1030.0,1035.0,2130,2135,0,kn_2_0,kn_2_0,-20729903.12196291,True
By,2,Poly_14,1030.0,1035.0,2130,2135,1,kn_2_1,kn_2_1,80339.92907620361,True
By,2,Poly_14,1030.0,1035.0,2130,2135,2,kn_2_2,kn_2_2,-116.76058808100389,True
By,2,Poly_14,1030.0,1035.0,2130,2135,3,kn_2_3,kn_2_3,0.07541851479051413,True
By,2,Poly_14,1030.0,1035.0,2130,2135,4,kn_2_4,kn_2_4,-1.8267971925353584e-05,True
By,2,Poly_15,1035.0,1040.0,2135,2140,0,kn_2_0,kn_2_0,17906884.575748563,True
By,2,Poly_15,1035.0,1040.0,2135,2140,1,kn_2_1,kn_2_1,-69002.30881898213,True
By,2,Poly_15,1035.0,1040.0,2135,2140,2,kn_2_2,kn_2_2,99.70979979147936,True
By,2,Poly_15,1035.0,1040.0,2135,2140,3,kn_2_3,kn_2_3,-0.0640366956361138,True
By,2,Poly_15,1035.0,1040.0,2135,2140,4,kn_2_4,kn_2_4,1.542235220404269e-05,True
By,2,Poly_16,1040.0,1045.0,2140,2145,0,kn_2_0,kn_2_0,-9844216.057386817,True
By,2,Poly_16,1040.0,1045.0,2140,2145,1,kn_2_1,kn_2_1,37707.820708517924,True
By,2,Poly_16,1040.0,1045.0,2140,2145,2,kn_2_2,kn_2_2,-54.164073580128544,True
By,2,Poly_16,1040.0,1045.0,2140,2145,3,kn_2_3,kn_2_3,0.034578568133364115,True
By,2,Poly_16,1040.0,1045.0,2140,2145,4,kn_2_4,kn_2_4,-8.27813061460127e-06,True
By,2,Poly_17,1045.0,1050.0,2145,2150,0,kn_2_0,kn_2_0,23430802.755661536,True
By,2,Poly_17,1045.0,1050.0,2145,2150,1,kn_2_1,kn_2_1,-89476.87557943273,True
By,2,Poly_17,1045.0,1050.0,2145,2150,2,kn_2_2,kn_2_2,128.13435807638018,True
By,2,Poly_17,1045.0,1050.0,2145,2150,3,kn_2_3,kn_2_3,-0.08155258716610246,True
By,2,Poly_17,1045.0,1050.0,2145,2150,4,kn_2_4,kn_2_4,1.9464400567459555e-05,True
By,2,Poly_18,1050.0,1055.0,2150,2155,0,kn_2_0,kn_2_0,-39802186.75158392,True
By,2,Poly_18,1050.0,1055.0,2150,2155,1,kn_2_1,kn_2_1,151302.43286603194,True
By,2,Poly_18,1050.0,1055.0,2150,2155,2,kn_2_2,kn_2_2,-215.68287763828363,True
By,2,Poly_18,1050.0,1055.0,2150,2155,3,kn_2_3,kn_2_3,0.1366477299606743,True
By,2,Poly_18,1050.0,1055.0,2150,2155,4,kn_2_4,kn_2_4,-3.2465339899905824e-05,True
By,2,Poly_19,1055.0,1060.0,2155,2160,0,kn_2_0,kn_2_0,-41177175.09293278,True
By,2,Poly_19,1055.0,1060.0,2155,2160,1,kn_2_1,kn_2_1,155743.0664998487,True
By,2,Poly_19,1055.0,1060.0,2155,2160,2,kn_2_2,kn_2_2,-220.8980636821508,True
By,2,Poly_19,1055.0,1060.0,2155,2160,3,kn_2_3,kn_2_3,0.1392490772606957,True
By,2,Poly_19,1055.0,1060.0,2155,2160,4,kn_2_4,kn_2_4,-3.2917266107541266e-05,True
By,2,Poly_20,1060.0,1065.0,2160,2165,0,kn_2_0,kn_2_0,-24794866.704029836,True
By,2,Poly_20,1060.0,1065.0,2160,2165,1,kn_2_1,kn_2_1,93325.29805317035,True
By,2,Poly_20,1060.0,1065.0,2160,2165,2,kn_2_2,kn_2_2,-131.72492598062894,True
By,2,Poly_20,1060.0,1065.0,2160,2165,3,kn_2_3,kn_2_3,0.08263303885329172,True
By,2,Poly_20,1060.0,1065.0,2160,2165,4,kn_2_4,kn_2_4,-1.943884489106312e-05,True
By,2,Poly_21,1065.0,1070.0,2165,2170,0,kn_2_0,kn_2_0,12647540.953476468,True
By,2,Poly_21,1065.0,1070.0,2165,2170,1,kn_2_1,kn_2_1,-47375.626519785386,True
By,2,Poly_21,1065.0,1070.0,2165,2170,2,kn_2_2,kn_2_2,66.5479556229441,True
By,2,Poly_21,1065.0,1070.0,2165,2170,3,kn_2_3,kn_2_3,-0.04154622457633178,True
By,2,Poly_21,1065.0,1070.0,2165,2170,4,kn_2_4,kn_2_4,9.726560445998734e-06,True
By,2,Poly_22,1070.0,1075.0,2170,2175,0,kn_2_0,kn_2_0,-18753840.01875314,True
By,2,Poly_22,1070.0,1075.0,2170,2175,1,kn_2_1,kn_2_1,69896.28406642664,True
By,2,Poly_22,1070.0,1075.0,2170,2175,2,kn_2_2,kn_2_2,-97.68965389544096,True
By,2,Poly_22,1070.0,1075.0,2170,2175,3,kn_2_3,kn_2_3,0.060681997839105384,True
By,2,Poly_22,1070.0,1075.0,2170,2175,4,kn_2_4,kn_2_4,-1.4135193977477587e-05,True
By,2,Poly_23,1075.0,1080.0,2175,2180,0,kn_2_0,kn_2_0,29457874.25504732,True
By,2,Poly_23,1075.0,1080.0,2175,2180,1,kn_2_1,kn_2_1,-109287.56490305054,True
By,2,Poly_23,1075.0,1080.0,2175,2180,2,kn_2_2,kn_2_2,152.04455408839374,True
By,2,Poly_23,1075.0,1080.0,2175,2180,3,kn_2_3,kn_2_3,-0.09401301450159015,True
By,2,Poly_23,1075.0,1080.0,2175,2180,4,kn_2_4,kn_2_4,2.1798964451329076e-05,True
By,2,Poly_24,1080.0,1085.0,2180,2185,0,kn_2_0,kn_2_0,-14616783.920354374,True
By,2,Poly_24,1080.0,1085.0,2180,2185,1,kn_2_1,kn_2_1,54016.68426899981,True
By,2,Poly_24,1080.0,1085.0,2180,2185,2,kn_2_2,kn_2_2,-74.85740573082764,True
By,2,Poly_24,1080.0,1085.0,2180,2185,3,kn_2_3,kn_2_3,0.04610612154330365,True
By,2,Poly_24,1080.0,1085.0,2180,2185,4,kn_2_4,kn_2_4,-1.0649106353051522e-05,True
By,2,Poly_25,1085.0,1090.0,2185,2190,0,kn_2_0,kn_2_0,25106618.64528113,True
By,2,Poly_25,1085.0,1090.0,2185,2190,1,kn_2_1,kn_2_1,-92321.56812868794,True
By,2,Poly_25,1085.0,1090.0,2185,2190,2,kn_2_2,kn_2_2,127.30599136067593,True
By,2,Poly_25,1085.0,1090.0,2185,2190,3,kn_2_3,kn_2_3,-0.0780209891933558,True
By,2,Poly_25,1085.0,1090.0,2185,2190,4,kn_2_4,kn_2_4,1.793101136641996e-05,True
By,2,Poly_26,1090.0,1095.0,2190,2195,0,kn_2_0,kn_2_0,-2557279.8654358247,True
By,2,Poly_26,1090.0,1095.0,2190,2195,1,kn_2_1,kn_2_1,9358.43249732047,True
By,2,Poly_26,1090.0,1095.0,2190,2195,2,kn_2_2,kn_2_2,-12.842801571181473,True
By,2,Poly_26,1090.0,1095.0,2190,2195,3,kn_2_3,kn_2_3,0.007833114179349699,True
By,2,Poly_26,1090.0,1095.0,2190,2195,4,kn_2_4,kn_2_4,-1.7915995890627135e-06,True
By,2,Poly_27,1095.0,1100.0,2195,2200,0,kn_2_0,kn_2_0,-57965376.512082465,True
By,2,Poly_27,1095.0,1100.0,2195,2200,1,kn_2_1,kn_2_1,211279.48460307362,True
By,2,Poly_27,1095.0,1100.0,2195,2200,2,kn_2_2,kn_2_2,-288.7864175766109,True
By,2,Poly_27,1095.0,1100.0,2195,2200,3,kn_2_3,kn_2_3,0.1754337629447845,True
By,2,Poly_27,1095.0,1100.0,2195,2200,4,kn_2_4,kn_2_4,-3.9965050039621096e-05,True
